Используются параметры запуска из src\SysAssist.Api\Properties\launchSettings.json...
[13:28:35 INF] Applying SysAssist database migrations and seed data.
[13:28:36 INF] Cockroach Cloud detected; creating schema without PostgreSQL migration locks.
[13:28:41 INF] Seeding SysAssist database.
[13:29:01 INF] SysAssist database is ready.
[13:29:01 INF] Now listening on: http://localhost:5089
[13:29:01 INF] Application started. Press Ctrl+C to shut down.
[13:29:01 INF] Hosting environment: Development
[13:29:01 INF] Content root path: C:\Users\8-Bits\Desktop\Sys\SysAssist\src\SysAssist.Api
[13:29:09 INF] HTTP POST /api/auth/login responded 200 in 829.5908 ms
[13:29:09 INF] HTTP GET /api/modules responded 401 in 9.0405 ms
[13:29:32 INF] HTTP POST /api/auth/login responded 200 in 656.8448 ms
[13:29:46 INF] HTTP POST /api/auth/login responded 200 in 618.9746 ms
[13:29:47 INF] HTTP GET /api/modules responded 200 in 661.3071 ms
[13:30:34 INF] HTTP OPTIONS /api/auth/login responded 204 in 1.0323 ms
[13:30:34 INF] HTTP POST /api/auth/login responded 200 in 634.3068 ms
[13:30:34 INF] HTTP OPTIONS /api/diagnostics responded 204 in 0.1218 ms
[13:30:34 INF] HTTP OPTIONS /api/modules responded 204 in 0.0351 ms
[13:30:34 INF] HTTP OPTIONS /api/dashboard responded 204 in 0.0771 ms
[13:30:35 INF] HTTP GET /api/modules responded 200 in 616.1762 ms
[13:30:36 INF] HTTP GET /api/modules responded 200 in 603.7290 ms
[13:30:37 INF] HTTP GET /api/modules responded 200 in 601.9535 ms
[13:30:37 INF] HTTP OPTIONS /api/modules/019e8055-e953-745d-8b2c-5375dd1b1083/settings responded 204 in 0.1111 ms
[13:30:39 INF] HTTP GET /api/modules/019e8055-e953-745d-8b2c-5375dd1b1083/settings responded 200 in 1869.0074 ms
[13:30:41 INF] HTTP GET /api/dashboard responded 200 in 6818.4840 ms
[13:30:41 INF] HTTP GET /api/diagnostics responded 200 in 6867.2322 ms
[13:30:56 INF] HTTP OPTIONS /api/diagnostics responded 204 in 0.1396 ms
[13:30:56 INF] HTTP OPTIONS /api/modules responded 204 in 0.0372 ms
[13:30:56 INF] HTTP OPTIONS /api/modules responded 204 in 0.0333 ms
[13:30:56 INF] HTTP OPTIONS /api/modules/019e8055-e953-745d-8b2c-5375dd1b1083/settings responded 204 in 0.0393 ms
[13:30:57 INF] HTTP GET /api/modules responded 200 in 603.8632 ms
[13:30:57 INF] HTTP GET /api/modules responded 200 in 622.0745 ms
[13:30:58 INF] HTTP GET /api/modules/019e8055-e953-745d-8b2c-5375dd1b1083/settings responded 200 in 1812.6265 ms
[13:30:58 INF] HTTP GET /api/modules responded 200 in 613.9216 ms
[13:30:59 INF] HTTP GET /api/modules responded 200 in 608.5697 ms
[13:30:59 INF] HTTP GET /api/diagnostics responded 200 in 3268.6037 ms
[13:30:59 INF] HTTP GET /api/modules responded 200 in 625.0585 ms
[13:31:00 INF] HTTP GET /api/modules/019e8055-e953-745d-8b2c-5375dd1b1083/settings responded 200 in 1825.3220 ms
[13:31:03 INF] HTTP OPTIONS /api/diagnostics responded 204 in 0.2863 ms
[13:31:03 INF] HTTP OPTIONS /api/modules responded 204 in 0.0625 ms
[13:31:03 INF] HTTP GET /api/diagnostics responded 401 in 2.0917 ms
[13:31:03 INF] HTTP GET /api/modules responded 401 in 0.3975 ms
[13:31:03 INF] HTTP OPTIONS /api/dashboard responded 204 in 0.1111 ms
[13:31:03 INF] HTTP GET /api/modules responded 401 in 0.3047 ms
[13:31:03 INF] HTTP GET /api/dashboard responded 401 in 0.2466 ms
[13:31:05 INF] HTTP OPTIONS /api/auth/login responded 204 in 0.1076 ms
[13:31:06 INF] HTTP POST /api/auth/login responded 200 in 661.9873 ms
[13:31:07 INF] HTTP GET /api/modules responded 200 in 637.1013 ms
[13:31:07 INF] HTTP GET /api/modules responded 200 in 595.7819 ms
[13:31:09 INF] HTTP GET /api/dashboard responded 200 in 3004.8997 ms
[13:31:09 INF] HTTP GET /api/diagnostics responded 200 in 3213.6263 ms
[13:32:02 INF] HTTP OPTIONS /api/modules responded 204 in 0.0660 ms
[13:32:03 INF] HTTP GET /api/modules responded 200 in 602.0875 ms
[13:32:03 INF] HTTP OPTIONS /api/modules/019e8055-e953-745d-8b2c-5375dd1b1083/settings responded 204 in 0.0710 ms
[13:32:05 INF] HTTP GET /api/modules/019e8055-e953-745d-8b2c-5375dd1b1083/settings responded 200 in 1796.5878 ms
[13:32:10 INF] HTTP OPTIONS /api/modules/019e8055-e953-745d-8b2c-5375dd1b1083/disable responded 204 in 0.1979 ms
[13:32:13 INF] HTTP POST /api/modules/019e8055-e953-745d-8b2c-5375dd1b1083/disable responded 200 in 2527.7014 ms
[13:32:13 INF] HTTP OPTIONS /api/modules responded 204 in 0.0546 ms
[13:32:13 INF] HTTP OPTIONS /api/modules responded 204 in 0.0184 ms
[13:32:13 INF] HTTP OPTIONS /api/modules/019e8055-e953-7e85-b490-c2f5620466f6/settings responded 204 in 0.0404 ms
[13:32:13 INF] HTTP GET /api/modules responded 200 in 602.0473 ms
[13:32:14 INF] HTTP OPTIONS /api/modules/019e8055-e953-745d-8b2c-5375dd1b1083/settings responded 204 in 0.0490 ms
[13:32:14 INF] HTTP GET /api/modules responded 200 in 580.7560 ms
[13:32:15 INF] HTTP GET /api/modules/019e8055-e953-7e85-b490-c2f5620466f6/settings responded 200 in 1840.0159 ms
[13:32:15 INF] HTTP OPTIONS /api/modules/019e8055-e953-745d-8b2c-5375dd1b1083/enable responded 204 in 0.0369 ms
[13:32:15 INF] HTTP GET /api/modules/019e8055-e953-745d-8b2c-5375dd1b1083/settings responded 200 in 1817.4886 ms
[13:32:19 INF] HTTP POST /api/modules/019e8055-e953-745d-8b2c-5375dd1b1083/enable responded 200 in 3679.7091 ms
[13:32:19 INF] HTTP OPTIONS /api/modules responded 204 in 0.0428 ms
[13:32:19 INF] HTTP OPTIONS /api/modules responded 204 in 0.0261 ms
[13:32:20 INF] HTTP GET /api/modules responded 200 in 606.0782 ms
[13:32:20 INF] HTTP GET /api/modules responded 200 in 598.5689 ms
[13:32:20 INF] HTTP OPTIONS /api/modules/019e8055-e953-745d-8b2c-5375dd1b1083/settings responded 204 in 0.0424 ms
[13:32:23 INF] HTTP PUT /api/modules/019e8055-e953-745d-8b2c-5375dd1b1083/settings responded 200 in 3061.2014 ms
[13:32:23 INF] HTTP OPTIONS /api/modules/019e8055-e953-745d-8b2c-5375dd1b1083/enable responded 204 in 0.0410 ms
[13:32:27 INF] HTTP POST /api/modules/019e8055-e953-745d-8b2c-5375dd1b1083/enable responded 200 in 3674.1841 ms
[13:32:27 INF] HTTP OPTIONS /api/modules/019e8055-e953-745d-8b2c-5375dd1b1083/test-connection responded 204 in 0.0925 ms
[13:32:30 INF] HTTP POST /api/modules/019e8055-e953-745d-8b2c-5375dd1b1083/test-connection responded 200 in 3161.9131 ms
[13:32:30 INF] HTTP OPTIONS /api/modules/019e8055-e953-745d-8b2c-5375dd1b1083/settings responded 204 in 0.0423 ms
[13:32:30 INF] HTTP OPTIONS /api/modules responded 204 in 0.0129 ms
[13:32:30 INF] HTTP OPTIONS /api/modules responded 204 in 0.0093 ms
[13:32:31 INF] HTTP GET /api/modules responded 200 in 622.4059 ms
[13:32:31 INF] HTTP GET /api/modules responded 200 in 604.6315 ms
[13:32:32 INF] HTTP GET /api/modules/019e8055-e953-745d-8b2c-5375dd1b1083/settings responded 200 in 1938.2395 ms
[13:32:38 INF] HTTP OPTIONS /api/modules/019e8055-e953-7741-896d-aad8c15cf717/settings responded 204 in 0.0501 ms
[13:32:40 INF] HTTP GET /api/modules/019e8055-e953-7741-896d-aad8c15cf717/settings responded 200 in 1820.2158 ms
[13:32:44 INF] HTTP OPTIONS /api/modules/019e8055-e953-7741-896d-aad8c15cf717/test-connection responded 204 in 0.1147 ms
[13:32:46 INF] Start processing HTTP request GET http://34.107.8.65:3000/api/health
[13:32:46 INF] Sending HTTP request GET http://34.107.8.65:3000/api/health
[13:32:48 INF] Received HTTP response headers after 1417.0667ms - 200
[13:32:48 INF] End processing HTTP request after 1424.6419ms - 200
[13:32:49 INF] HTTP POST /api/modules/019e8055-e953-7741-896d-aad8c15cf717/test-connection responded 200 in 4763.1503 ms
[13:32:49 INF] HTTP OPTIONS /api/modules responded 204 in 0.0286 ms
[13:32:49 INF] HTTP OPTIONS /api/modules responded 204 in 0.0115 ms
[13:32:49 INF] HTTP GET /api/modules responded 200 in 603.3500 ms
[13:32:50 INF] HTTP GET /api/modules responded 200 in 648.3342 ms
[13:32:51 INF] HTTP OPTIONS /api/modules/019e8055-e953-7741-896d-aad8c15cf717/settings responded 204 in 0.0291 ms
[13:32:54 INF] HTTP PUT /api/modules/019e8055-e953-7741-896d-aad8c15cf717/settings responded 200 in 3099.0097 ms
[13:32:54 INF] HTTP OPTIONS /api/modules/019e8055-e953-7741-896d-aad8c15cf717/enable responded 204 in 0.0324 ms
[13:32:58 INF] HTTP POST /api/modules/019e8055-e953-7741-896d-aad8c15cf717/enable responded 200 in 3560.9763 ms
[13:32:58 INF] HTTP OPTIONS /api/modules/019e8055-e953-7741-896d-aad8c15cf717/test-connection responded 204 in 0.0347 ms
[13:33:00 INF] Start processing HTTP request GET http://34.107.8.65:3000/api/health
[13:33:00 INF] Sending HTTP request GET http://34.107.8.65:3000/api/health
[13:33:00 INF] Received HTTP response headers after 659.3912ms - 200
[13:33:00 INF] End processing HTTP request after 660.9683ms - 200
[13:33:01 INF] HTTP POST /api/modules/019e8055-e953-7741-896d-aad8c15cf717/test-connection responded 200 in 3605.9475 ms
[13:33:01 INF] HTTP OPTIONS /api/modules/019e8055-e953-7741-896d-aad8c15cf717/settings responded 204 in 0.0289 ms
[13:33:01 INF] HTTP OPTIONS /api/modules responded 204 in 0.0168 ms
[13:33:01 INF] HTTP OPTIONS /api/modules responded 204 in 0.0104 ms
[13:33:02 INF] HTTP GET /api/modules responded 200 in 584.5044 ms
[13:33:03 INF] HTTP GET /api/modules responded 200 in 595.4959 ms
[13:33:03 INF] HTTP GET /api/modules/019e8055-e953-7741-896d-aad8c15cf717/settings responded 200 in 1785.9263 ms
[13:34:22 INF] HTTP OPTIONS /api/diagnostics responded 204 in 0.0322 ms
[13:34:22 INF] HTTP OPTIONS /api/modules responded 204 in 0.0485 ms
[13:34:22 INF] HTTP OPTIONS /api/modules/019e8055-e953-7741-896d-aad8c15cf717/settings responded 204 in 0.0485 ms
[13:34:22 INF] HTTP OPTIONS /api/modules responded 204 in 0.0486 ms
[13:34:28 INF] HTTP GET /api/modules/019e8055-e953-7741-896d-aad8c15cf717/settings responded 200 in 5572.9913 ms
[13:34:28 INF] HTTP GET /api/diagnostics responded 200 in 6014.9970 ms
[13:34:29 INF] HTTP GET /api/modules responded 200 in 6877.3510 ms
[13:34:30 INF] HTTP GET /api/modules responded 200 in 586.6782 ms
[13:34:31 INF] HTTP OPTIONS /api/modules/019e8055-e953-745d-8b2c-5375dd1b1083/settings responded 204 in 0.0316 ms
[13:34:33 INF] HTTP GET /api/modules/019e8055-e953-745d-8b2c-5375dd1b1083/settings responded 200 in 1765.4066 ms
[13:34:42 INF] HTTP OPTIONS /api/diagnostics responded 204 in 0.0477 ms
[13:34:42 INF] HTTP OPTIONS /api/modules responded 204 in 0.0253 ms
[13:34:42 INF] HTTP OPTIONS /api/modules responded 204 in 0.0092 ms
[13:34:42 INF] HTTP OPTIONS /api/modules/019e8055-e953-745d-8b2c-5375dd1b1083/settings responded 204 in 0.0098 ms
[13:34:42 INF] HTTP GET /api/modules responded 200 in 603.2433 ms
[13:34:43 INF] HTTP GET /api/modules responded 200 in 603.2968 ms
[13:34:44 INF] HTTP GET /api/modules/019e8055-e953-745d-8b2c-5375dd1b1083/settings responded 200 in 1832.5044 ms
[13:34:45 INF] HTTP GET /api/diagnostics responded 200 in 3191.1818 ms
[13:35:05 INF] HTTP OPTIONS /api/diagnostics responded 204 in 0.2618 ms
[13:35:05 INF] HTTP OPTIONS /api/modules responded 204 in 0.0364 ms
[13:35:05 INF] HTTP OPTIONS /api/diagnostics responded 204 in 0.0098 ms
[13:35:05 INF] HTTP OPTIONS /api/modules responded 204 in 0.0405 ms
[13:35:05 INF] HTTP OPTIONS /api/modules/019e8055-e953-745d-8b2c-5375dd1b1083/settings responded 204 in 0.0083 ms
[13:35:05 INF] HTTP OPTIONS /api/modules responded 204 in 0.0138 ms
[13:35:05 INF] HTTP OPTIONS /api/modules responded 204 in 0.0115 ms
[13:35:05 INF] HTTP OPTIONS /api/modules/019e8055-e953-745d-8b2c-5375dd1b1083/settings responded 204 in 0.0124 ms
[13:35:06 INF] HTTP GET /api/modules responded 200 in 594.3624 ms
[13:35:06 INF] HTTP GET /api/modules responded 200 in 597.5185 ms
[13:35:07 INF] HTTP GET /api/modules/019e8055-e953-745d-8b2c-5375dd1b1083/settings responded 200 in 1798.2111 ms
[13:35:08 INF] HTTP GET /api/diagnostics responded 200 in 3201.8904 ms
[13:35:09 INF] HTTP GET /api/modules responded 200 in 593.5309 ms
[13:35:09 INF] HTTP GET /api/modules responded 200 in 4238.4984 ms
[13:35:10 INF] HTTP GET /api/modules responded 200 in 634.5986 ms
[13:35:10 INF] HTTP GET /api/modules responded 200 in 617.4044 ms
[13:35:10 INF] HTTP GET /api/modules/019e8055-e953-745d-8b2c-5375dd1b1083/settings responded 200 in 1832.4335 ms
[13:35:11 INF] HTTP OPTIONS /api/modules responded 204 in 0.0365 ms
[13:35:11 INF] HTTP OPTIONS /api/modules responded 204 in 0.0188 ms
[13:35:11 INF] HTTP OPTIONS /api/modules/019e8055-e953-745d-8b2c-5375dd1b1083/settings responded 204 in 0.0209 ms
[13:35:11 INF] HTTP OPTIONS /api/modules responded 204 in 0.0084 ms
[13:35:11 INF] HTTP OPTIONS /api/modules responded 204 in 0.0103 ms
[13:35:11 INF] HTTP GET /api/modules/019e8055-e953-745d-8b2c-5375dd1b1083/settings responded 200 in 5453.1746 ms
[13:35:11 INF] HTTP GET /api/modules responded 200 in 602.9580 ms
[13:35:11 INF] HTTP GET /api/modules responded 200 in 607.9823 ms
[13:35:12 INF] HTTP GET /api/diagnostics responded 200 in 3218.7135 ms
[13:35:12 INF] HTTP GET /api/modules responded 200 in 627.7439 ms
[13:35:12 INF] HTTP GET /api/modules responded 200 in 632.9480 ms
[13:35:12 INF] HTTP GET /api/modules/019e8055-e953-745d-8b2c-5375dd1b1083/settings responded 200 in 1861.9508 ms
[13:35:23 INF] HTTP GET /api/diagnostics responded 200 in 17375.5121 ms
[13:36:12 INF] HTTP OPTIONS /api/diagnostics responded 204 in 0.0859 ms
[13:36:12 INF] HTTP OPTIONS /api/modules responded 204 in 0.0226 ms
[13:36:12 INF] HTTP OPTIONS /api/modules responded 204 in 0.0114 ms
[13:36:12 INF] HTTP OPTIONS /api/modules/019e8055-e953-745d-8b2c-5375dd1b1083/settings responded 204 in 0.0096 ms
[13:36:12 INF] HTTP GET /api/modules responded 200 in 610.7941 ms
[13:36:13 INF] HTTP GET /api/modules responded 200 in 598.7139 ms
[13:36:13 INF] HTTP GET /api/modules/019e8055-e953-745d-8b2c-5375dd1b1083/settings responded 200 in 1862.7126 ms
[13:36:14 INF] HTTP OPTIONS /api/diagnostics responded 204 in 0.0395 ms
[13:36:14 INF] HTTP OPTIONS /api/modules responded 204 in 0.0196 ms
[13:36:14 INF] HTTP OPTIONS /api/modules responded 204 in 0.0097 ms
[13:36:14 INF] HTTP OPTIONS /api/modules/019e8055-e953-745d-8b2c-5375dd1b1083/settings responded 204 in 0.0095 ms
[13:36:15 INF] HTTP GET /api/modules responded 200 in 649.6355 ms
[13:36:15 INF] HTTP GET /api/diagnostics responded 200 in 3660.2840 ms
[13:36:16 INF] HTTP GET /api/modules responded 200 in 1040.8049 ms
[13:36:16 INF] HTTP GET /api/modules/019e8055-e953-745d-8b2c-5375dd1b1083/settings responded 200 in 1890.4210 ms
[13:36:17 INF] HTTP GET /api/diagnostics responded 200 in 3349.5871 ms
[13:36:41 INF] HTTP OPTIONS /api/diagnostics responded 204 in 0.0261 ms
[13:36:41 INF] HTTP OPTIONS /api/modules responded 204 in 0.0442 ms
[13:36:41 INF] HTTP OPTIONS /api/modules responded 204 in 0.0131 ms
[13:36:41 INF] HTTP OPTIONS /api/modules/019e8055-e953-745d-8b2c-5375dd1b1083/settings responded 204 in 0.0100 ms
[13:36:41 INF] HTTP GET /api/modules responded 200 in 643.6828 ms
[13:36:42 INF] HTTP GET /api/modules responded 200 in 613.5103 ms
[13:36:43 INF] HTTP GET /api/modules/019e8055-e953-745d-8b2c-5375dd1b1083/settings responded 200 in 1865.1920 ms
[13:36:44 INF] HTTP GET /api/diagnostics responded 200 in 3185.1474 ms
[13:37:53 INF] HTTP OPTIONS /api/diagnostics responded 204 in 0.0326 ms
[13:37:53 INF] HTTP OPTIONS /api/modules/019e8055-e953-745d-8b2c-5375dd1b1083/settings responded 204 in 0.0118 ms
[13:37:53 INF] HTTP OPTIONS /api/modules responded 204 in 0.0105 ms
[13:37:53 INF] HTTP OPTIONS /api/modules responded 204 in 0.0089 ms
[13:37:53 INF] HTTP OPTIONS /api/diagnostics responded 204 in 0.0160 ms
[13:37:53 INF] HTTP OPTIONS /api/modules responded 204 in 0.0107 ms
[13:37:53 INF] HTTP OPTIONS /api/modules/019e8055-e953-745d-8b2c-5375dd1b1083/settings responded 204 in 0.0105 ms
[13:37:54 INF] HTTP GET /api/modules responded 200 in 607.0452 ms
[13:37:54 INF] HTTP GET /api/modules responded 200 in 608.2166 ms
[13:37:54 INF] HTTP GET /api/modules responded 200 in 690.9559 ms
[13:37:54 INF] HTTP GET /api/modules responded 200 in 690.8919 ms
[13:37:55 INF] HTTP GET /api/modules/019e8055-e953-745d-8b2c-5375dd1b1083/settings responded 200 in 1838.5976 ms
[13:37:55 INF] HTTP GET /api/modules/019e8055-e953-745d-8b2c-5375dd1b1083/settings responded 200 in 1907.7780 ms
[13:37:56 INF] HTTP GET /api/diagnostics responded 200 in 3260.6953 ms
[13:37:56 INF] HTTP GET /api/diagnostics responded 200 in 3268.9495 ms
[13:38:20 INF] HTTP OPTIONS /api/diagnostics responded 204 in 0.0327 ms
[13:38:20 INF] HTTP OPTIONS /api/modules responded 204 in 0.0086 ms
[13:38:20 INF] HTTP OPTIONS /api/modules responded 204 in 0.0080 ms
[13:38:20 INF] HTTP OPTIONS /api/modules/019e8055-e953-745d-8b2c-5375dd1b1083/settings responded 204 in 0.0069 ms
[13:38:20 INF] HTTP OPTIONS /api/modules responded 204 in 0.0209 ms
[13:38:20 INF] HTTP OPTIONS /api/diagnostics responded 204 in 0.0102 ms
[13:38:20 INF] HTTP OPTIONS /api/modules/019e8055-e953-745d-8b2c-5375dd1b1083/settings responded 204 in 0.0075 ms
[13:38:20 INF] HTTP OPTIONS /api/modules responded 204 in 0.0088 ms
[13:38:21 INF] HTTP GET /api/modules responded 200 in 728.1195 ms
[13:38:21 INF] HTTP GET /api/modules responded 200 in 760.3971 ms
[13:38:22 INF] HTTP GET /api/modules responded 200 in 646.1559 ms
[13:38:22 INF] HTTP GET /api/modules responded 200 in 665.4911 ms
[13:38:22 INF] HTTP GET /api/modules/019e8055-e953-745d-8b2c-5375dd1b1083/settings responded 200 in 2216.0994 ms
[13:38:22 INF] HTTP GET /api/modules/019e8055-e953-745d-8b2c-5375dd1b1083/settings responded 200 in 2216.7525 ms
[13:38:24 INF] HTTP GET /api/diagnostics responded 200 in 3332.3284 ms
[13:38:24 INF] HTTP GET /api/diagnostics responded 200 in 3576.3432 ms
[13:39:17 INF] HTTP OPTIONS /api/diagnostics responded 204 in 0.0403 ms
[13:39:17 INF] HTTP OPTIONS /api/modules responded 204 in 0.0108 ms
[13:39:17 INF] HTTP OPTIONS /api/dashboard responded 204 in 0.0343 ms
[13:39:21 INF] HTTP GET /api/modules responded 200 in 4130.0903 ms
[13:39:22 INF] HTTP GET /api/modules responded 200 in 584.5420 ms
[13:39:24 INF] HTTP GET /api/dashboard responded 200 in 6484.1043 ms
[13:39:24 INF] HTTP GET /api/diagnostics responded 200 in 6752.0702 ms
[13:40:51 INF] HTTP OPTIONS /api/diagnostics responded 204 in 0.0324 ms
[13:40:51 INF] HTTP OPTIONS /api/modules responded 204 in 0.0468 ms
[13:40:51 INF] HTTP OPTIONS /api/modules/019e8055-e953-745d-8b2c-5375dd1b1083/settings responded 204 in 0.0127 ms
[13:40:51 INF] HTTP OPTIONS /api/modules responded 204 in 0.0086 ms
[13:40:51 INF] HTTP GET /api/modules responded 200 in 597.1512 ms
[13:40:52 INF] HTTP GET /api/modules responded 200 in 594.2179 ms
[13:40:52 INF] HTTP OPTIONS /api/dashboard responded 204 in 0.0437 ms
[13:40:55 ERR] HTTP GET /api/diagnostics responded 500 in 4156.7420 ms
System.OperationCanceledException: The operation was canceled.
   at System.Threading.CancellationToken.ThrowOperationCanceledException()
   at Microsoft.EntityFrameworkCore.Storage.ExecutionStrategy.ExecuteImplementationAsync[TState,TResult](Func`4 operation, Func`4 verifySucceeded, TState state, CancellationToken cancellationToken)
   at Microsoft.EntityFrameworkCore.Storage.ExecutionStrategy.ExecuteAsync[TState,TResult](TState state, Func`4 operation, Func`4 verifySucceeded, CancellationToken cancellationToken)
   at Microsoft.EntityFrameworkCore.Query.Internal.SingleQueryingEnumerable`1.AsyncEnumerator.MoveNextAsync()
   at Microsoft.EntityFrameworkCore.Query.ShapedQueryCompilingExpressionVisitor.SingleAsync[TSource](IAsyncEnumerable`1 asyncEnumerable, CancellationToken cancellationToken)
   at Microsoft.EntityFrameworkCore.Query.ShapedQueryCompilingExpressionVisitor.SingleAsync[TSource](IAsyncEnumerable`1 asyncEnumerable, CancellationToken cancellationToken)
   at SysAssist.Infrastructure.Services.SysAssistApiService.GetDiagnosticsAsync(CancellationToken cancellationToken) in C:\Users\8-Bits\Desktop\Sys\SysAssist\src\SysAssist.Infrastructure\Services\SysAssistApiService.cs:line 573
   at Program.<>c.<<<Main>$>b__0_45>d.MoveNext() in C:\Users\8-Bits\Desktop\Sys\SysAssist\src\SysAssist.Api\Program.cs:line 280
--- End of stack trace from previous location ---
   at Microsoft.AspNetCore.Http.RequestDelegateFactory.ExecuteTaskResult[T](Task`1 task, HttpContext httpContext)
   at Microsoft.AspNetCore.Authorization.AuthorizationMiddleware.Invoke(HttpContext context)
   at Microsoft.AspNetCore.Authentication.AuthenticationMiddleware.Invoke(HttpContext context)
   at Swashbuckle.AspNetCore.SwaggerUI.SwaggerUIMiddleware.Invoke(HttpContext httpContext)
   at Swashbuckle.AspNetCore.Swagger.SwaggerMiddleware.Invoke(HttpContext httpContext, ISwaggerProvider swaggerProvider)
   at Serilog.AspNetCore.RequestLoggingMiddleware.Invoke(HttpContext httpContext)
[13:40:55 INF] HTTP GET /api/modules/019e8055-e953-745d-8b2c-5375dd1b1083/settings responded 200 in 4176.1249 ms
[13:40:55 INF] HTTP GET /api/diagnostics responded 200 in 3177.8315 ms
[13:40:56 INF] HTTP OPTIONS /api/modules responded 204 in 0.0327 ms
[13:40:56 INF] HTTP GET /api/modules responded 200 in 4222.8722 ms
[13:40:57 INF] HTTP GET /api/modules responded 200 in 587.4590 ms
[13:40:58 INF] HTTP GET /api/modules responded 200 in 599.1195 ms
[13:40:58 INF] HTTP OPTIONS /api/modules/019e8055-e953-745d-8b2c-5375dd1b1083/settings responded 204 in 0.0337 ms
[13:40:59 INF] HTTP GET /api/dashboard responded 200 in 6574.0957 ms
[13:40:59 INF] HTTP OPTIONS /api/dashboard responded 204 in 0.0301 ms
[13:40:59 INF] HTTP GET /api/modules/019e8055-e953-745d-8b2c-5375dd1b1083/settings responded 200 in 1869.7002 ms
[13:41:00 INF] HTTP GET /api/modules responded 200 in 613.7535 ms
[13:41:02 INF] HTTP GET /api/dashboard responded 200 in 2989.9956 ms
[13:41:03 INF] HTTP OPTIONS /api/events responded 204 in 0.0425 ms
[13:41:03 INF] HTTP OPTIONS /api/modules responded 204 in 0.0235 ms
[13:41:04 INF] HTTP GET /api/events responded 200 in 587.4928 ms
[13:41:04 INF] HTTP GET /api/modules responded 200 in 600.3146 ms
[13:41:07 INF] HTTP OPTIONS /api/modules/019e8055-e953-745d-8b2c-5375dd1b1083/settings responded 204 in 0.0313 ms
[13:41:08 INF] HTTP GET /api/modules responded 200 in 620.2757 ms
[13:41:09 INF] HTTP GET /api/modules/019e8055-e953-745d-8b2c-5375dd1b1083/settings responded 200 in 1791.5491 ms
[13:41:10 INF] HTTP OPTIONS /api/modules/019e8055-e953-7e85-b490-c2f5620466f6/settings responded 204 in 0.0329 ms
[13:41:11 INF] HTTP GET /api/modules/019e8055-e953-7e85-b490-c2f5620466f6/settings responded 200 in 1812.6993 ms
[13:41:12 INF] HTTP GET /api/modules/019e8055-e953-745d-8b2c-5375dd1b1083/settings responded 200 in 1789.8639 ms
[13:41:16 INF] HTTP OPTIONS /api/modules/019e8055-e953-745d-8b2c-5375dd1b1083/disable responded 204 in 0.0321 ms
[13:41:16 INF] HTTP OPTIONS /api/modules/019e8055-e953-7e85-b490-c2f5620466f6/disable responded 204 in 0.0123 ms
[13:41:16 INF] HTTP OPTIONS /api/modules/019e8055-e953-7741-896d-aad8c15cf717/disable responded 204 in 0.0254 ms
[13:41:16 INF] HTTP OPTIONS /api/modules/019e8055-e953-7040-9c03-e094a94e39c5/disable responded 204 in 0.0130 ms
[13:41:16 INF] HTTP OPTIONS /api/modules/019e8055-e953-7c24-906e-fa871057ebf6/disable responded 204 in 0.0119 ms
[13:41:16 INF] HTTP OPTIONS /api/modules/019e8055-e953-7b9b-9958-b6955504015b/disable responded 204 in 0.0185 ms
[13:41:16 INF] HTTP OPTIONS /api/modules/019e8055-e953-7a28-9dda-c5fe7c473975/disable responded 204 in 0.0153 ms
[13:41:16 INF] HTTP OPTIONS /api/modules/019e8055-e953-7c88-ae3b-dfa4a6a2960a/disable responded 204 in 0.0122 ms
[13:41:16 INF] HTTP OPTIONS /api/modules/019e8055-e953-780e-9711-b7db0f9ab8da/disable responded 204 in 0.0116 ms
[13:41:16 INF] HTTP OPTIONS /api/modules/019e8055-e953-7e85-b305-888b23c15911/disable responded 204 in 0.0144 ms
[13:41:16 INF] HTTP OPTIONS /api/modules/019e8055-e953-7ba4-8ddd-ac537092eafd/disable responded 204 in 0.0142 ms
[13:41:16 INF] HTTP OPTIONS /api/modules/019e8055-e953-7c28-a239-b3c1fecb7e88/disable responded 204 in 0.0113 ms
[13:41:16 INF] HTTP OPTIONS /api/modules/019e8055-e952-7a21-a37d-77553e1dfbf0/disable responded 204 in 0.0121 ms
[13:41:18 INF] HTTP POST /api/modules/019e8055-e953-7040-9c03-e094a94e39c5/disable responded 200 in 2349.5453 ms
[13:41:18 INF] HTTP POST /api/modules/019e8055-e953-7741-896d-aad8c15cf717/disable responded 200 in 2350.5460 ms
[13:41:18 INF] HTTP POST /api/modules/019e8055-e953-7e85-b490-c2f5620466f6/disable responded 200 in 2376.3479 ms
[13:41:18 INF] HTTP POST /api/modules/019e8055-e953-745d-8b2c-5375dd1b1083/disable responded 200 in 2377.0248 ms
[13:41:18 INF] HTTP POST /api/modules/019e8055-e953-7c24-906e-fa871057ebf6/disable responded 200 in 2386.3369 ms
[13:41:21 INF] HTTP POST /api/modules/019e8055-e953-7a28-9dda-c5fe7c473975/disable responded 200 in 2348.3775 ms
[13:41:21 INF] HTTP POST /api/modules/019e8055-e953-7c88-ae3b-dfa4a6a2960a/disable responded 200 in 2368.9225 ms
[13:41:21 INF] HTTP POST /api/modules/019e8055-e953-7e85-b305-888b23c15911/disable responded 200 in 2373.1008 ms
[13:41:21 INF] HTTP OPTIONS /api/actions responded 204 in 0.0605 ms
[13:41:21 INF] HTTP OPTIONS /api/modules responded 204 in 0.0412 ms
[13:41:21 INF] HTTP POST /api/modules/019e8055-e953-780e-9711-b7db0f9ab8da/disable responded 200 in 2380.0199 ms
[13:41:21 INF] HTTP POST /api/modules/019e8055-e953-7ba4-8ddd-ac537092eafd/disable responded 200 in 2407.3568 ms
[13:41:21 INF] HTTP GET /api/modules responded 200 in 599.3813 ms
[13:41:21 INF] HTTP GET /api/actions responded 200 in 607.3375 ms
[13:41:22 INF] HTTP POST /api/modules/019e8055-e953-7b9b-9958-b6955504015b/disable responded 200 in 5848.3283 ms
[13:41:23 INF] HTTP POST /api/modules/019e8055-e952-7a21-a37d-77553e1dfbf0/disable responded 200 in 2399.2909 ms
[13:41:23 INF] HTTP POST /api/modules/019e8055-e953-7c28-a239-b3c1fecb7e88/disable responded 200 in 2421.7027 ms
[13:41:24 INF] HTTP GET /api/modules responded 200 in 591.3348 ms
[13:41:24 INF] HTTP GET /api/modules responded 200 in 610.0242 ms
[13:41:26 INF] HTTP OPTIONS /api/diagnostics responded 204 in 0.0308 ms
[13:41:26 INF] HTTP OPTIONS /api/modules responded 204 in 0.0171 ms
[13:41:26 INF] HTTP OPTIONS /api/dashboard responded 204 in 0.0092 ms
[13:41:26 INF] HTTP OPTIONS /api/modules responded 204 in 0.0233 ms
[13:41:27 INF] HTTP OPTIONS /api/approvals responded 204 in 0.0522 ms
[13:41:27 INF] HTTP OPTIONS /api/events responded 204 in 0.0165 ms
[13:41:27 INF] HTTP OPTIONS /api/actions responded 204 in 0.0176 ms
[13:41:27 INF] HTTP GET /api/modules responded 200 in 636.0240 ms
[13:41:27 INF] HTTP GET /api/actions responded 200 in 599.9508 ms
[13:41:27 INF] HTTP GET /api/events responded 200 in 621.7183 ms
[13:41:27 INF] HTTP GET /api/approvals responded 200 in 629.3756 ms
[13:41:28 INF] HTTP GET /api/modules responded 200 in 582.6479 ms
[13:41:30 INF] HTTP GET /api/dashboard responded 200 in 3055.1285 ms
[13:41:30 INF] HTTP GET /api/diagnostics responded 200 in 3179.3696 ms
[13:41:44 INF] HTTP OPTIONS /api/diagnostics responded 204 in 0.0390 ms
[13:41:44 INF] HTTP OPTIONS /api/modules responded 204 in 0.0548 ms
[13:41:44 INF] HTTP OPTIONS /api/actions responded 204 in 0.0264 ms
[13:41:44 INF] HTTP OPTIONS /api/diagnostics responded 204 in 0.0397 ms
[13:41:44 INF] HTTP OPTIONS /api/modules responded 204 in 0.0268 ms
[13:41:44 INF] HTTP OPTIONS /api/approvals responded 204 in 0.0102 ms
[13:41:44 INF] HTTP OPTIONS /api/events responded 204 in 0.0326 ms
[13:41:44 INF] HTTP OPTIONS /api/actions responded 204 in 0.0102 ms
[13:41:45 INF] HTTP GET /api/modules responded 200 in 1043.9009 ms
[13:41:45 INF] HTTP GET /api/approvals responded 200 in 1100.5984 ms
[13:41:45 INF] HTTP GET /api/actions responded 200 in 1189.1127 ms
[13:41:45 INF] HTTP GET /api/modules responded 200 in 1192.5903 ms
[13:41:46 INF] HTTP GET /api/modules responded 200 in 657.1783 ms
[13:41:48 INF] HTTP GET /api/diagnostics responded 200 in 3582.6912 ms
[13:41:48 INF] HTTP GET /api/diagnostics responded 200 in 3773.0357 ms
[13:41:49 INF] HTTP GET /api/actions responded 200 in 4679.8328 ms
[13:41:49 INF] HTTP GET /api/events responded 200 in 4885.6791 ms
[13:43:12 INF] HTTP OPTIONS /api/modules responded 204 in 0.0459 ms
[13:43:12 INF] HTTP OPTIONS /api/diagnostics responded 204 in 0.0104 ms
[13:43:12 INF] HTTP OPTIONS /api/approvals responded 204 in 0.0100 ms
[13:43:12 INF] HTTP OPTIONS /api/events responded 204 in 0.0128 ms
[13:43:12 INF] HTTP OPTIONS /api/actions responded 204 in 0.0150 ms
[13:43:13 INF] HTTP GET /api/events responded 200 in 666.0828 ms
[13:43:13 INF] HTTP GET /api/approvals responded 200 in 671.0644 ms
[13:43:13 INF] HTTP GET /api/modules responded 200 in 672.3734 ms
[13:43:13 INF] HTTP GET /api/actions responded 200 in 674.6773 ms
[13:43:16 INF] HTTP GET /api/diagnostics responded 200 in 3322.4443 ms
[13:43:31 INF] HTTP OPTIONS /api/diagnostics responded 204 in 0.0290 ms
[13:43:31 INF] HTTP OPTIONS /api/modules responded 204 in 0.0177 ms
[13:43:31 INF] HTTP OPTIONS /api/actions responded 204 in 0.0314 ms
[13:43:31 INF] HTTP OPTIONS /api/diagnostics responded 204 in 0.0509 ms
[13:43:31 INF] HTTP OPTIONS /api/modules responded 204 in 0.0260 ms
[13:43:31 INF] HTTP OPTIONS /api/approvals responded 204 in 0.0132 ms
[13:43:31 INF] HTTP OPTIONS /api/events responded 204 in 0.0088 ms
[13:43:31 INF] HTTP OPTIONS /api/actions responded 204 in 0.0180 ms
[13:43:32 INF] HTTP GET /api/modules responded 200 in 610.3066 ms
[13:43:32 INF] HTTP GET /api/actions responded 200 in 634.2172 ms
[13:43:32 INF] HTTP GET /api/actions responded 200 in 597.5927 ms
[13:43:32 INF] HTTP GET /api/approvals responded 200 in 611.8496 ms
[13:43:32 INF] HTTP GET /api/modules responded 200 in 612.0489 ms
[13:43:32 INF] HTTP GET /api/events responded 200 in 620.9209 ms
[13:43:32 INF] HTTP GET /api/modules responded 200 in 598.7878 ms
[13:43:35 INF] HTTP GET /api/diagnostics responded 200 in 3967.0843 ms
[13:43:35 INF] HTTP GET /api/diagnostics responded 200 in 3712.3780 ms
[13:44:43 INF] HTTP OPTIONS /api/diagnostics responded 204 in 0.0305 ms
[13:44:43 INF] HTTP OPTIONS /api/modules responded 204 in 0.0111 ms
[13:44:43 INF] HTTP OPTIONS /api/dashboard responded 204 in 0.0417 ms
[13:44:47 INF] HTTP GET /api/modules responded 200 in 4221.9702 ms
[13:44:48 INF] HTTP GET /api/modules responded 200 in 594.6511 ms
[13:44:50 INF] HTTP GET /api/dashboard responded 200 in 6636.7608 ms
[13:44:50 INF] HTTP GET /api/diagnostics responded 200 in 6741.5252 ms
[13:45:25 INF] HTTP OPTIONS /api/diagnostics responded 204 in 0.0299 ms
[13:45:25 INF] HTTP OPTIONS /api/modules responded 204 in 0.0299 ms
[13:45:25 INF] HTTP OPTIONS /api/dashboard responded 204 in 0.0454 ms
[13:45:25 INF] HTTP GET /api/modules responded 200 in 599.1037 ms
[13:45:26 INF] HTTP GET /api/modules responded 200 in 603.5796 ms
[13:45:28 INF] HTTP GET /api/dashboard responded 200 in 2978.0030 ms
[13:45:28 INF] HTTP GET /api/diagnostics responded 200 in 3158.7640 ms
[13:45:57 INF] HTTP OPTIONS /api/diagnostics responded 204 in 0.0418 ms
[13:45:57 INF] HTTP OPTIONS /api/dashboard responded 204 in 0.0378 ms
[13:45:57 INF] HTTP OPTIONS /api/modules responded 204 in 0.0383 ms
[13:45:57 INF] HTTP OPTIONS /api/modules responded 204 in 0.0099 ms
[13:45:57 INF] HTTP OPTIONS /api/actions responded 204 in 0.0424 ms
[13:45:58 INF] HTTP GET /api/modules responded 200 in 600.8473 ms
[13:45:58 INF] HTTP GET /api/modules responded 200 in 589.7683 ms
[13:45:59 INF] HTTP GET /api/modules responded 200 in 609.4339 ms
[13:46:00 INF] HTTP GET /api/dashboard responded 200 in 2991.2620 ms
[13:46:00 INF] HTTP GET /api/diagnostics responded 200 in 3161.4235 ms
[13:46:01 INF] HTTP GET /api/actions responded 200 in 4137.9701 ms
[13:47:09 INF] HTTP OPTIONS /api/diagnostics responded 204 in 0.0391 ms
[13:47:09 INF] HTTP OPTIONS /api/modules responded 204 in 0.0490 ms
[13:47:09 INF] HTTP OPTIONS /api/modules responded 204 in 0.0142 ms
[13:47:09 INF] HTTP OPTIONS /api/actions responded 204 in 0.0548 ms
[13:47:10 INF] HTTP GET /api/modules responded 200 in 606.4598 ms
[13:47:10 INF] HTTP GET /api/actions responded 200 in 641.0124 ms
[13:47:10 INF] HTTP OPTIONS /api/diagnostics responded 204 in 0.0290 ms
[13:47:10 INF] HTTP OPTIONS /api/modules responded 204 in 0.0090 ms
[13:47:10 INF] HTTP OPTIONS /api/dashboard responded 204 in 0.0323 ms
[13:47:11 INF] HTTP GET /api/modules responded 200 in 660.9791 ms
[13:47:11 INF] HTTP GET /api/modules responded 200 in 619.4342 ms
[13:47:11 INF] HTTP GET /api/modules responded 200 in 601.6457 ms
[13:47:13 INF] HTTP GET /api/diagnostics responded 200 in 3333.9664 ms
[13:47:13 INF] HTTP GET /api/diagnostics responded 200 in 3200.5256 ms
[13:47:17 INF] HTTP GET /api/dashboard responded 200 in 6765.7054 ms
[13:55:59 INF] HTTP OPTIONS /api/diagnostics responded 204 in 0.0413 ms
[13:55:59 INF] HTTP OPTIONS /api/diagnostics responded 204 in 0.0504 ms
[13:55:59 INF] HTTP OPTIONS /api/modules responded 204 in 0.0163 ms
[13:55:59 INF] HTTP OPTIONS /api/actions responded 204 in 0.0105 ms
[13:55:59 INF] HTTP OPTIONS /api/modules responded 204 in 0.0105 ms
[13:55:59 INF] HTTP OPTIONS /api/modules responded 204 in 0.0214 ms
[13:55:59 INF] HTTP OPTIONS /api/dashboard responded 204 in 0.0136 ms
[13:55:59 INF] HTTP OPTIONS /api/modules responded 204 in 0.0095 ms
[13:56:04 INF] HTTP GET /api/actions responded 200 in 4883.1938 ms
[13:56:04 INF] HTTP GET /api/modules responded 200 in 4886.6679 ms
[13:56:04 INF] HTTP GET /api/modules responded 200 in 4882.8611 ms
[13:56:04 INF] HTTP GET /api/modules responded 200 in 805.9561 ms
[13:56:04 INF] HTTP GET /api/modules responded 200 in 805.9448 ms
[13:56:06 INF] HTTP GET /api/dashboard responded 200 in 7629.2943 ms
[13:56:06 INF] HTTP GET /api/diagnostics responded 200 in 7679.9155 ms
[13:56:06 INF] HTTP GET /api/diagnostics responded 200 in 7712.1834 ms
[13:56:31 INF] HTTP OPTIONS /api/diagnostics responded 204 in 0.0369 ms
[13:56:31 INF] HTTP OPTIONS /api/modules responded 204 in 0.0256 ms
[13:56:31 INF] HTTP OPTIONS /api/modules responded 204 in 0.0130 ms
[13:56:31 INF] HTTP OPTIONS /api/actions responded 204 in 0.0088 ms
[13:56:32 INF] HTTP GET /api/actions responded 200 in 615.2284 ms
[13:56:32 INF] HTTP GET /api/modules responded 200 in 622.0282 ms
[13:56:32 INF] HTTP GET /api/modules responded 200 in 605.0406 ms
[13:56:35 INF] HTTP GET /api/diagnostics responded 200 in 3453.1629 ms
[13:56:41 INF] HTTP OPTIONS /api/diagnostics responded 204 in 0.0364 ms
[13:56:41 INF] HTTP OPTIONS /api/modules responded 204 in 0.0176 ms
[13:56:41 INF] HTTP OPTIONS /api/modules responded 204 in 0.0092 ms
[13:56:41 INF] HTTP OPTIONS /api/actions responded 204 in 0.0111 ms
[13:56:41 INF] HTTP OPTIONS /api/diagnostics responded 204 in 0.0703 ms
[13:56:41 INF] HTTP OPTIONS /api/modules responded 204 in 0.0140 ms
[13:56:41 INF] HTTP OPTIONS /api/dashboard responded 204 in 0.0144 ms
[13:56:41 INF] HTTP GET /api/actions responded 200 in 627.8456 ms
[13:56:41 INF] HTTP GET /api/modules responded 200 in 628.0276 ms
[13:56:41 INF] HTTP GET /api/modules responded 200 in 601.8726 ms
[13:56:42 INF] HTTP GET /api/modules responded 200 in 607.6324 ms
[13:56:42 INF] HTTP GET /api/modules responded 200 in 607.9992 ms
[13:56:43 INF] HTTP GET /api/modules responded 200 in 614.1700 ms
[13:56:44 INF] HTTP GET /api/modules responded 200 in 597.3013 ms
[13:56:44 INF] HTTP GET /api/dashboard responded 200 in 3056.1785 ms
[13:56:44 INF] HTTP GET /api/diagnostics responded 200 in 3206.7513 ms
[13:56:44 INF] HTTP GET /api/diagnostics responded 200 in 3271.0820 ms
[13:56:54 INF] HTTP OPTIONS /api/diagnostics responded 204 in 0.0711 ms
[13:56:54 INF] HTTP OPTIONS /api/modules responded 204 in 0.0144 ms
[13:56:54 INF] HTTP OPTIONS /api/dashboard responded 204 in 0.0242 ms
[13:56:55 INF] HTTP GET /api/modules responded 200 in 596.7307 ms
[13:56:55 INF] HTTP GET /api/modules responded 200 in 588.1387 ms
[13:56:57 INF] HTTP GET /api/dashboard responded 200 in 2975.9709 ms
[13:56:57 INF] HTTP GET /api/diagnostics responded 200 in 3144.0292 ms
[13:58:09 INF] HTTP OPTIONS /api/modules responded 204 in 0.0332 ms
[13:58:09 INF] HTTP OPTIONS /api/diagnostics responded 204 in 0.0331 ms
[13:58:09 INF] HTTP OPTIONS /api/modules responded 204 in 0.0155 ms
[13:58:09 INF] HTTP OPTIONS /api/actions responded 204 in 0.0093 ms
[13:58:09 INF] HTTP GET /api/actions responded 200 in 606.9008 ms
[13:58:09 INF] HTTP GET /api/modules responded 200 in 607.2642 ms
[13:58:09 INF] HTTP OPTIONS /api/diagnostics responded 204 in 0.0267 ms
[13:58:09 INF] HTTP OPTIONS /api/modules responded 204 in 0.0119 ms
[13:58:09 INF] HTTP OPTIONS /api/dashboard responded 204 in 0.0202 ms
[13:58:10 INF] HTTP GET /api/modules responded 200 in 598.4018 ms
[13:58:10 INF] HTTP GET /api/modules responded 200 in 588.9666 ms
[13:58:11 INF] HTTP GET /api/modules responded 200 in 715.1444 ms
[13:58:12 INF] HTTP GET /api/diagnostics responded 200 in 3151.8639 ms
[13:58:12 INF] HTTP GET /api/dashboard responded 200 in 3129.5354 ms
[13:58:13 INF] HTTP GET /api/diagnostics responded 200 in 3292.2954 ms
[13:58:32 INF] HTTP OPTIONS /api/diagnostics responded 204 in 0.0418 ms
[13:58:32 INF] HTTP OPTIONS /api/modules responded 204 in 0.0215 ms
[13:58:32 INF] HTTP OPTIONS /api/modules responded 204 in 0.0251 ms
[13:58:32 INF] HTTP OPTIONS /api/actions responded 204 in 0.0152 ms
[13:58:33 INF] HTTP GET /api/actions responded 200 in 625.9498 ms
[13:58:33 INF] HTTP GET /api/modules responded 200 in 629.5987 ms
[13:58:33 INF] HTTP OPTIONS /api/diagnostics responded 204 in 0.0282 ms
[13:58:33 INF] HTTP OPTIONS /api/modules responded 204 in 0.0106 ms
[13:58:33 INF] HTTP OPTIONS /api/dashboard responded 204 in 0.0393 ms
[13:58:34 INF] HTTP GET /api/modules responded 200 in 595.8960 ms
[13:58:34 INF] HTTP GET /api/modules responded 200 in 597.6257 ms
[13:58:35 INF] HTTP GET /api/modules responded 200 in 614.5798 ms
[13:58:36 INF] HTTP GET /api/diagnostics responded 200 in 3180.0665 ms
[13:58:36 INF] HTTP GET /api/dashboard responded 200 in 2999.2831 ms
[13:58:36 INF] HTTP GET /api/diagnostics responded 200 in 3174.3028 ms
[13:59:01 INF] HTTP OPTIONS /api/diagnostics responded 204 in 0.0388 ms
[13:59:01 INF] HTTP OPTIONS /api/modules responded 204 in 0.0141 ms
[13:59:01 INF] HTTP OPTIONS /api/modules responded 204 in 0.0092 ms
[13:59:01 INF] HTTP OPTIONS /api/actions responded 204 in 0.0077 ms
[13:59:01 INF] HTTP GET /api/modules responded 200 in 615.3577 ms
[13:59:01 INF] HTTP GET /api/actions responded 200 in 620.7791 ms
[13:59:01 INF] HTTP OPTIONS /api/diagnostics responded 204 in 0.0283 ms
[13:59:01 INF] HTTP OPTIONS /api/modules responded 204 in 0.0083 ms
[13:59:01 INF] HTTP OPTIONS /api/dashboard responded 204 in 0.0296 ms
[13:59:02 INF] HTTP GET /api/modules responded 200 in 605.0685 ms
[13:59:02 INF] HTTP GET /api/modules responded 200 in 589.8092 ms
[13:59:03 INF] HTTP GET /api/modules responded 200 in 603.9567 ms
[13:59:04 INF] HTTP GET /api/diagnostics responded 200 in 3179.6207 ms
[13:59:04 INF] HTTP GET /api/dashboard responded 200 in 2988.6748 ms
[13:59:04 INF] HTTP GET /api/diagnostics responded 200 in 3171.9962 ms
[13:59:38 INF] HTTP OPTIONS /api/diagnostics responded 204 in 0.0367 ms
[13:59:38 INF] HTTP OPTIONS /api/modules responded 204 in 0.0196 ms
[13:59:38 INF] HTTP OPTIONS /api/actions responded 204 in 0.0081 ms
[13:59:38 INF] HTTP OPTIONS /api/modules responded 204 in 0.0076 ms
[13:59:38 INF] HTTP OPTIONS /api/diagnostics responded 204 in 0.0398 ms
[13:59:38 INF] HTTP OPTIONS /api/modules responded 204 in 0.0125 ms
[13:59:38 INF] HTTP OPTIONS /api/dashboard responded 204 in 0.0224 ms
[13:59:38 INF] HTTP OPTIONS /api/modules responded 204 in 0.0081 ms
[13:59:38 INF] HTTP GET /api/actions responded 200 in 605.1730 ms
[13:59:38 INF] HTTP GET /api/modules responded 200 in 615.0053 ms
[13:59:39 INF] HTTP GET /api/modules responded 200 in 617.6231 ms
[13:59:39 INF] HTTP GET /api/modules responded 200 in 606.7096 ms
[13:59:40 INF] HTTP GET /api/modules responded 200 in 601.0162 ms
[13:59:41 INF] HTTP GET /api/diagnostics responded 200 in 3207.4409 ms
[13:59:41 INF] HTTP GET /api/dashboard responded 200 in 3006.8967 ms
[13:59:42 INF] HTTP GET /api/diagnostics responded 200 in 3329.4385 ms
[14:01:04 INF] HTTP OPTIONS /api/diagnostics responded 204 in 0.0342 ms
[14:01:04 INF] HTTP OPTIONS /api/modules responded 204 in 0.0106 ms
[14:01:04 INF] HTTP OPTIONS /api/dashboard responded 204 in 0.0094 ms
[14:01:04 INF] HTTP OPTIONS /api/modules responded 204 in 0.0103 ms
[14:01:09 INF] HTTP GET /api/modules responded 200 in 4226.4765 ms
[14:01:09 INF] HTTP GET /api/modules responded 200 in 610.5265 ms
[14:01:11 INF] HTTP GET /api/dashboard responded 200 in 6515.0994 ms
[14:01:11 INF] HTTP GET /api/diagnostics responded 200 in 6790.7381 ms
[14:01:27 INF] HTTP OPTIONS /api/diagnostics responded 204 in 0.0529 ms
[14:01:27 INF] HTTP OPTIONS /api/modules responded 204 in 0.0346 ms
[14:01:27 INF] HTTP OPTIONS /api/dashboard responded 204 in 0.0167 ms
[14:01:28 INF] HTTP GET /api/modules responded 200 in 616.8036 ms
[14:01:29 INF] HTTP GET /api/modules responded 200 in 597.3118 ms
[14:01:30 INF] HTTP GET /api/dashboard responded 200 in 3003.8544 ms
[14:01:31 INF] HTTP GET /api/diagnostics responded 200 in 3107.2906 ms
[14:02:06 INF] HTTP OPTIONS /api/diagnostics responded 204 in 0.0367 ms
[14:02:06 INF] HTTP OPTIONS /api/modules responded 204 in 0.0593 ms
[14:02:06 INF] HTTP OPTIONS /api/dashboard responded 204 in 0.0361 ms
[14:02:11 INF] HTTP OPTIONS /api/events responded 204 in 0.0334 ms
[14:02:13 ERR] An error occurred using the connection to database 'defaultdb' on server 'tcp://sneaky-newfie-16368.jxf.gcp-europe-west3.cockroachlabs.cloud:26257'.
[14:02:13 ERR] Failed executing DbCommand (6,941ms) [Parameters=[], CommandType='Text', CommandTimeout='45']
SELECT i."Id", i."CorrelationId", i."CreatedAt", i."EventType", i."ExternalEventId", i."ModuleId", i."PayloadJson", i."RecommendationId", i."Severity", i."Source", i."Status", i."Summary", i."Target", i."UpdatedAt", e."Id", e."Classification", e."Confidence", e."CreatedAt", e."EventId", e."Explanation", e."NextStep", e."ProbableCause", e."SuggestedActionId", e."UpdatedAt"
FROM incident_events AS i
LEFT JOIN event_recommendations AS e ON i."Id" = e."EventId"
ORDER BY i."CreatedAt" DESC
[14:02:13 ERR] Failed executing DbCommand (6,942ms) [Parameters=[], CommandType='Text', CommandTimeout='45']
SELECT i."Id", i."CreatedAt", i."Description", i."HealthStatus", i."IsEnabled", i."Key", i."LastFetchAt", i."LastHealthCheckAt", i."Name", i."SafeMode", i."SupportsActions", i."SupportsPolling", i."SupportsWebhooks", i."Type", i."UpdatedAt", i."UseFallbackMode"
FROM integration_modules AS i
ORDER BY i."Key"
[14:02:13 ERR] Failed executing DbCommand (6,945ms) [Parameters=[], CommandType='Text', CommandTimeout='45']
SELECT i."Id", i."CreatedAt", i."Description", i."HealthStatus", i."IsEnabled", i."Key", i."LastFetchAt", i."LastHealthCheckAt", i."Name", i."SafeMode", i."SupportsActions", i."SupportsPolling", i."SupportsWebhooks", i."Type", i."UpdatedAt", i."UseFallbackMode"
FROM integration_modules AS i
[14:02:15 INF] HTTP OPTIONS /api/approvals responded 204 in 0.0261 ms
[14:02:15 INF] HTTP OPTIONS /api/actions responded 204 in 0.0122 ms
[14:02:16 ERR] An error occurred using the connection to database 'defaultdb' on server 'tcp://sneaky-newfie-16368.jxf.gcp-europe-west3.cockroachlabs.cloud:26257'.
[14:02:16 ERR] An error occurred using the connection to database 'defaultdb' on server 'tcp://sneaky-newfie-16368.jxf.gcp-europe-west3.cockroachlabs.cloud:26257'.
[14:02:16 ERR] An error occurred using the connection to database 'defaultdb' on server 'tcp://sneaky-newfie-16368.jxf.gcp-europe-west3.cockroachlabs.cloud:26257'.
[14:02:16 ERR] An error occurred using the connection to database 'defaultdb' on server 'tcp://sneaky-newfie-16368.jxf.gcp-europe-west3.cockroachlabs.cloud:26257'.
[14:02:16 ERR] An error occurred using the connection to database 'defaultdb' on server 'tcp://sneaky-newfie-16368.jxf.gcp-europe-west3.cockroachlabs.cloud:26257'.
[14:02:16 ERR] An error occurred using the connection to database 'defaultdb' on server 'tcp://sneaky-newfie-16368.jxf.gcp-europe-west3.cockroachlabs.cloud:26257'.
[14:02:16 ERR] An error occurred using the connection to database 'defaultdb' on server 'tcp://sneaky-newfie-16368.jxf.gcp-europe-west3.cockroachlabs.cloud:26257'.
[14:02:16 ERR] An error occurred using the connection to database 'defaultdb' on server 'tcp://sneaky-newfie-16368.jxf.gcp-europe-west3.cockroachlabs.cloud:26257'.
[14:02:20 INF] HTTP OPTIONS /api/modules responded 204 in 0.0703 ms
[14:02:20 ERR] An error occurred using the connection to database 'defaultdb' on server 'tcp://sneaky-newfie-16368.jxf.gcp-europe-west3.cockroachlabs.cloud:26257'.
[14:02:20 ERR] An exception occurred while iterating over the results of a query for context type 'SysAssist.Infrastructure.Data.SysAssistDbContext'.
Npgsql.NpgsqlException (0x80004005): Exception while performing SSL handshake
 ---> System.OperationCanceledException: The operation was canceled.
   at System.Threading.CancellationToken.ThrowOperationCanceledException()
   at System.Threading.CancellationToken.ThrowIfCancellationRequested()
   at System.Net.Sockets.Socket.AwaitableSocketAsyncEventArgs.ThrowException(SocketError error, CancellationToken cancellationToken)
   at System.Net.Sockets.Socket.AwaitableSocketAsyncEventArgs.System.Threading.Tasks.Sources.IValueTaskSource<System.Int32>.GetResult(Int16 token)
   at System.Net.Security.SslStream.EnsureFullTlsFrameAsync[TIOAdapter](CancellationToken cancellationToken, Int32 estimatedSize)
   at System.Runtime.CompilerServices.PoolingAsyncValueTaskMethodBuilder`1.StateMachineBox`1.System.Threading.Tasks.Sources.IValueTaskSource<TResult>.GetResult(Int16 token)
   at System.Net.Security.SslStream.ReceiveHandshakeFrameAsync[TIOAdapter](CancellationToken cancellationToken)
   at System.Net.Security.SslStream.ForceAuthenticationAsync[TIOAdapter](Boolean receiveFirst, Byte[] reAuthenticationData, CancellationToken cancellationToken)
   at Npgsql.Internal.NpgsqlConnector.NegotiateEncryption(SslMode sslMode, NpgsqlTimeout timeout, Boolean async, CancellationToken cancellationToken)
   at Npgsql.Internal.NpgsqlConnector.NegotiateEncryption(SslMode sslMode, NpgsqlTimeout timeout, Boolean async, CancellationToken cancellationToken)
   at Npgsql.Internal.NpgsqlConnector.RawOpen(SslMode sslMode, NpgsqlTimeout timeout, Boolean async, CancellationToken cancellationToken)
   at Npgsql.Internal.NpgsqlConnector.<Open>g__OpenCore|214_1(NpgsqlConnector conn, SslMode sslMode, NpgsqlTimeout timeout, Boolean async, CancellationToken cancellationToken)
   at Npgsql.Internal.NpgsqlConnector.Open(NpgsqlTimeout timeout, Boolean async, CancellationToken cancellationToken)
   at Npgsql.PoolingDataSource.OpenNewConnector(NpgsqlConnection conn, NpgsqlTimeout timeout, Boolean async, CancellationToken cancellationToken)
   at Npgsql.PoolingDataSource.<Get>g__RentAsync|33_0(NpgsqlConnection conn, NpgsqlTimeout timeout, Boolean async, CancellationToken cancellationToken)
   at Npgsql.NpgsqlConnection.<Open>g__OpenAsync|42_0(Boolean async, CancellationToken cancellationToken)
   at Microsoft.EntityFrameworkCore.Storage.RelationalConnection.OpenInternalAsync(Boolean errorsExpected, CancellationToken cancellationToken)
   at Microsoft.EntityFrameworkCore.Storage.RelationalConnection.OpenInternalAsync(Boolean errorsExpected, CancellationToken cancellationToken)
   at Microsoft.EntityFrameworkCore.Storage.RelationalConnection.OpenAsync(CancellationToken cancellationToken, Boolean errorsExpected)
   at Microsoft.EntityFrameworkCore.Storage.RelationalCommand.ExecuteReaderAsync(RelationalCommandParameterObject parameterObject, CancellationToken cancellationToken)
   at Microsoft.EntityFrameworkCore.Query.Internal.SingleQueryingEnumerable`1.AsyncEnumerator.InitializeReaderAsync(AsyncEnumerator enumerator, CancellationToken cancellationToken)
   at Microsoft.EntityFrameworkCore.Storage.ExecutionStrategy.<>c__DisplayClass30_0`2.<<ExecuteAsync>b__0>d.MoveNext()
--- End of stack trace from previous location ---
   at Microsoft.EntityFrameworkCore.Storage.ExecutionStrategy.ExecuteImplementationAsync[TState,TResult](Func`4 operation, Func`4 verifySucceeded, TState state, CancellationToken cancellationToken)
   at Microsoft.EntityFrameworkCore.Storage.ExecutionStrategy.ExecuteImplementationAsync[TState,TResult](Func`4 operation, Func`4 verifySucceeded, TState state, CancellationToken cancellationToken)
   at Microsoft.EntityFrameworkCore.Storage.ExecutionStrategy.ExecuteAsync[TState,TResult](TState state, Func`4 operation, Func`4 verifySucceeded, CancellationToken cancellationToken)
   at Microsoft.EntityFrameworkCore.Query.Internal.SingleQueryingEnumerable`1.AsyncEnumerator.MoveNextAsync()
Npgsql.NpgsqlException (0x80004005): Exception while performing SSL handshake
 ---> System.OperationCanceledException: The operation was canceled.
   at System.Threading.CancellationToken.ThrowOperationCanceledException()
   at System.Threading.CancellationToken.ThrowIfCancellationRequested()
   at System.Net.Sockets.Socket.AwaitableSocketAsyncEventArgs.ThrowException(SocketError error, CancellationToken cancellationToken)
   at System.Net.Sockets.Socket.AwaitableSocketAsyncEventArgs.System.Threading.Tasks.Sources.IValueTaskSource<System.Int32>.GetResult(Int16 token)
   at System.Net.Security.SslStream.EnsureFullTlsFrameAsync[TIOAdapter](CancellationToken cancellationToken, Int32 estimatedSize)
   at System.Runtime.CompilerServices.PoolingAsyncValueTaskMethodBuilder`1.StateMachineBox`1.System.Threading.Tasks.Sources.IValueTaskSource<TResult>.GetResult(Int16 token)
   at System.Net.Security.SslStream.ReceiveHandshakeFrameAsync[TIOAdapter](CancellationToken cancellationToken)
   at System.Net.Security.SslStream.ForceAuthenticationAsync[TIOAdapter](Boolean receiveFirst, Byte[] reAuthenticationData, CancellationToken cancellationToken)
   at Npgsql.Internal.NpgsqlConnector.NegotiateEncryption(SslMode sslMode, NpgsqlTimeout timeout, Boolean async, CancellationToken cancellationToken)
   at Npgsql.Internal.NpgsqlConnector.NegotiateEncryption(SslMode sslMode, NpgsqlTimeout timeout, Boolean async, CancellationToken cancellationToken)
   at Npgsql.Internal.NpgsqlConnector.RawOpen(SslMode sslMode, NpgsqlTimeout timeout, Boolean async, CancellationToken cancellationToken)
   at Npgsql.Internal.NpgsqlConnector.<Open>g__OpenCore|214_1(NpgsqlConnector conn, SslMode sslMode, NpgsqlTimeout timeout, Boolean async, CancellationToken cancellationToken)
   at Npgsql.Internal.NpgsqlConnector.Open(NpgsqlTimeout timeout, Boolean async, CancellationToken cancellationToken)
   at Npgsql.PoolingDataSource.OpenNewConnector(NpgsqlConnection conn, NpgsqlTimeout timeout, Boolean async, CancellationToken cancellationToken)
   at Npgsql.PoolingDataSource.<Get>g__RentAsync|33_0(NpgsqlConnection conn, NpgsqlTimeout timeout, Boolean async, CancellationToken cancellationToken)
   at Npgsql.NpgsqlConnection.<Open>g__OpenAsync|42_0(Boolean async, CancellationToken cancellationToken)
   at Microsoft.EntityFrameworkCore.Storage.RelationalConnection.OpenInternalAsync(Boolean errorsExpected, CancellationToken cancellationToken)
   at Microsoft.EntityFrameworkCore.Storage.RelationalConnection.OpenInternalAsync(Boolean errorsExpected, CancellationToken cancellationToken)
   at Microsoft.EntityFrameworkCore.Storage.RelationalConnection.OpenAsync(CancellationToken cancellationToken, Boolean errorsExpected)
   at Microsoft.EntityFrameworkCore.Storage.RelationalCommand.ExecuteReaderAsync(RelationalCommandParameterObject parameterObject, CancellationToken cancellationToken)
   at Microsoft.EntityFrameworkCore.Query.Internal.SingleQueryingEnumerable`1.AsyncEnumerator.InitializeReaderAsync(AsyncEnumerator enumerator, CancellationToken cancellationToken)
   at Microsoft.EntityFrameworkCore.Storage.ExecutionStrategy.<>c__DisplayClass30_0`2.<<ExecuteAsync>b__0>d.MoveNext()
--- End of stack trace from previous location ---
   at Microsoft.EntityFrameworkCore.Storage.ExecutionStrategy.ExecuteImplementationAsync[TState,TResult](Func`4 operation, Func`4 verifySucceeded, TState state, CancellationToken cancellationToken)
   at Microsoft.EntityFrameworkCore.Storage.ExecutionStrategy.ExecuteImplementationAsync[TState,TResult](Func`4 operation, Func`4 verifySucceeded, TState state, CancellationToken cancellationToken)
   at Microsoft.EntityFrameworkCore.Storage.ExecutionStrategy.ExecuteAsync[TState,TResult](TState state, Func`4 operation, Func`4 verifySucceeded, CancellationToken cancellationToken)
   at Microsoft.EntityFrameworkCore.Query.Internal.SingleQueryingEnumerable`1.AsyncEnumerator.MoveNextAsync()
[14:02:20 ERR] HTTP GET /api/approvals responded 500 in 4892.4596 ms
Npgsql.NpgsqlException (0x80004005): Exception while performing SSL handshake
 ---> System.OperationCanceledException: The operation was canceled.
   at System.Threading.CancellationToken.ThrowOperationCanceledException()
   at System.Threading.CancellationToken.ThrowIfCancellationRequested()
   at System.Net.Sockets.Socket.AwaitableSocketAsyncEventArgs.ThrowException(SocketError error, CancellationToken cancellationToken)
   at System.Net.Sockets.Socket.AwaitableSocketAsyncEventArgs.System.Threading.Tasks.Sources.IValueTaskSource<System.Int32>.GetResult(Int16 token)
   at System.Net.Security.SslStream.EnsureFullTlsFrameAsync[TIOAdapter](CancellationToken cancellationToken, Int32 estimatedSize)
   at System.Runtime.CompilerServices.PoolingAsyncValueTaskMethodBuilder`1.StateMachineBox`1.System.Threading.Tasks.Sources.IValueTaskSource<TResult>.GetResult(Int16 token)
   at System.Net.Security.SslStream.ReceiveHandshakeFrameAsync[TIOAdapter](CancellationToken cancellationToken)
   at System.Net.Security.SslStream.ForceAuthenticationAsync[TIOAdapter](Boolean receiveFirst, Byte[] reAuthenticationData, CancellationToken cancellationToken)
   at Npgsql.Internal.NpgsqlConnector.NegotiateEncryption(SslMode sslMode, NpgsqlTimeout timeout, Boolean async, CancellationToken cancellationToken)
   at Npgsql.Internal.NpgsqlConnector.NegotiateEncryption(SslMode sslMode, NpgsqlTimeout timeout, Boolean async, CancellationToken cancellationToken)
   at Npgsql.Internal.NpgsqlConnector.RawOpen(SslMode sslMode, NpgsqlTimeout timeout, Boolean async, CancellationToken cancellationToken)
   at Npgsql.Internal.NpgsqlConnector.<Open>g__OpenCore|214_1(NpgsqlConnector conn, SslMode sslMode, NpgsqlTimeout timeout, Boolean async, CancellationToken cancellationToken)
   at Npgsql.Internal.NpgsqlConnector.Open(NpgsqlTimeout timeout, Boolean async, CancellationToken cancellationToken)
   at Npgsql.PoolingDataSource.OpenNewConnector(NpgsqlConnection conn, NpgsqlTimeout timeout, Boolean async, CancellationToken cancellationToken)
   at Npgsql.PoolingDataSource.<Get>g__RentAsync|33_0(NpgsqlConnection conn, NpgsqlTimeout timeout, Boolean async, CancellationToken cancellationToken)
   at Npgsql.NpgsqlConnection.<Open>g__OpenAsync|42_0(Boolean async, CancellationToken cancellationToken)
   at Microsoft.EntityFrameworkCore.Storage.RelationalConnection.OpenInternalAsync(Boolean errorsExpected, CancellationToken cancellationToken)
   at Microsoft.EntityFrameworkCore.Storage.RelationalConnection.OpenInternalAsync(Boolean errorsExpected, CancellationToken cancellationToken)
   at Microsoft.EntityFrameworkCore.Storage.RelationalConnection.OpenAsync(CancellationToken cancellationToken, Boolean errorsExpected)
   at Microsoft.EntityFrameworkCore.Storage.RelationalCommand.ExecuteReaderAsync(RelationalCommandParameterObject parameterObject, CancellationToken cancellationToken)
   at Microsoft.EntityFrameworkCore.Query.Internal.SingleQueryingEnumerable`1.AsyncEnumerator.InitializeReaderAsync(AsyncEnumerator enumerator, CancellationToken cancellationToken)
   at Microsoft.EntityFrameworkCore.Storage.ExecutionStrategy.<>c__DisplayClass30_0`2.<<ExecuteAsync>b__0>d.MoveNext()
--- End of stack trace from previous location ---
   at Microsoft.EntityFrameworkCore.Storage.ExecutionStrategy.ExecuteImplementationAsync[TState,TResult](Func`4 operation, Func`4 verifySucceeded, TState state, CancellationToken cancellationToken)
   at Microsoft.EntityFrameworkCore.Storage.ExecutionStrategy.ExecuteImplementationAsync[TState,TResult](Func`4 operation, Func`4 verifySucceeded, TState state, CancellationToken cancellationToken)
   at Microsoft.EntityFrameworkCore.Storage.ExecutionStrategy.ExecuteAsync[TState,TResult](TState state, Func`4 operation, Func`4 verifySucceeded, CancellationToken cancellationToken)
   at Microsoft.EntityFrameworkCore.Query.Internal.SingleQueryingEnumerable`1.AsyncEnumerator.MoveNextAsync()
   at Microsoft.EntityFrameworkCore.EntityFrameworkQueryableExtensions.ToListAsync[TSource](IQueryable`1 source, CancellationToken cancellationToken)
   at Microsoft.EntityFrameworkCore.EntityFrameworkQueryableExtensions.ToListAsync[TSource](IQueryable`1 source, CancellationToken cancellationToken)
   at Microsoft.EntityFrameworkCore.EntityFrameworkQueryableExtensions.ToArrayAsync[TSource](IQueryable`1 source, CancellationToken cancellationToken)
   at SysAssist.Infrastructure.Services.SysAssistApiService.ListApprovalsAsync(CancellationToken cancellationToken) in C:\Users\8-Bits\Desktop\Sys\SysAssist\src\SysAssist.Infrastructure\Services\SysAssistApiService.cs:line 98
   at Program.<>c.<<<Main>$>b__0_15>d.MoveNext() in C:\Users\8-Bits\Desktop\Sys\SysAssist\src\SysAssist.Api\Program.cs:line 191
--- End of stack trace from previous location ---
   at Microsoft.AspNetCore.Http.RequestDelegateFactory.ExecuteTaskResult[T](Task`1 task, HttpContext httpContext)
   at Microsoft.AspNetCore.Authorization.AuthorizationMiddleware.Invoke(HttpContext context)
   at Microsoft.AspNetCore.Authentication.AuthenticationMiddleware.Invoke(HttpContext context)
   at Swashbuckle.AspNetCore.SwaggerUI.SwaggerUIMiddleware.Invoke(HttpContext httpContext)
   at Swashbuckle.AspNetCore.Swagger.SwaggerMiddleware.Invoke(HttpContext httpContext, ISwaggerProvider swaggerProvider)
   at Serilog.AspNetCore.RequestLoggingMiddleware.Invoke(HttpContext httpContext)
[14:02:20 INF] HTTP OPTIONS /api/diagnostics responded 204 in 0.0268 ms
[14:02:20 INF] HTTP OPTIONS /api/dashboard responded 204 in 0.0287 ms
[14:02:20 ERR] An error occurred using the connection to database 'defaultdb' on server 'tcp://sneaky-newfie-16368.jxf.gcp-europe-west3.cockroachlabs.cloud:26257'.
[14:02:20 ERR] An error occurred using the connection to database 'defaultdb' on server 'tcp://sneaky-newfie-16368.jxf.gcp-europe-west3.cockroachlabs.cloud:26257'.
[14:02:20 ERR] HTTP GET /api/events responded 500 in 8994.7175 ms
System.Threading.Tasks.TaskCanceledException: A task was canceled.
   at Npgsql.Internal.NpgsqlWriteBuffer.Flush(Boolean async, CancellationToken cancellationToken)
   at Npgsql.Internal.NpgsqlConnector.AuthenticateSASL(List`1 mechanisms, String username, Boolean async, CancellationToken cancellationToken)
   at Npgsql.Internal.NpgsqlConnector.Authenticate(String username, NpgsqlTimeout timeout, Boolean async, CancellationToken cancellationToken)
   at Npgsql.Internal.NpgsqlConnector.<Open>g__OpenCore|214_1(NpgsqlConnector conn, SslMode sslMode, NpgsqlTimeout timeout, Boolean async, CancellationToken cancellationToken)
   at Npgsql.Internal.NpgsqlConnector.Open(NpgsqlTimeout timeout, Boolean async, CancellationToken cancellationToken)
   at Npgsql.PoolingDataSource.OpenNewConnector(NpgsqlConnection conn, NpgsqlTimeout timeout, Boolean async, CancellationToken cancellationToken)
   at Npgsql.PoolingDataSource.<Get>g__RentAsync|33_0(NpgsqlConnection conn, NpgsqlTimeout timeout, Boolean async, CancellationToken cancellationToken)
   at Npgsql.NpgsqlConnection.<Open>g__OpenAsync|42_0(Boolean async, CancellationToken cancellationToken)
   at Microsoft.EntityFrameworkCore.Storage.RelationalConnection.OpenInternalAsync(Boolean errorsExpected, CancellationToken cancellationToken)
   at Microsoft.EntityFrameworkCore.Storage.RelationalConnection.OpenInternalAsync(Boolean errorsExpected, CancellationToken cancellationToken)
   at Microsoft.EntityFrameworkCore.Storage.RelationalConnection.OpenAsync(CancellationToken cancellationToken, Boolean errorsExpected)
   at Microsoft.EntityFrameworkCore.Storage.RelationalCommand.ExecuteReaderAsync(RelationalCommandParameterObject parameterObject, CancellationToken cancellationToken)
   at Microsoft.EntityFrameworkCore.Query.Internal.SingleQueryingEnumerable`1.AsyncEnumerator.InitializeReaderAsync(AsyncEnumerator enumerator, CancellationToken cancellationToken)
   at Microsoft.EntityFrameworkCore.Storage.ExecutionStrategy.<>c__DisplayClass30_0`2.<<ExecuteAsync>b__0>d.MoveNext()
--- End of stack trace from previous location ---
   at Microsoft.EntityFrameworkCore.Storage.ExecutionStrategy.ExecuteImplementationAsync[TState,TResult](Func`4 operation, Func`4 verifySucceeded, TState state, CancellationToken cancellationToken)
   at Microsoft.EntityFrameworkCore.Storage.ExecutionStrategy.ExecuteImplementationAsync[TState,TResult](Func`4 operation, Func`4 verifySucceeded, TState state, CancellationToken cancellationToken)
   at Microsoft.EntityFrameworkCore.Storage.ExecutionStrategy.ExecuteAsync[TState,TResult](TState state, Func`4 operation, Func`4 verifySucceeded, CancellationToken cancellationToken)
   at Microsoft.EntityFrameworkCore.Query.Internal.SingleQueryingEnumerable`1.AsyncEnumerator.MoveNextAsync()
   at Microsoft.EntityFrameworkCore.EntityFrameworkQueryableExtensions.ToListAsync[TSource](IQueryable`1 source, CancellationToken cancellationToken)
   at Microsoft.EntityFrameworkCore.EntityFrameworkQueryableExtensions.ToListAsync[TSource](IQueryable`1 source, CancellationToken cancellationToken)
   at Microsoft.EntityFrameworkCore.EntityFrameworkQueryableExtensions.ToArrayAsync[TSource](IQueryable`1 source, CancellationToken cancellationToken)
   at SysAssist.Infrastructure.Services.SysAssistApiService.ListEventsAsync(CancellationToken cancellationToken) in C:\Users\8-Bits\Desktop\Sys\SysAssist\src\SysAssist.Infrastructure\Services\SysAssistApiService.cs:line 62
   at Program.<>c.<<<Main>$>b__0_12>d.MoveNext() in C:\Users\8-Bits\Desktop\Sys\SysAssist\src\SysAssist.Api\Program.cs:line 183
--- End of stack trace from previous location ---
   at Microsoft.AspNetCore.Http.RequestDelegateFactory.ExecuteTaskResult[T](Task`1 task, HttpContext httpContext)
   at Microsoft.AspNetCore.Authorization.AuthorizationMiddleware.Invoke(HttpContext context)
   at Microsoft.AspNetCore.Authentication.AuthenticationMiddleware.Invoke(HttpContext context)
   at Swashbuckle.AspNetCore.SwaggerUI.SwaggerUIMiddleware.Invoke(HttpContext httpContext)
   at Swashbuckle.AspNetCore.Swagger.SwaggerMiddleware.Invoke(HttpContext httpContext, ISwaggerProvider swaggerProvider)
   at Serilog.AspNetCore.RequestLoggingMiddleware.Invoke(HttpContext httpContext)
[14:02:20 ERR] HTTP GET /api/dashboard responded 500 in 13587.2191 ms
System.Threading.Tasks.TaskCanceledException: A task was canceled.
   at Npgsql.Internal.NpgsqlWriteBuffer.Flush(Boolean async, CancellationToken cancellationToken)
   at Npgsql.Internal.NpgsqlConnector.AuthenticateSASL(List`1 mechanisms, String username, Boolean async, CancellationToken cancellationToken)
   at Npgsql.Internal.NpgsqlConnector.Authenticate(String username, NpgsqlTimeout timeout, Boolean async, CancellationToken cancellationToken)
   at Npgsql.Internal.NpgsqlConnector.<Open>g__OpenCore|214_1(NpgsqlConnector conn, SslMode sslMode, NpgsqlTimeout timeout, Boolean async, CancellationToken cancellationToken)
   at Npgsql.Internal.NpgsqlConnector.Open(NpgsqlTimeout timeout, Boolean async, CancellationToken cancellationToken)
   at Npgsql.PoolingDataSource.OpenNewConnector(NpgsqlConnection conn, NpgsqlTimeout timeout, Boolean async, CancellationToken cancellationToken)
   at Npgsql.PoolingDataSource.<Get>g__RentAsync|33_0(NpgsqlConnection conn, NpgsqlTimeout timeout, Boolean async, CancellationToken cancellationToken)
   at Npgsql.NpgsqlConnection.<Open>g__OpenAsync|42_0(Boolean async, CancellationToken cancellationToken)
   at Microsoft.EntityFrameworkCore.Storage.RelationalConnection.OpenInternalAsync(Boolean errorsExpected, CancellationToken cancellationToken)
   at Microsoft.EntityFrameworkCore.Storage.RelationalConnection.OpenInternalAsync(Boolean errorsExpected, CancellationToken cancellationToken)
   at Microsoft.EntityFrameworkCore.Storage.RelationalConnection.OpenAsync(CancellationToken cancellationToken, Boolean errorsExpected)
   at Microsoft.EntityFrameworkCore.Storage.RelationalCommand.ExecuteReaderAsync(RelationalCommandParameterObject parameterObject, CancellationToken cancellationToken)
   at Microsoft.EntityFrameworkCore.Query.Internal.SingleQueryingEnumerable`1.AsyncEnumerator.InitializeReaderAsync(AsyncEnumerator enumerator, CancellationToken cancellationToken)
   at Microsoft.EntityFrameworkCore.Storage.ExecutionStrategy.<>c__DisplayClass30_0`2.<<ExecuteAsync>b__0>d.MoveNext()
--- End of stack trace from previous location ---
   at Microsoft.EntityFrameworkCore.Storage.ExecutionStrategy.ExecuteImplementationAsync[TState,TResult](Func`4 operation, Func`4 verifySucceeded, TState state, CancellationToken cancellationToken)
   at Microsoft.EntityFrameworkCore.Storage.ExecutionStrategy.ExecuteImplementationAsync[TState,TResult](Func`4 operation, Func`4 verifySucceeded, TState state, CancellationToken cancellationToken)
   at Microsoft.EntityFrameworkCore.Storage.ExecutionStrategy.ExecuteAsync[TState,TResult](TState state, Func`4 operation, Func`4 verifySucceeded, CancellationToken cancellationToken)
   at Microsoft.EntityFrameworkCore.Query.Internal.SingleQueryingEnumerable`1.AsyncEnumerator.MoveNextAsync()
   at Microsoft.EntityFrameworkCore.EntityFrameworkQueryableExtensions.ToListAsync[TSource](IQueryable`1 source, CancellationToken cancellationToken)
   at Microsoft.EntityFrameworkCore.EntityFrameworkQueryableExtensions.ToListAsync[TSource](IQueryable`1 source, CancellationToken cancellationToken)
   at Microsoft.EntityFrameworkCore.EntityFrameworkQueryableExtensions.ToArrayAsync[TSource](IQueryable`1 source, CancellationToken cancellationToken)
   at SysAssist.Infrastructure.Services.SysAssistApiService.ListEventsAsync(CancellationToken cancellationToken) in C:\Users\8-Bits\Desktop\Sys\SysAssist\src\SysAssist.Infrastructure\Services\SysAssistApiService.cs:line 62
   at SysAssist.Infrastructure.Services.SysAssistApiService.GetDashboardAsync(CancellationToken cancellationToken) in C:\Users\8-Bits\Desktop\Sys\SysAssist\src\SysAssist.Infrastructure\Services\SysAssistApiService.cs:line 36
   at Program.<>c.<<<Main>$>b__0_10>d.MoveNext() in C:\Users\8-Bits\Desktop\Sys\SysAssist\src\SysAssist.Api\Program.cs:line 174
--- End of stack trace from previous location ---
   at Microsoft.AspNetCore.Http.RequestDelegateFactory.ExecuteTaskResult[T](Task`1 task, HttpContext httpContext)
   at Microsoft.AspNetCore.Authorization.AuthorizationMiddleware.Invoke(HttpContext context)
   at Microsoft.AspNetCore.Authentication.AuthenticationMiddleware.Invoke(HttpContext context)
   at Swashbuckle.AspNetCore.SwaggerUI.SwaggerUIMiddleware.Invoke(HttpContext httpContext)
   at Swashbuckle.AspNetCore.Swagger.SwaggerMiddleware.Invoke(HttpContext httpContext, ISwaggerProvider swaggerProvider)
   at Serilog.AspNetCore.RequestLoggingMiddleware.Invoke(HttpContext httpContext)
[14:02:20 ERR] An error occurred using the connection to database 'defaultdb' on server 'tcp://sneaky-newfie-16368.jxf.gcp-europe-west3.cockroachlabs.cloud:26257'.
[14:02:20 ERR] HTTP GET /api/actions responded 500 in 5229.2382 ms
System.Threading.Tasks.TaskCanceledException: A task was canceled.
   at Npgsql.Internal.NpgsqlWriteBuffer.Flush(Boolean async, CancellationToken cancellationToken)
   at Npgsql.Internal.NpgsqlConnector.AuthenticateSASL(List`1 mechanisms, String username, Boolean async, CancellationToken cancellationToken)
   at Npgsql.Internal.NpgsqlConnector.Authenticate(String username, NpgsqlTimeout timeout, Boolean async, CancellationToken cancellationToken)
   at Npgsql.Internal.NpgsqlConnector.<Open>g__OpenCore|214_1(NpgsqlConnector conn, SslMode sslMode, NpgsqlTimeout timeout, Boolean async, CancellationToken cancellationToken)
   at Npgsql.Internal.NpgsqlConnector.Open(NpgsqlTimeout timeout, Boolean async, CancellationToken cancellationToken)
   at Npgsql.PoolingDataSource.OpenNewConnector(NpgsqlConnection conn, NpgsqlTimeout timeout, Boolean async, CancellationToken cancellationToken)
   at Npgsql.PoolingDataSource.<Get>g__RentAsync|33_0(NpgsqlConnection conn, NpgsqlTimeout timeout, Boolean async, CancellationToken cancellationToken)
   at Npgsql.NpgsqlConnection.<Open>g__OpenAsync|42_0(Boolean async, CancellationToken cancellationToken)
   at Microsoft.EntityFrameworkCore.Storage.RelationalConnection.OpenInternalAsync(Boolean errorsExpected, CancellationToken cancellationToken)
   at Microsoft.EntityFrameworkCore.Storage.RelationalConnection.OpenInternalAsync(Boolean errorsExpected, CancellationToken cancellationToken)
   at Microsoft.EntityFrameworkCore.Storage.RelationalConnection.OpenAsync(CancellationToken cancellationToken, Boolean errorsExpected)
   at Microsoft.EntityFrameworkCore.Storage.RelationalCommand.ExecuteReaderAsync(RelationalCommandParameterObject parameterObject, CancellationToken cancellationToken)
   at Microsoft.EntityFrameworkCore.Query.Internal.SingleQueryingEnumerable`1.AsyncEnumerator.InitializeReaderAsync(AsyncEnumerator enumerator, CancellationToken cancellationToken)
   at Microsoft.EntityFrameworkCore.Storage.ExecutionStrategy.<>c__DisplayClass30_0`2.<<ExecuteAsync>b__0>d.MoveNext()
--- End of stack trace from previous location ---
   at Microsoft.EntityFrameworkCore.Storage.ExecutionStrategy.ExecuteImplementationAsync[TState,TResult](Func`4 operation, Func`4 verifySucceeded, TState state, CancellationToken cancellationToken)
   at Microsoft.EntityFrameworkCore.Storage.ExecutionStrategy.ExecuteImplementationAsync[TState,TResult](Func`4 operation, Func`4 verifySucceeded, TState state, CancellationToken cancellationToken)
   at Microsoft.EntityFrameworkCore.Storage.ExecutionStrategy.ExecuteAsync[TState,TResult](TState state, Func`4 operation, Func`4 verifySucceeded, CancellationToken cancellationToken)
   at Microsoft.EntityFrameworkCore.Query.Internal.SingleQueryingEnumerable`1.AsyncEnumerator.MoveNextAsync()
   at Microsoft.EntityFrameworkCore.EntityFrameworkQueryableExtensions.ToListAsync[TSource](IQueryable`1 source, CancellationToken cancellationToken)
   at Microsoft.EntityFrameworkCore.EntityFrameworkQueryableExtensions.ToListAsync[TSource](IQueryable`1 source, CancellationToken cancellationToken)
   at Microsoft.EntityFrameworkCore.EntityFrameworkQueryableExtensions.ToArrayAsync[TSource](IQueryable`1 source, CancellationToken cancellationToken)
   at SysAssist.Infrastructure.Services.SysAssistApiService.ListActionsAsync(CancellationToken cancellationToken) in C:\Users\8-Bits\Desktop\Sys\SysAssist\src\SysAssist.Infrastructure\Services\SysAssistApiService.cs:line 389
   at Program.<>c.<<<Main>$>b__0_33>d.MoveNext() in C:\Users\8-Bits\Desktop\Sys\SysAssist\src\SysAssist.Api\Program.cs:line 233
--- End of stack trace from previous location ---
   at Microsoft.AspNetCore.Http.RequestDelegateFactory.ExecuteTaskResult[T](Task`1 task, HttpContext httpContext)
   at Microsoft.AspNetCore.Authorization.AuthorizationMiddleware.Invoke(HttpContext context)
   at Microsoft.AspNetCore.Authentication.AuthenticationMiddleware.Invoke(HttpContext context)
   at Swashbuckle.AspNetCore.SwaggerUI.SwaggerUIMiddleware.Invoke(HttpContext httpContext)
   at Swashbuckle.AspNetCore.Swagger.SwaggerMiddleware.Invoke(HttpContext httpContext, ISwaggerProvider swaggerProvider)
   at Serilog.AspNetCore.RequestLoggingMiddleware.Invoke(HttpContext httpContext)
[14:02:20 ERR] An error occurred using the connection to database 'defaultdb' on server 'tcp://sneaky-newfie-16368.jxf.gcp-europe-west3.cockroachlabs.cloud:26257'.
[14:02:20 ERR] HTTP GET /api/modules responded 500 in 13615.2585 ms
System.Threading.Tasks.TaskCanceledException: A task was canceled.
   at Npgsql.Internal.NpgsqlWriteBuffer.Flush(Boolean async, CancellationToken cancellationToken)
   at Npgsql.Internal.NpgsqlConnector.AuthenticateSASL(List`1 mechanisms, String username, Boolean async, CancellationToken cancellationToken)
   at Npgsql.Internal.NpgsqlConnector.Authenticate(String username, NpgsqlTimeout timeout, Boolean async, CancellationToken cancellationToken)
   at Npgsql.Internal.NpgsqlConnector.<Open>g__OpenCore|214_1(NpgsqlConnector conn, SslMode sslMode, NpgsqlTimeout timeout, Boolean async, CancellationToken cancellationToken)
   at Npgsql.Internal.NpgsqlConnector.Open(NpgsqlTimeout timeout, Boolean async, CancellationToken cancellationToken)
   at Npgsql.PoolingDataSource.OpenNewConnector(NpgsqlConnection conn, NpgsqlTimeout timeout, Boolean async, CancellationToken cancellationToken)
   at Npgsql.PoolingDataSource.<Get>g__RentAsync|33_0(NpgsqlConnection conn, NpgsqlTimeout timeout, Boolean async, CancellationToken cancellationToken)
   at Npgsql.NpgsqlConnection.<Open>g__OpenAsync|42_0(Boolean async, CancellationToken cancellationToken)
   at Microsoft.EntityFrameworkCore.Storage.RelationalConnection.OpenInternalAsync(Boolean errorsExpected, CancellationToken cancellationToken)
   at Microsoft.EntityFrameworkCore.Storage.RelationalConnection.OpenInternalAsync(Boolean errorsExpected, CancellationToken cancellationToken)
   at Microsoft.EntityFrameworkCore.Storage.RelationalConnection.OpenAsync(CancellationToken cancellationToken, Boolean errorsExpected)
   at Microsoft.EntityFrameworkCore.Storage.RelationalCommand.ExecuteReaderAsync(RelationalCommandParameterObject parameterObject, CancellationToken cancellationToken)
   at Microsoft.EntityFrameworkCore.Query.Internal.SingleQueryingEnumerable`1.AsyncEnumerator.InitializeReaderAsync(AsyncEnumerator enumerator, CancellationToken cancellationToken)
   at Microsoft.EntityFrameworkCore.Storage.ExecutionStrategy.<>c__DisplayClass30_0`2.<<ExecuteAsync>b__0>d.MoveNext()
--- End of stack trace from previous location ---
   at Microsoft.EntityFrameworkCore.Storage.ExecutionStrategy.ExecuteImplementationAsync[TState,TResult](Func`4 operation, Func`4 verifySucceeded, TState state, CancellationToken cancellationToken)
   at Microsoft.EntityFrameworkCore.Storage.ExecutionStrategy.ExecuteImplementationAsync[TState,TResult](Func`4 operation, Func`4 verifySucceeded, TState state, CancellationToken cancellationToken)
   at Microsoft.EntityFrameworkCore.Storage.ExecutionStrategy.ExecuteAsync[TState,TResult](TState state, Func`4 operation, Func`4 verifySucceeded, CancellationToken cancellationToken)
   at Microsoft.EntityFrameworkCore.Query.Internal.SingleQueryingEnumerable`1.AsyncEnumerator.MoveNextAsync()
   at Microsoft.EntityFrameworkCore.EntityFrameworkQueryableExtensions.ToListAsync[TSource](IQueryable`1 source, CancellationToken cancellationToken)
   at Microsoft.EntityFrameworkCore.EntityFrameworkQueryableExtensions.ToListAsync[TSource](IQueryable`1 source, CancellationToken cancellationToken)
   at Microsoft.EntityFrameworkCore.EntityFrameworkQueryableExtensions.ToArrayAsync[TSource](IQueryable`1 source, CancellationToken cancellationToken)
   at SysAssist.Infrastructure.Services.SysAssistApiService.ListModulesAsync(CancellationToken cancellationToken) in C:\Users\8-Bits\Desktop\Sys\SysAssist\src\SysAssist.Infrastructure\Services\SysAssistApiService.cs:line 185
   at Program.<>c.<<<Main>$>b__0_19>d.MoveNext() in C:\Users\8-Bits\Desktop\Sys\SysAssist\src\SysAssist.Api\Program.cs:line 200
--- End of stack trace from previous location ---
   at Microsoft.AspNetCore.Http.RequestDelegateFactory.ExecuteTaskResult[T](Task`1 task, HttpContext httpContext)
   at Microsoft.AspNetCore.Authorization.AuthorizationMiddleware.Invoke(HttpContext context)
   at Microsoft.AspNetCore.Authentication.AuthenticationMiddleware.Invoke(HttpContext context)
   at Swashbuckle.AspNetCore.SwaggerUI.SwaggerUIMiddleware.Invoke(HttpContext httpContext)
   at Swashbuckle.AspNetCore.Swagger.SwaggerMiddleware.Invoke(HttpContext httpContext, ISwaggerProvider swaggerProvider)
   at Serilog.AspNetCore.RequestLoggingMiddleware.Invoke(HttpContext httpContext)
[14:02:20 ERR] An error occurred using the connection to database 'defaultdb' on server 'tcp://sneaky-newfie-16368.jxf.gcp-europe-west3.cockroachlabs.cloud:26257'.
[14:02:20 ERR] An exception occurred while iterating over the results of a query for context type 'SysAssist.Infrastructure.Data.SysAssistDbContext'.
Npgsql.NpgsqlException (0x80004005): Exception while performing SSL handshake
 ---> System.Threading.Tasks.TaskCanceledException: A task was canceled.
   at System.Net.Security.SslStream.ForceAuthenticationAsync[TIOAdapter](Boolean receiveFirst, Byte[] reAuthenticationData, CancellationToken cancellationToken)
   at Npgsql.Internal.NpgsqlConnector.NegotiateEncryption(SslMode sslMode, NpgsqlTimeout timeout, Boolean async, CancellationToken cancellationToken)
   at Npgsql.Internal.NpgsqlConnector.NegotiateEncryption(SslMode sslMode, NpgsqlTimeout timeout, Boolean async, CancellationToken cancellationToken)
   at Npgsql.Internal.NpgsqlConnector.RawOpen(SslMode sslMode, NpgsqlTimeout timeout, Boolean async, CancellationToken cancellationToken)
   at Npgsql.Internal.NpgsqlConnector.<Open>g__OpenCore|214_1(NpgsqlConnector conn, SslMode sslMode, NpgsqlTimeout timeout, Boolean async, CancellationToken cancellationToken)
   at Npgsql.Internal.NpgsqlConnector.Open(NpgsqlTimeout timeout, Boolean async, CancellationToken cancellationToken)
   at Npgsql.PoolingDataSource.OpenNewConnector(NpgsqlConnection conn, NpgsqlTimeout timeout, Boolean async, CancellationToken cancellationToken)
   at Npgsql.PoolingDataSource.<Get>g__RentAsync|33_0(NpgsqlConnection conn, NpgsqlTimeout timeout, Boolean async, CancellationToken cancellationToken)
   at Npgsql.NpgsqlConnection.<Open>g__OpenAsync|42_0(Boolean async, CancellationToken cancellationToken)
   at Microsoft.EntityFrameworkCore.Storage.RelationalConnection.OpenInternalAsync(Boolean errorsExpected, CancellationToken cancellationToken)
   at Microsoft.EntityFrameworkCore.Storage.RelationalConnection.OpenInternalAsync(Boolean errorsExpected, CancellationToken cancellationToken)
   at Microsoft.EntityFrameworkCore.Storage.RelationalConnection.OpenAsync(CancellationToken cancellationToken, Boolean errorsExpected)
   at Microsoft.EntityFrameworkCore.Storage.RelationalCommand.ExecuteReaderAsync(RelationalCommandParameterObject parameterObject, CancellationToken cancellationToken)
   at Microsoft.EntityFrameworkCore.Query.Internal.SingleQueryingEnumerable`1.AsyncEnumerator.InitializeReaderAsync(AsyncEnumerator enumerator, CancellationToken cancellationToken)
   at Microsoft.EntityFrameworkCore.Storage.ExecutionStrategy.<>c__DisplayClass30_0`2.<<ExecuteAsync>b__0>d.MoveNext()
--- End of stack trace from previous location ---
   at Microsoft.EntityFrameworkCore.Storage.ExecutionStrategy.ExecuteImplementationAsync[TState,TResult](Func`4 operation, Func`4 verifySucceeded, TState state, CancellationToken cancellationToken)
   at Microsoft.EntityFrameworkCore.Storage.ExecutionStrategy.ExecuteImplementationAsync[TState,TResult](Func`4 operation, Func`4 verifySucceeded, TState state, CancellationToken cancellationToken)
   at Microsoft.EntityFrameworkCore.Storage.ExecutionStrategy.ExecuteAsync[TState,TResult](TState state, Func`4 operation, Func`4 verifySucceeded, CancellationToken cancellationToken)
   at Microsoft.EntityFrameworkCore.Query.Internal.SingleQueryingEnumerable`1.AsyncEnumerator.MoveNextAsync()
Npgsql.NpgsqlException (0x80004005): Exception while performing SSL handshake
 ---> System.Threading.Tasks.TaskCanceledException: A task was canceled.
   at System.Net.Security.SslStream.ForceAuthenticationAsync[TIOAdapter](Boolean receiveFirst, Byte[] reAuthenticationData, CancellationToken cancellationToken)
   at Npgsql.Internal.NpgsqlConnector.NegotiateEncryption(SslMode sslMode, NpgsqlTimeout timeout, Boolean async, CancellationToken cancellationToken)
   at Npgsql.Internal.NpgsqlConnector.NegotiateEncryption(SslMode sslMode, NpgsqlTimeout timeout, Boolean async, CancellationToken cancellationToken)
   at Npgsql.Internal.NpgsqlConnector.RawOpen(SslMode sslMode, NpgsqlTimeout timeout, Boolean async, CancellationToken cancellationToken)
   at Npgsql.Internal.NpgsqlConnector.<Open>g__OpenCore|214_1(NpgsqlConnector conn, SslMode sslMode, NpgsqlTimeout timeout, Boolean async, CancellationToken cancellationToken)
   at Npgsql.Internal.NpgsqlConnector.Open(NpgsqlTimeout timeout, Boolean async, CancellationToken cancellationToken)
   at Npgsql.PoolingDataSource.OpenNewConnector(NpgsqlConnection conn, NpgsqlTimeout timeout, Boolean async, CancellationToken cancellationToken)
   at Npgsql.PoolingDataSource.<Get>g__RentAsync|33_0(NpgsqlConnection conn, NpgsqlTimeout timeout, Boolean async, CancellationToken cancellationToken)
   at Npgsql.NpgsqlConnection.<Open>g__OpenAsync|42_0(Boolean async, CancellationToken cancellationToken)
   at Microsoft.EntityFrameworkCore.Storage.RelationalConnection.OpenInternalAsync(Boolean errorsExpected, CancellationToken cancellationToken)
   at Microsoft.EntityFrameworkCore.Storage.RelationalConnection.OpenInternalAsync(Boolean errorsExpected, CancellationToken cancellationToken)
   at Microsoft.EntityFrameworkCore.Storage.RelationalConnection.OpenAsync(CancellationToken cancellationToken, Boolean errorsExpected)
   at Microsoft.EntityFrameworkCore.Storage.RelationalCommand.ExecuteReaderAsync(RelationalCommandParameterObject parameterObject, CancellationToken cancellationToken)
   at Microsoft.EntityFrameworkCore.Query.Internal.SingleQueryingEnumerable`1.AsyncEnumerator.InitializeReaderAsync(AsyncEnumerator enumerator, CancellationToken cancellationToken)
   at Microsoft.EntityFrameworkCore.Storage.ExecutionStrategy.<>c__DisplayClass30_0`2.<<ExecuteAsync>b__0>d.MoveNext()
--- End of stack trace from previous location ---
   at Microsoft.EntityFrameworkCore.Storage.ExecutionStrategy.ExecuteImplementationAsync[TState,TResult](Func`4 operation, Func`4 verifySucceeded, TState state, CancellationToken cancellationToken)
   at Microsoft.EntityFrameworkCore.Storage.ExecutionStrategy.ExecuteImplementationAsync[TState,TResult](Func`4 operation, Func`4 verifySucceeded, TState state, CancellationToken cancellationToken)
   at Microsoft.EntityFrameworkCore.Storage.ExecutionStrategy.ExecuteAsync[TState,TResult](TState state, Func`4 operation, Func`4 verifySucceeded, CancellationToken cancellationToken)
   at Microsoft.EntityFrameworkCore.Query.Internal.SingleQueryingEnumerable`1.AsyncEnumerator.MoveNextAsync()
[14:02:20 ERR] HTTP GET /api/diagnostics responded 500 in 13669.8802 ms
Npgsql.NpgsqlException (0x80004005): Exception while performing SSL handshake
 ---> System.Threading.Tasks.TaskCanceledException: A task was canceled.
   at System.Net.Security.SslStream.ForceAuthenticationAsync[TIOAdapter](Boolean receiveFirst, Byte[] reAuthenticationData, CancellationToken cancellationToken)
   at Npgsql.Internal.NpgsqlConnector.NegotiateEncryption(SslMode sslMode, NpgsqlTimeout timeout, Boolean async, CancellationToken cancellationToken)
   at Npgsql.Internal.NpgsqlConnector.NegotiateEncryption(SslMode sslMode, NpgsqlTimeout timeout, Boolean async, CancellationToken cancellationToken)
   at Npgsql.Internal.NpgsqlConnector.RawOpen(SslMode sslMode, NpgsqlTimeout timeout, Boolean async, CancellationToken cancellationToken)
   at Npgsql.Internal.NpgsqlConnector.<Open>g__OpenCore|214_1(NpgsqlConnector conn, SslMode sslMode, NpgsqlTimeout timeout, Boolean async, CancellationToken cancellationToken)
   at Npgsql.Internal.NpgsqlConnector.Open(NpgsqlTimeout timeout, Boolean async, CancellationToken cancellationToken)
   at Npgsql.PoolingDataSource.OpenNewConnector(NpgsqlConnection conn, NpgsqlTimeout timeout, Boolean async, CancellationToken cancellationToken)
   at Npgsql.PoolingDataSource.<Get>g__RentAsync|33_0(NpgsqlConnection conn, NpgsqlTimeout timeout, Boolean async, CancellationToken cancellationToken)
   at Npgsql.NpgsqlConnection.<Open>g__OpenAsync|42_0(Boolean async, CancellationToken cancellationToken)
   at Microsoft.EntityFrameworkCore.Storage.RelationalConnection.OpenInternalAsync(Boolean errorsExpected, CancellationToken cancellationToken)
   at Microsoft.EntityFrameworkCore.Storage.RelationalConnection.OpenInternalAsync(Boolean errorsExpected, CancellationToken cancellationToken)
   at Microsoft.EntityFrameworkCore.Storage.RelationalConnection.OpenAsync(CancellationToken cancellationToken, Boolean errorsExpected)
   at Microsoft.EntityFrameworkCore.Storage.RelationalCommand.ExecuteReaderAsync(RelationalCommandParameterObject parameterObject, CancellationToken cancellationToken)
   at Microsoft.EntityFrameworkCore.Query.Internal.SingleQueryingEnumerable`1.AsyncEnumerator.InitializeReaderAsync(AsyncEnumerator enumerator, CancellationToken cancellationToken)
   at Microsoft.EntityFrameworkCore.Storage.ExecutionStrategy.<>c__DisplayClass30_0`2.<<ExecuteAsync>b__0>d.MoveNext()
--- End of stack trace from previous location ---
   at Microsoft.EntityFrameworkCore.Storage.ExecutionStrategy.ExecuteImplementationAsync[TState,TResult](Func`4 operation, Func`4 verifySucceeded, TState state, CancellationToken cancellationToken)
   at Microsoft.EntityFrameworkCore.Storage.ExecutionStrategy.ExecuteImplementationAsync[TState,TResult](Func`4 operation, Func`4 verifySucceeded, TState state, CancellationToken cancellationToken)
   at Microsoft.EntityFrameworkCore.Storage.ExecutionStrategy.ExecuteAsync[TState,TResult](TState state, Func`4 operation, Func`4 verifySucceeded, CancellationToken cancellationToken)
   at Microsoft.EntityFrameworkCore.Query.Internal.SingleQueryingEnumerable`1.AsyncEnumerator.MoveNextAsync()
   at Microsoft.EntityFrameworkCore.EntityFrameworkQueryableExtensions.ToListAsync[TSource](IQueryable`1 source, CancellationToken cancellationToken)
   at Microsoft.EntityFrameworkCore.EntityFrameworkQueryableExtensions.ToListAsync[TSource](IQueryable`1 source, CancellationToken cancellationToken)
   at Microsoft.EntityFrameworkCore.EntityFrameworkQueryableExtensions.ToArrayAsync[TSource](IQueryable`1 source, CancellationToken cancellationToken)
   at SysAssist.Infrastructure.Services.SysAssistApiService.GetDiagnosticsAsync(CancellationToken cancellationToken) in C:\Users\8-Bits\Desktop\Sys\SysAssist\src\SysAssist.Infrastructure\Services\SysAssistApiService.cs:line 570
   at Program.<>c.<<<Main>$>b__0_45>d.MoveNext() in C:\Users\8-Bits\Desktop\Sys\SysAssist\src\SysAssist.Api\Program.cs:line 280
--- End of stack trace from previous location ---
   at Microsoft.AspNetCore.Http.RequestDelegateFactory.ExecuteTaskResult[T](Task`1 task, HttpContext httpContext)
   at Microsoft.AspNetCore.Authorization.AuthorizationMiddleware.Invoke(HttpContext context)
   at Microsoft.AspNetCore.Authentication.AuthenticationMiddleware.Invoke(HttpContext context)
   at Swashbuckle.AspNetCore.SwaggerUI.SwaggerUIMiddleware.Invoke(HttpContext httpContext)
   at Swashbuckle.AspNetCore.Swagger.SwaggerMiddleware.Invoke(HttpContext httpContext, ISwaggerProvider swaggerProvider)
   at Serilog.AspNetCore.RequestLoggingMiddleware.Invoke(HttpContext httpContext)
[14:02:24 INF] HTTP GET /api/modules responded 200 in 4218.7877 ms
[14:02:25 INF] HTTP GET /api/modules responded 200 in 619.0789 ms
[14:02:25 INF] HTTP GET /api/modules responded 200 in 612.3728 ms
[14:02:25 INF] HTTP OPTIONS /api/modules/019e8055-e953-745d-8b2c-5375dd1b1083/settings responded 204 in 0.0321 ms
[14:02:26 INF] HTTP GET /api/dashboard responded 200 in 6466.0181 ms
[14:02:27 INF] HTTP GET /api/diagnostics responded 200 in 6945.0864 ms
[14:02:27 INF] HTTP GET /api/modules/019e8055-e953-745d-8b2c-5375dd1b1083/settings responded 200 in 1805.3202 ms
[14:02:41 INF] HTTP OPTIONS /api/diagnostics responded 204 in 0.0377 ms
[14:02:41 INF] HTTP OPTIONS /api/modules responded 204 in 0.0227 ms
[14:02:41 INF] HTTP OPTIONS /api/modules responded 204 in 0.0097 ms
[14:02:41 INF] HTTP OPTIONS /api/modules/019e8055-e953-745d-8b2c-5375dd1b1083/settings responded 204 in 0.0091 ms
[14:02:42 INF] HTTP GET /api/modules responded 200 in 608.1061 ms
[14:02:42 INF] HTTP GET /api/modules responded 200 in 605.9788 ms
[14:02:43 INF] HTTP OPTIONS /api/actions responded 204 in 0.0300 ms
[14:02:43 INF] HTTP GET /api/modules/019e8055-e953-745d-8b2c-5375dd1b1083/settings responded 200 in 1831.0495 ms
[14:02:43 INF] HTTP GET /api/modules responded 200 in 616.4572 ms
[14:02:44 INF] HTTP GET /api/diagnostics responded 200 in 3212.6884 ms
[14:02:46 INF] HTTP OPTIONS /api/audit responded 204 in 0.0429 ms
[14:02:46 INF] HTTP GET /api/audit responded 200 in 613.1796 ms
[14:02:47 INF] HTTP GET /api/actions responded 200 in 4067.5294 ms
[14:03:14 INF] HTTP OPTIONS /api/diagnostics responded 204 in 0.0433 ms
[14:03:14 INF] HTTP OPTIONS /api/modules responded 204 in 0.0347 ms
[14:03:14 INF] HTTP OPTIONS /api/audit responded 204 in 0.0167 ms
[14:03:14 INF] HTTP GET /api/audit responded 200 in 599.9786 ms
[14:03:14 INF] HTTP GET /api/modules responded 200 in 603.7444 ms
[14:03:17 INF] HTTP GET /api/diagnostics responded 200 in 3202.9847 ms
[14:03:37 INF] HTTP OPTIONS /api/diagnostics responded 204 in 0.0412 ms
[14:03:37 INF] HTTP OPTIONS /api/modules responded 204 in 0.0201 ms
[14:03:37 INF] HTTP OPTIONS /api/audit responded 204 in 0.0092 ms
[14:03:38 INF] HTTP GET /api/modules responded 200 in 606.0712 ms
[14:03:38 INF] HTTP GET /api/audit responded 200 in 611.1983 ms
[14:03:41 INF] HTTP GET /api/diagnostics responded 200 in 3198.7606 ms
[14:03:58 INF] HTTP OPTIONS /api/diagnostics responded 204 in 0.0394 ms
[14:03:58 INF] HTTP OPTIONS /api/modules responded 204 in 0.0198 ms
[14:03:58 INF] HTTP OPTIONS /api/audit responded 204 in 0.0153 ms
[14:03:58 INF] HTTP GET /api/modules responded 200 in 612.0699 ms
[14:03:58 INF] HTTP GET /api/audit responded 200 in 620.7941 ms
[14:04:01 INF] HTTP GET /api/diagnostics responded 200 in 3212.6867 ms
[14:04:17 INF] HTTP OPTIONS /api/diagnostics responded 204 in 0.0538 ms
[14:04:17 INF] HTTP OPTIONS /api/modules responded 204 in 0.0248 ms
[14:04:17 INF] HTTP OPTIONS /api/audit responded 204 in 0.0260 ms
[14:04:17 INF] HTTP GET /api/modules responded 200 in 601.2342 ms
[14:04:17 INF] HTTP GET /api/audit responded 200 in 608.5397 ms
[14:04:19 INF] HTTP OPTIONS /api/logs responded 204 in 0.0280 ms
[14:04:20 INF] HTTP GET /api/diagnostics responded 200 in 3214.8195 ms
[14:04:20 INF] HTTP GET /api/logs responded 200 in 610.4807 ms
[14:04:24 INF] HTTP OPTIONS /api/notifications responded 204 in 0.0323 ms
[14:04:24 INF] HTTP GET /api/notifications responded 200 in 590.2238 ms
[14:04:27 INF] HTTP OPTIONS /api/notifications/019e805f-7d0a-7982-a980-11f53b6c9bf2/mark-read responded 204 in 0.0296 ms
[14:04:27 INF] HTTP POST /api/notifications/019e805f-7d0a-7982-a980-11f53b6c9bf2/mark-read responded 200 in 606.6357 ms
[14:04:28 INF] HTTP GET /api/notifications responded 200 in 613.9531 ms
[14:04:30 INF] HTTP OPTIONS /api/users responded 204 in 0.0296 ms
[14:04:30 INF] HTTP OPTIONS /api/roles responded 204 in 0.0112 ms
[14:04:31 INF] HTTP GET /api/users responded 200 in 619.6668 ms
[14:04:31 INF] HTTP GET /api/roles responded 200 in 630.0440 ms
[14:04:41 INF] HTTP OPTIONS /api/diagnostics responded 204 in 0.0368 ms
[14:04:43 INF] HTTP OPTIONS /api/modules responded 204 in 0.0469 ms
[14:04:44 INF] HTTP GET /api/modules responded 200 in 600.5484 ms
[14:04:44 INF] HTTP GET /api/diagnostics responded 200 in 3241.6993 ms
[14:04:47 INF] HTTP GET /api/diagnostics responded 200 in 3244.7901 ms
[14:04:49 INF] HTTP OPTIONS /api/diagnostics/run responded 204 in 0.0314 ms
[14:04:49 INF] HTTP POST /api/diagnostics/run responded 200 in 620.5645 ms
[14:04:49 INF] HTTP OPTIONS /api/diagnostics responded 204 in 0.0272 ms
[14:04:49 INF] HTTP OPTIONS /api/diagnostics responded 204 in 0.0139 ms
[14:04:52 INF] HTTP GET /api/diagnostics responded 200 in 3189.6907 ms
[14:04:56 INF] HTTP GET /api/diagnostics responded 200 in 3206.1325 ms
[14:05:09 INF] HTTP OPTIONS /api/diagnostics responded 204 in 0.0346 ms
[14:05:09 INF] HTTP OPTIONS /api/modules responded 204 in 0.0290 ms
[14:05:09 INF] HTTP OPTIONS /api/diagnostics responded 204 in 0.0116 ms
[14:05:10 INF] HTTP GET /api/modules responded 200 in 606.6696 ms
[14:05:12 INF] HTTP GET /api/diagnostics responded 200 in 3256.1442 ms
[14:05:15 INF] HTTP GET /api/diagnostics responded 200 in 3187.3037 ms
[14:06:26 INF] HTTP OPTIONS /api/diagnostics responded 204 in 0.0344 ms
[14:06:26 INF] HTTP OPTIONS /api/modules responded 204 in 0.0126 ms
[14:06:26 INF] HTTP GET /api/modules responded 200 in 592.9773 ms
[14:06:27 INF] HTTP OPTIONS /api/dashboard responded 204 in 0.0309 ms
[14:06:28 INF] HTTP GET /api/modules responded 200 in 601.6451 ms
[14:06:29 INF] HTTP GET /api/diagnostics responded 200 in 3178.1919 ms
[14:06:30 INF] HTTP GET /api/dashboard responded 200 in 3032.3846 ms
[14:06:32 INF] HTTP GET /api/diagnostics responded 200 in 3131.6332 ms
[14:06:33 INF] HTTP OPTIONS /api/diagnostics responded 204 in 0.0399 ms
[14:06:33 INF] HTTP OPTIONS /api/modules responded 204 in 0.0197 ms
[14:06:33 INF] HTTP OPTIONS /api/dashboard responded 204 in 0.0402 ms
[14:06:33 INF] HTTP OPTIONS /api/diagnostics responded 204 in 0.0260 ms
[14:06:33 INF] HTTP OPTIONS /api/modules responded 204 in 0.0280 ms
[14:06:33 INF] HTTP OPTIONS /api/modules responded 204 in 0.0110 ms
[14:06:33 INF] HTTP OPTIONS /api/actions responded 204 in 0.0115 ms
[14:06:33 INF] HTTP GET /api/modules responded 200 in 648.5442 ms
[14:06:34 INF] HTTP GET /api/modules responded 200 in 598.3830 ms
[14:06:36 INF] HTTP GET /api/dashboard responded 200 in 3008.4295 ms
[14:06:36 INF] HTTP GET /api/diagnostics responded 200 in 3333.1123 ms
[14:06:37 INF] HTTP GET /api/diagnostics responded 200 in 3289.4223 ms
[14:06:38 INF] HTTP GET /api/modules responded 200 in 4864.5475 ms
[14:06:38 INF] HTTP GET /api/actions responded 200 in 4935.7063 ms
[14:06:39 INF] HTTP GET /api/modules responded 200 in 595.4286 ms
[14:06:42 INF] HTTP OPTIONS /api/modules/019e8055-e953-745d-8b2c-5375dd1b1083/settings responded 204 in 0.0377 ms
[14:06:42 INF] HTTP OPTIONS /api/modules responded 204 in 0.0314 ms
[14:06:43 INF] HTTP GET /api/modules responded 200 in 646.2205 ms
[14:06:44 INF] HTTP GET /api/modules/019e8055-e953-745d-8b2c-5375dd1b1083/settings responded 200 in 1912.7769 ms
[14:06:48 INF] HTTP OPTIONS /api/actions responded 204 in 0.0282 ms
[14:06:48 INF] HTTP OPTIONS /api/modules responded 204 in 0.0116 ms
[14:06:49 INF] HTTP OPTIONS /api/diagnostics responded 204 in 0.0555 ms
[14:06:49 INF] HTTP GET /api/modules responded 200 in 606.1824 ms
[14:06:49 INF] HTTP GET /api/actions responded 200 in 659.3488 ms
[14:06:49 INF] HTTP OPTIONS /api/diagnostics responded 204 in 0.0712 ms
[14:06:49 INF] HTTP OPTIONS /api/modules responded 204 in 0.0204 ms
[14:06:49 INF] HTTP OPTIONS /api/actions responded 204 in 0.0151 ms
[14:06:49 INF] HTTP OPTIONS /api/modules responded 204 in 0.0111 ms
[14:06:49 INF] HTTP GET /api/modules responded 200 in 619.3722 ms
[14:06:50 INF] HTTP GET /api/actions responded 200 in 604.7732 ms
[14:06:50 INF] HTTP GET /api/modules responded 200 in 617.8485 ms
[14:06:51 INF] HTTP GET /api/modules responded 200 in 621.8160 ms
[14:06:52 INF] HTTP GET /api/diagnostics responded 200 in 3243.1245 ms
[14:06:52 INF] HTTP GET /api/diagnostics responded 200 in 3163.7856 ms
[14:09:32 INF] HTTP OPTIONS /api/diagnostics responded 204 in 0.0510 ms
[14:09:32 INF] HTTP OPTIONS /api/modules responded 204 in 0.0237 ms
[14:09:32 INF] HTTP OPTIONS /api/actions responded 204 in 0.0147 ms
[14:09:32 INF] HTTP OPTIONS /api/modules responded 204 in 0.0093 ms
[14:09:33 INF] HTTP GET /api/modules responded 200 in 620.2798 ms
[14:09:34 INF] HTTP GET /api/modules responded 200 in 649.2308 ms
[14:09:36 INF] HTTP GET /api/diagnostics responded 200 in 3936.3570 ms
[14:09:44 INF] HTTP GET /api/actions responded 200 in 11165.7346 ms
[14:20:38 INF] HTTP OPTIONS /api/diagnostics responded 204 in 0.0810 ms
[14:20:38 INF] HTTP OPTIONS /api/modules responded 204 in 0.0293 ms
[14:20:38 INF] HTTP OPTIONS /api/actions responded 204 in 0.0092 ms
[14:20:38 INF] HTTP OPTIONS /api/modules responded 204 in 0.0158 ms
[14:20:38 INF] HTTP OPTIONS /api/diagnostics responded 204 in 0.0268 ms
[14:20:38 INF] HTTP OPTIONS /api/modules responded 204 in 0.0306 ms
[14:20:38 INF] HTTP OPTIONS /api/actions responded 204 in 0.0111 ms
[14:20:38 INF] HTTP OPTIONS /api/modules responded 204 in 0.0105 ms
[14:20:42 INF] HTTP GET /api/modules responded 200 in 4653.2533 ms
[14:20:42 INF] HTTP GET /api/modules responded 200 in 4095.8932 ms
[14:20:42 INF] HTTP GET /api/actions responded 200 in 4108.0397 ms
[14:20:43 INF] HTTP GET /api/actions responded 200 in 5027.6312 ms
[14:20:43 INF] HTTP GET /api/modules responded 200 in 623.2187 ms
[14:20:43 INF] HTTP GET /api/modules responded 200 in 588.2792 ms
[14:20:45 INF] HTTP GET /api/diagnostics responded 200 in 6672.7924 ms
[14:20:45 INF] HTTP GET /api/diagnostics responded 200 in 7440.2985 ms
[14:22:11 INF] HTTP OPTIONS /api/modules responded 204 in 0.0413 ms
[14:22:11 INF] HTTP OPTIONS /api/diagnostics responded 204 in 0.0857 ms
[14:22:11 INF] HTTP OPTIONS /api/actions responded 204 in 0.0261 ms
[14:22:11 INF] HTTP OPTIONS /api/modules responded 204 in 0.0162 ms
[14:22:11 INF] HTTP OPTIONS /api/diagnostics responded 204 in 0.0352 ms
[14:22:11 INF] HTTP OPTIONS /api/modules responded 204 in 0.0144 ms
[14:22:11 INF] HTTP OPTIONS /api/actions responded 204 in 0.0341 ms
[14:22:12 INF] HTTP GET /api/modules responded 200 in 589.4957 ms
[14:22:12 INF] HTTP GET /api/actions responded 200 in 618.9854 ms
[14:22:12 INF] HTTP GET /api/actions responded 200 in 602.6235 ms
[14:22:12 INF] HTTP GET /api/modules responded 200 in 604.1165 ms
[14:22:12 INF] HTTP GET /api/modules responded 200 in 583.4950 ms
[14:22:13 INF] HTTP GET /api/modules responded 200 in 582.1382 ms
[14:22:14 INF] HTTP GET /api/diagnostics responded 200 in 3138.9090 ms
[14:22:15 INF] HTTP GET /api/diagnostics responded 200 in 3161.8887 ms
[14:23:24 INF] HTTP GET /health responded 200 in 1.4449 ms
[14:23:53 INF] HTTP OPTIONS /api/diagnostics responded 204 in 0.0385 ms
[14:23:53 INF] HTTP OPTIONS /api/modules responded 204 in 0.0870 ms
[14:23:53 INF] HTTP OPTIONS /api/modules responded 204 in 0.0198 ms
[14:23:53 INF] HTTP OPTIONS /api/actions responded 204 in 0.0218 ms
[14:23:54 INF] HTTP GET /api/modules responded 200 in 647.4620 ms
[14:23:54 INF] HTTP GET /api/actions responded 200 in 675.9547 ms
[14:23:55 INF] HTTP OPTIONS /api/dashboard responded 204 in 0.0304 ms
[14:23:55 INF] HTTP GET /api/modules responded 200 in 603.5401 ms
[14:23:56 INF] HTTP GET /api/modules responded 200 in 598.1487 ms
[14:23:57 ERR] HTTP GET /api/diagnostics responded 500 in 3581.1610 ms
System.OperationCanceledException: The operation was canceled.
   at System.Threading.CancellationToken.ThrowOperationCanceledException()
   at Microsoft.EntityFrameworkCore.Storage.ExecutionStrategy.ExecuteImplementationAsync[TState,TResult](Func`4 operation, Func`4 verifySucceeded, TState state, CancellationToken cancellationToken)
   at Microsoft.EntityFrameworkCore.Storage.ExecutionStrategy.ExecuteAsync[TState,TResult](TState state, Func`4 operation, Func`4 verifySucceeded, CancellationToken cancellationToken)
   at Microsoft.EntityFrameworkCore.Query.Internal.SingleQueryingEnumerable`1.AsyncEnumerator.MoveNextAsync()
   at Microsoft.EntityFrameworkCore.EntityFrameworkQueryableExtensions.ToListAsync[TSource](IQueryable`1 source, CancellationToken cancellationToken)
   at Microsoft.EntityFrameworkCore.EntityFrameworkQueryableExtensions.ToListAsync[TSource](IQueryable`1 source, CancellationToken cancellationToken)
   at Microsoft.EntityFrameworkCore.EntityFrameworkQueryableExtensions.ToArrayAsync[TSource](IQueryable`1 source, CancellationToken cancellationToken)
   at SysAssist.Infrastructure.Services.SysAssistApiService.GetDiagnosticsAsync(CancellationToken cancellationToken) in C:\Users\8-Bits\Desktop\Sys\SysAssist\src\SysAssist.Infrastructure\Services\SysAssistApiService.cs:line 572
   at Program.<>c.<<<Main>$>b__0_45>d.MoveNext() in C:\Users\8-Bits\Desktop\Sys\SysAssist\src\SysAssist.Api\Program.cs:line 280
--- End of stack trace from previous location ---
   at Microsoft.AspNetCore.Http.RequestDelegateFactory.ExecuteTaskResult[T](Task`1 task, HttpContext httpContext)
   at Microsoft.AspNetCore.Authorization.AuthorizationMiddleware.Invoke(HttpContext context)
   at Microsoft.AspNetCore.Authentication.AuthenticationMiddleware.Invoke(HttpContext context)
   at Swashbuckle.AspNetCore.SwaggerUI.SwaggerUIMiddleware.Invoke(HttpContext httpContext)
   at Swashbuckle.AspNetCore.Swagger.SwaggerMiddleware.Invoke(HttpContext httpContext, ISwaggerProvider swaggerProvider)
   at Serilog.AspNetCore.RequestLoggingMiddleware.Invoke(HttpContext httpContext)
[14:23:57 INF] HTTP GET /api/modules responded 200 in 2955.5594 ms
[14:23:58 INF] HTTP GET /api/dashboard responded 200 in 2930.5075 ms
[14:23:58 INF] HTTP GET /api/diagnostics responded 200 in 3161.4483 ms
[14:24:18 INF] HTTP OPTIONS /api/events responded 204 in 0.0485 ms
[14:24:18 INF] HTTP OPTIONS /api/modules responded 204 in 0.0128 ms
[14:24:19 INF] HTTP GET /api/modules responded 200 in 624.5599 ms
[14:24:19 INF] HTTP GET /api/events responded 200 in 624.8552 ms
[14:24:22 INF] HTTP OPTIONS /api/approvals responded 204 in 0.0419 ms
[14:24:22 INF] HTTP OPTIONS /api/actions responded 204 in 0.0213 ms
[14:24:22 INF] HTTP GET /api/approvals responded 200 in 583.2895 ms
[14:24:22 INF] HTTP GET /api/actions responded 200 in 589.1657 ms
[14:24:22 INF] HTTP GET /api/events responded 200 in 589.8500 ms
[14:24:23 INF] HTTP OPTIONS /api/modules responded 204 in 0.0354 ms
[14:24:24 INF] HTTP GET /api/modules responded 200 in 619.6139 ms
[14:24:24 INF] HTTP OPTIONS /api/modules/019e8055-e953-745d-8b2c-5375dd1b1083/settings responded 204 in 0.0287 ms
[14:24:26 INF] HTTP GET /api/modules/019e8055-e953-745d-8b2c-5375dd1b1083/settings responded 200 in 1851.1845 ms
[14:24:26 INF] HTTP GET /api/actions responded 200 in 606.6256 ms
[14:24:26 INF] HTTP GET /api/modules responded 200 in 609.9190 ms
[14:24:27 INF] HTTP OPTIONS /api/audit responded 204 in 0.0326 ms
[14:24:27 INF] HTTP OPTIONS /api/actions responded 204 in 0.0392 ms
[14:24:28 INF] HTTP GET /api/audit responded 200 in 632.7912 ms
[14:24:28 INF] HTTP GET /api/modules responded 200 in 659.1182 ms
[14:24:28 INF] HTTP GET /api/actions responded 200 in 672.5922 ms
[14:24:32 INF] HTTP GET /api/audit responded 200 in 605.2904 ms
[14:24:44 INF] HTTP OPTIONS /api/logs responded 204 in 0.0301 ms
[14:24:45 INF] HTTP GET /api/logs responded 200 in 604.2510 ms
[14:24:45 INF] HTTP OPTIONS /api/notifications responded 204 in 0.0376 ms
[14:24:46 INF] HTTP GET /api/notifications responded 200 in 604.6839 ms
[14:24:46 INF] HTTP OPTIONS /api/users responded 204 in 0.0325 ms
[14:24:46 INF] HTTP OPTIONS /api/roles responded 204 in 0.0111 ms
[14:24:47 INF] HTTP GET /api/roles responded 200 in 592.4896 ms
[14:24:47 INF] HTTP GET /api/users responded 200 in 616.1442 ms
[14:24:47 INF] HTTP OPTIONS /api/dashboard responded 204 in 0.0283 ms
[14:24:47 INF] HTTP OPTIONS /api/modules responded 204 in 0.0087 ms
[14:24:48 INF] HTTP GET /api/modules responded 200 in 675.4548 ms
[14:24:51 INF] HTTP GET /api/dashboard responded 200 in 3055.1860 ms
[14:25:08 INF] HTTP OPTIONS /api/diagnostics responded 204 in 0.0424 ms
[14:25:08 INF] HTTP OPTIONS /api/modules responded 204 in 0.0303 ms
[14:25:08 INF] HTTP OPTIONS /api/dashboard responded 204 in 0.0362 ms
[14:25:08 INF] HTTP OPTIONS /api/modules responded 204 in 0.0150 ms
[14:25:08 INF] HTTP GET /api/modules responded 200 in 617.2167 ms
[14:25:09 INF] HTTP GET /api/modules responded 200 in 610.8432 ms
[14:25:11 INF] HTTP GET /api/dashboard responded 200 in 2958.2358 ms
[14:25:11 INF] HTTP GET /api/diagnostics responded 200 in 3104.2366 ms
[14:25:14 INF] HTTP OPTIONS /api/events responded 204 in 0.0293 ms
[14:25:14 INF] HTTP OPTIONS /api/modules responded 204 in 0.0106 ms
[14:25:15 INF] HTTP GET /api/modules responded 200 in 582.6239 ms
[14:25:15 INF] HTTP GET /api/events responded 200 in 591.2644 ms
[14:25:41 INF] HTTP OPTIONS /api/diagnostics responded 204 in 0.0329 ms
[14:25:41 INF] HTTP OPTIONS /api/modules responded 204 in 0.0358 ms
[14:25:41 INF] HTTP OPTIONS /api/modules responded 204 in 0.0157 ms
[14:25:41 INF] HTTP OPTIONS /api/events responded 204 in 0.0171 ms
[14:25:41 INF] HTTP GET /api/modules responded 200 in 591.6591 ms
[14:25:42 INF] HTTP GET /api/events responded 200 in 639.8869 ms
[14:25:42 INF] HTTP GET /api/modules responded 200 in 589.2903 ms
[14:25:44 INF] HTTP GET /api/diagnostics responded 200 in 3131.2809 ms
[14:25:45 INF] HTTP OPTIONS /api/approvals responded 204 in 0.0284 ms
[14:25:45 INF] HTTP OPTIONS /api/actions responded 204 in 0.0119 ms
[14:25:46 INF] HTTP GET /api/approvals responded 200 in 597.7046 ms
[14:25:46 INF] HTTP GET /api/events responded 200 in 599.4597 ms
[14:25:50 INF] HTTP GET /api/actions responded 200 in 4412.0688 ms
[14:25:50 INF] HTTP OPTIONS /api/modules/019e8055-e953-745d-8b2c-5375dd1b1083/settings responded 204 in 0.0281 ms
[14:25:50 INF] HTTP OPTIONS /api/modules responded 204 in 0.0329 ms
[14:25:50 INF] HTTP GET /api/modules responded 200 in 573.9245 ms
[14:25:51 INF] HTTP OPTIONS /api/dashboard responded 204 in 0.0287 ms
[14:25:52 INF] HTTP GET /api/modules/019e8055-e953-745d-8b2c-5375dd1b1083/settings responded 200 in 1765.6713 ms
[14:25:52 INF] HTTP GET /api/modules responded 200 in 578.4589 ms
[14:25:54 INF] HTTP GET /api/modules responded 200 in 611.8302 ms
[14:25:54 INF] HTTP GET /api/dashboard responded 200 in 2951.0753 ms
[14:25:55 INF] HTTP GET /api/modules/019e8055-e953-745d-8b2c-5375dd1b1083/settings responded 200 in 1773.5028 ms
[14:25:55 INF] HTTP OPTIONS /api/modules/019e8055-e953-7b9b-9958-b6955504015b/settings responded 204 in 0.0294 ms
[14:25:57 INF] HTTP GET /api/modules/019e8055-e953-7b9b-9958-b6955504015b/settings responded 200 in 1757.6172 ms
[14:25:57 INF] HTTP OPTIONS /api/modules/019e8055-e953-745d-8b2c-5375dd1b1083/settings responded 204 in 0.0361 ms
[14:25:57 INF] HTTP OPTIONS /api/modules/019e8055-e953-7741-896d-aad8c15cf717/settings responded 204 in 0.0362 ms
[14:25:59 INF] HTTP GET /api/modules/019e8055-e953-745d-8b2c-5375dd1b1083/settings responded 200 in 1790.8838 ms
[14:25:59 INF] HTTP GET /api/modules/019e8055-e953-7741-896d-aad8c15cf717/settings responded 200 in 1776.0435 ms
[14:26:00 INF] HTTP OPTIONS /api/modules/019e8055-e953-7741-896d-aad8c15cf717/enable responded 204 in 0.0281 ms
[14:26:04 INF] HTTP POST /api/modules/019e8055-e953-7741-896d-aad8c15cf717/enable responded 200 in 3651.1782 ms
[14:26:04 INF] HTTP OPTIONS /api/modules responded 204 in 0.0260 ms
[14:26:04 INF] HTTP OPTIONS /api/modules responded 204 in 0.0093 ms
[14:26:04 INF] HTTP GET /api/modules responded 200 in 602.7549 ms
[14:26:05 INF] HTTP GET /api/modules responded 200 in 586.7867 ms
[14:26:08 INF] HTTP OPTIONS /api/dashboard responded 204 in 0.0300 ms
[14:26:08 INF] HTTP GET /api/modules responded 200 in 607.1512 ms
[14:26:11 INF] HTTP GET /api/dashboard responded 200 in 2957.6362 ms
[14:26:46 INF] HTTP OPTIONS /api/diagnostics responded 204 in 0.0280 ms
[14:26:46 INF] HTTP OPTIONS /api/dashboard responded 204 in 0.0109 ms
[14:26:46 INF] HTTP OPTIONS /api/modules responded 204 in 0.0091 ms
[14:26:46 INF] HTTP OPTIONS /api/modules responded 204 in 0.0099 ms
[14:26:47 INF] HTTP GET /api/modules responded 200 in 593.8125 ms
[14:26:47 INF] HTTP GET /api/modules responded 200 in 583.6728 ms
[14:26:49 INF] HTTP GET /api/dashboard responded 200 in 2986.4108 ms
[14:26:49 INF] HTTP GET /api/diagnostics responded 200 in 3203.3946 ms
[14:26:50 INF] HTTP OPTIONS /api/events responded 204 in 0.0296 ms
[14:26:51 INF] HTTP GET /api/modules responded 200 in 604.3088 ms
[14:26:51 INF] HTTP GET /api/events responded 200 in 595.9957 ms
[14:26:55 INF] HTTP OPTIONS /api/approvals responded 204 in 0.0330 ms
[14:26:55 INF] HTTP OPTIONS /api/actions responded 204 in 0.0121 ms
[14:26:55 INF] HTTP GET /api/actions responded 200 in 590.4229 ms
[14:26:55 INF] HTTP GET /api/events responded 200 in 600.1161 ms
[14:26:55 INF] HTTP GET /api/approvals responded 200 in 611.0118 ms
[14:27:05 INF] HTTP OPTIONS /api/modules/019e8055-e953-745d-8b2c-5375dd1b1083/settings responded 204 in 0.0294 ms
[14:27:05 INF] HTTP OPTIONS /api/modules responded 204 in 0.0297 ms
[14:27:05 INF] HTTP GET /api/modules responded 200 in 598.2825 ms
[14:27:06 INF] HTTP OPTIONS /api/approvals responded 204 in 0.0268 ms
[14:27:06 INF] HTTP OPTIONS /api/events responded 204 in 0.0144 ms
[14:27:06 INF] HTTP OPTIONS /api/actions responded 204 in 0.0111 ms
[14:27:06 INF] HTTP GET /api/modules/019e8055-e953-745d-8b2c-5375dd1b1083/settings responded 200 in 1781.1392 ms
[14:27:07 INF] HTTP GET /api/approvals responded 200 in 613.7424 ms
[14:27:07 INF] HTTP GET /api/events responded 200 in 644.8950 ms
[14:27:10 INF] HTTP GET /api/actions responded 200 in 4331.7499 ms
[14:27:43 INF] HTTP OPTIONS /api/diagnostics responded 204 in 0.0415 ms
[14:27:43 INF] HTTP OPTIONS /api/modules responded 204 in 0.0157 ms
[14:27:43 INF] HTTP OPTIONS /api/events responded 204 in 0.0293 ms
[14:27:43 INF] HTTP OPTIONS /api/approvals responded 204 in 0.0130 ms
[14:27:43 INF] HTTP OPTIONS /api/actions responded 204 in 0.0245 ms
[14:27:44 INF] HTTP GET /api/modules responded 200 in 624.5265 ms
[14:27:44 INF] HTTP GET /api/approvals responded 200 in 622.1783 ms
[14:27:44 INF] HTTP GET /api/events responded 200 in 622.4629 ms
[14:27:45 INF] HTTP OPTIONS /api/modules/019e8055-e953-745d-8b2c-5375dd1b1083/settings responded 204 in 0.0278 ms
[14:27:46 INF] HTTP GET /api/modules responded 200 in 617.3189 ms
[14:27:46 INF] HTTP GET /api/diagnostics responded 200 in 3167.9306 ms
[14:27:47 INF] HTTP GET /api/modules/019e8055-e953-745d-8b2c-5375dd1b1083/settings responded 200 in 1848.9556 ms
[14:27:47 INF] HTTP GET /api/actions responded 200 in 4360.9391 ms
[14:29:07 INF] HTTP OPTIONS /api/diagnostics responded 204 in 0.0510 ms
[14:29:07 INF] HTTP OPTIONS /api/modules responded 204 in 0.0497 ms
[14:29:07 INF] HTTP OPTIONS /api/actions responded 204 in 0.0319 ms
[14:29:07 INF] HTTP OPTIONS /api/modules responded 204 in 0.0624 ms
[14:29:07 INF] HTTP OPTIONS /api/diagnostics responded 204 in 0.0305 ms
[14:29:07 INF] HTTP OPTIONS /api/modules responded 204 in 0.0226 ms
[14:29:07 INF] HTTP OPTIONS /api/modules/019e8055-e953-745d-8b2c-5375dd1b1083/settings responded 204 in 0.0203 ms
[14:29:08 INF] HTTP GET /api/actions responded 200 in 604.9137 ms
[14:29:08 INF] HTTP GET /api/modules responded 200 in 627.0420 ms
[14:29:08 INF] HTTP GET /api/modules responded 200 in 584.8972 ms
[14:29:09 INF] HTTP GET /api/modules/019e8055-e953-745d-8b2c-5375dd1b1083/settings responded 200 in 1808.7107 ms
[14:29:10 INF] HTTP GET /api/diagnostics responded 200 in 3230.5683 ms
[14:29:10 INF] HTTP GET /api/diagnostics responded 200 in 3132.5612 ms
[14:29:12 INF] HTTP GET /api/modules responded 200 in 4177.7202 ms
[14:29:12 INF] HTTP GET /api/modules responded 200 in 599.2153 ms
[14:29:29 INF] HTTP OPTIONS /api/diagnostics responded 204 in 0.0369 ms
[14:29:29 INF] HTTP OPTIONS /api/modules responded 204 in 0.0185 ms
[14:29:29 INF] HTTP OPTIONS /api/actions responded 204 in 0.0116 ms
[14:29:29 INF] HTTP OPTIONS /api/diagnostics responded 204 in 0.0270 ms
[14:29:29 INF] HTTP OPTIONS /api/modules responded 204 in 0.0178 ms
[14:29:29 INF] HTTP OPTIONS /api/modules/019e8055-e953-745d-8b2c-5375dd1b1083/settings responded 204 in 0.0158 ms
[14:29:30 INF] HTTP GET /api/modules responded 200 in 594.0302 ms
[14:29:30 INF] HTTP GET /api/actions responded 200 in 616.7313 ms
[14:29:30 INF] HTTP GET /api/modules responded 200 in 577.0254 ms
[14:29:30 INF] HTTP GET /api/modules responded 200 in 606.5981 ms
[14:29:31 INF] HTTP GET /api/modules responded 200 in 610.0720 ms
[14:29:31 INF] HTTP GET /api/modules/019e8055-e953-745d-8b2c-5375dd1b1083/settings responded 200 in 1799.2311 ms
[14:29:32 INF] HTTP GET /api/diagnostics responded 200 in 3209.7652 ms
[14:29:33 INF] HTTP GET /api/diagnostics responded 200 in 3155.3048 ms
[14:29:50 INF] HTTP OPTIONS /api/diagnostics responded 204 in 0.0300 ms
[14:29:50 INF] HTTP OPTIONS /api/modules responded 204 in 0.0145 ms
[14:29:50 INF] HTTP OPTIONS /api/diagnostics responded 204 in 0.0362 ms
[14:29:50 INF] HTTP OPTIONS /api/actions responded 204 in 0.0132 ms
[14:29:50 INF] HTTP OPTIONS /api/modules responded 204 in 0.0091 ms
[14:29:50 INF] HTTP OPTIONS /api/modules/019e8055-e953-745d-8b2c-5375dd1b1083/settings responded 204 in 0.0145 ms
[14:29:51 INF] HTTP GET /api/modules responded 200 in 586.6592 ms
[14:29:51 INF] HTTP GET /api/modules responded 200 in 606.9035 ms
[14:29:51 INF] HTTP GET /api/actions responded 200 in 614.3044 ms
[14:29:52 INF] HTTP GET /api/modules responded 200 in 590.5733 ms
[14:29:52 INF] HTTP GET /api/modules responded 200 in 610.2954 ms
[14:29:52 INF] HTTP GET /api/modules/019e8055-e953-745d-8b2c-5375dd1b1083/settings responded 200 in 1816.0027 ms
[14:29:53 INF] HTTP GET /api/diagnostics responded 200 in 3141.3530 ms
[14:29:54 INF] HTTP GET /api/diagnostics responded 200 in 3167.6633 ms
[14:30:30 INF] HTTP OPTIONS /api/diagnostics responded 204 in 0.0390 ms
[14:30:30 INF] HTTP OPTIONS /api/diagnostics responded 204 in 0.0196 ms
[14:30:30 INF] HTTP OPTIONS /api/modules responded 204 in 0.0102 ms
[14:30:30 INF] HTTP OPTIONS /api/modules responded 204 in 0.0115 ms
[14:30:30 INF] HTTP OPTIONS /api/modules responded 204 in 0.0091 ms
[14:30:30 INF] HTTP OPTIONS /api/modules/019e8055-e953-745d-8b2c-5375dd1b1083/settings responded 204 in 0.0077 ms
[14:30:30 INF] HTTP OPTIONS /api/actions responded 204 in 0.0097 ms
[14:30:30 INF] HTTP OPTIONS /api/modules responded 204 in 0.0091 ms
[14:30:31 INF] HTTP GET /api/modules responded 200 in 594.5558 ms
[14:30:31 INF] HTTP GET /api/actions responded 200 in 617.1130 ms
[14:30:31 INF] HTTP GET /api/modules responded 200 in 621.6055 ms
[14:30:32 INF] HTTP GET /api/modules responded 200 in 596.6751 ms
[14:30:32 INF] HTTP GET /api/modules responded 200 in 613.5672 ms
[14:30:32 INF] HTTP GET /api/modules/019e8055-e953-745d-8b2c-5375dd1b1083/settings responded 200 in 1813.5279 ms
[14:30:34 INF] HTTP GET /api/diagnostics responded 200 in 3228.6117 ms
[14:30:34 INF] HTTP GET /api/diagnostics responded 200 in 3242.0379 ms
[14:30:40 INF] HTTP OPTIONS /api/diagnostics responded 204 in 0.0321 ms
[14:30:40 INF] HTTP OPTIONS /api/modules responded 204 in 0.0117 ms
[14:30:40 INF] HTTP OPTIONS /api/modules/019e8055-e953-745d-8b2c-5375dd1b1083/settings responded 204 in 0.0087 ms
[14:30:40 INF] HTTP OPTIONS /api/diagnostics responded 204 in 0.0308 ms
[14:30:40 INF] HTTP OPTIONS /api/modules responded 204 in 0.0142 ms
[14:30:40 INF] HTTP OPTIONS /api/actions responded 204 in 0.0103 ms
[14:30:40 INF] HTTP OPTIONS /api/modules responded 204 in 0.0157 ms
[14:30:41 INF] HTTP GET /api/modules responded 200 in 590.9883 ms
[14:30:41 INF] HTTP GET /api/modules responded 200 in 597.1794 ms
[14:30:41 INF] HTTP GET /api/actions responded 200 in 598.7117 ms
[14:30:42 INF] HTTP GET /api/modules responded 200 in 602.4260 ms
[14:30:42 INF] HTTP GET /api/modules responded 200 in 611.8426 ms
[14:30:42 INF] HTTP GET /api/modules/019e8055-e953-745d-8b2c-5375dd1b1083/settings responded 200 in 1788.9990 ms
[14:30:44 INF] HTTP GET /api/diagnostics responded 200 in 3139.4605 ms
[14:30:44 INF] HTTP GET /api/diagnostics responded 200 in 3174.9491 ms
[14:30:46 INF] HTTP OPTIONS /api/diagnostics responded 204 in 0.0326 ms
[14:30:46 INF] HTTP OPTIONS /api/modules responded 204 in 0.0162 ms
[14:30:46 INF] HTTP OPTIONS /api/actions responded 204 in 0.0112 ms
[14:30:46 INF] HTTP OPTIONS /api/modules responded 204 in 0.0117 ms
[14:30:46 INF] HTTP OPTIONS /api/diagnostics responded 204 in 0.0141 ms
[14:30:46 INF] HTTP OPTIONS /api/modules responded 204 in 0.0144 ms
[14:30:46 INF] HTTP OPTIONS /api/modules/019e8055-e953-745d-8b2c-5375dd1b1083/settings responded 204 in 0.0257 ms
[14:30:47 INF] HTTP GET /api/actions responded 200 in 616.9942 ms
[14:30:49 INF] HTTP GET /api/diagnostics responded 200 in 3130.2333 ms
[14:30:49 INF] HTTP GET /api/diagnostics responded 200 in 3145.8288 ms
[14:30:50 INF] HTTP GET /api/modules responded 200 in 4145.3353 ms
[14:30:51 INF] HTTP GET /api/modules responded 200 in 4228.8685 ms
[14:30:51 INF] HTTP GET /api/modules responded 200 in 588.2774 ms
[14:30:51 INF] HTTP GET /api/modules responded 200 in 609.5892 ms
[14:30:52 INF] HTTP GET /api/modules/019e8055-e953-745d-8b2c-5375dd1b1083/settings responded 200 in 5422.9908 ms
[14:37:12 INF] HTTP OPTIONS /api/diagnostics responded 204 in 0.0493 ms
[14:37:12 INF] HTTP OPTIONS /api/modules responded 204 in 0.0229 ms
[14:37:12 INF] HTTP OPTIONS /api/modules responded 204 in 0.0093 ms
[14:37:12 INF] HTTP OPTIONS /api/modules/019e8055-e953-745d-8b2c-5375dd1b1083/settings responded 204 in 0.0175 ms
[14:37:13 ERR] An error occurred using the connection to database 'defaultdb' on server 'tcp://sneaky-newfie-16368.jxf.gcp-europe-west3.cockroachlabs.cloud:26257'.
[14:37:13 ERR] An exception occurred while iterating over the results of a query for context type 'SysAssist.Infrastructure.Data.SysAssistDbContext'.
Npgsql.NpgsqlException (0x80004005): Exception while performing SSL handshake
 ---> System.Threading.Tasks.TaskCanceledException: A task was canceled.
   at System.Net.Security.SslStream.ForceAuthenticationAsync[TIOAdapter](Boolean receiveFirst, Byte[] reAuthenticationData, CancellationToken cancellationToken)
   at Npgsql.Internal.NpgsqlConnector.NegotiateEncryption(SslMode sslMode, NpgsqlTimeout timeout, Boolean async, CancellationToken cancellationToken)
   at Npgsql.Internal.NpgsqlConnector.NegotiateEncryption(SslMode sslMode, NpgsqlTimeout timeout, Boolean async, CancellationToken cancellationToken)
   at Npgsql.Internal.NpgsqlConnector.RawOpen(SslMode sslMode, NpgsqlTimeout timeout, Boolean async, CancellationToken cancellationToken)
   at Npgsql.Internal.NpgsqlConnector.<Open>g__OpenCore|214_1(NpgsqlConnector conn, SslMode sslMode, NpgsqlTimeout timeout, Boolean async, CancellationToken cancellationToken)
   at Npgsql.Internal.NpgsqlConnector.Open(NpgsqlTimeout timeout, Boolean async, CancellationToken cancellationToken)
   at Npgsql.PoolingDataSource.OpenNewConnector(NpgsqlConnection conn, NpgsqlTimeout timeout, Boolean async, CancellationToken cancellationToken)
   at Npgsql.PoolingDataSource.<Get>g__RentAsync|33_0(NpgsqlConnection conn, NpgsqlTimeout timeout, Boolean async, CancellationToken cancellationToken)
   at Npgsql.NpgsqlConnection.<Open>g__OpenAsync|42_0(Boolean async, CancellationToken cancellationToken)
   at Microsoft.EntityFrameworkCore.Storage.RelationalConnection.OpenInternalAsync(Boolean errorsExpected, CancellationToken cancellationToken)
   at Microsoft.EntityFrameworkCore.Storage.RelationalConnection.OpenInternalAsync(Boolean errorsExpected, CancellationToken cancellationToken)
   at Microsoft.EntityFrameworkCore.Storage.RelationalConnection.OpenAsync(CancellationToken cancellationToken, Boolean errorsExpected)
   at Microsoft.EntityFrameworkCore.Storage.RelationalCommand.ExecuteReaderAsync(RelationalCommandParameterObject parameterObject, CancellationToken cancellationToken)
   at Microsoft.EntityFrameworkCore.Query.Internal.SingleQueryingEnumerable`1.AsyncEnumerator.InitializeReaderAsync(AsyncEnumerator enumerator, CancellationToken cancellationToken)
   at Microsoft.EntityFrameworkCore.Storage.ExecutionStrategy.<>c__DisplayClass30_0`2.<<ExecuteAsync>b__0>d.MoveNext()
--- End of stack trace from previous location ---
   at Microsoft.EntityFrameworkCore.Storage.ExecutionStrategy.ExecuteImplementationAsync[TState,TResult](Func`4 operation, Func`4 verifySucceeded, TState state, CancellationToken cancellationToken)
   at Microsoft.EntityFrameworkCore.Storage.ExecutionStrategy.ExecuteImplementationAsync[TState,TResult](Func`4 operation, Func`4 verifySucceeded, TState state, CancellationToken cancellationToken)
   at Microsoft.EntityFrameworkCore.Storage.ExecutionStrategy.ExecuteAsync[TState,TResult](TState state, Func`4 operation, Func`4 verifySucceeded, CancellationToken cancellationToken)
   at Microsoft.EntityFrameworkCore.Query.Internal.SingleQueryingEnumerable`1.AsyncEnumerator.MoveNextAsync()
Npgsql.NpgsqlException (0x80004005): Exception while performing SSL handshake
 ---> System.Threading.Tasks.TaskCanceledException: A task was canceled.
   at System.Net.Security.SslStream.ForceAuthenticationAsync[TIOAdapter](Boolean receiveFirst, Byte[] reAuthenticationData, CancellationToken cancellationToken)
   at Npgsql.Internal.NpgsqlConnector.NegotiateEncryption(SslMode sslMode, NpgsqlTimeout timeout, Boolean async, CancellationToken cancellationToken)
   at Npgsql.Internal.NpgsqlConnector.NegotiateEncryption(SslMode sslMode, NpgsqlTimeout timeout, Boolean async, CancellationToken cancellationToken)
   at Npgsql.Internal.NpgsqlConnector.RawOpen(SslMode sslMode, NpgsqlTimeout timeout, Boolean async, CancellationToken cancellationToken)
   at Npgsql.Internal.NpgsqlConnector.<Open>g__OpenCore|214_1(NpgsqlConnector conn, SslMode sslMode, NpgsqlTimeout timeout, Boolean async, CancellationToken cancellationToken)
   at Npgsql.Internal.NpgsqlConnector.Open(NpgsqlTimeout timeout, Boolean async, CancellationToken cancellationToken)
   at Npgsql.PoolingDataSource.OpenNewConnector(NpgsqlConnection conn, NpgsqlTimeout timeout, Boolean async, CancellationToken cancellationToken)
   at Npgsql.PoolingDataSource.<Get>g__RentAsync|33_0(NpgsqlConnection conn, NpgsqlTimeout timeout, Boolean async, CancellationToken cancellationToken)
   at Npgsql.NpgsqlConnection.<Open>g__OpenAsync|42_0(Boolean async, CancellationToken cancellationToken)
   at Microsoft.EntityFrameworkCore.Storage.RelationalConnection.OpenInternalAsync(Boolean errorsExpected, CancellationToken cancellationToken)
   at Microsoft.EntityFrameworkCore.Storage.RelationalConnection.OpenInternalAsync(Boolean errorsExpected, CancellationToken cancellationToken)
   at Microsoft.EntityFrameworkCore.Storage.RelationalConnection.OpenAsync(CancellationToken cancellationToken, Boolean errorsExpected)
   at Microsoft.EntityFrameworkCore.Storage.RelationalCommand.ExecuteReaderAsync(RelationalCommandParameterObject parameterObject, CancellationToken cancellationToken)
   at Microsoft.EntityFrameworkCore.Query.Internal.SingleQueryingEnumerable`1.AsyncEnumerator.InitializeReaderAsync(AsyncEnumerator enumerator, CancellationToken cancellationToken)
   at Microsoft.EntityFrameworkCore.Storage.ExecutionStrategy.<>c__DisplayClass30_0`2.<<ExecuteAsync>b__0>d.MoveNext()
--- End of stack trace from previous location ---
   at Microsoft.EntityFrameworkCore.Storage.ExecutionStrategy.ExecuteImplementationAsync[TState,TResult](Func`4 operation, Func`4 verifySucceeded, TState state, CancellationToken cancellationToken)
   at Microsoft.EntityFrameworkCore.Storage.ExecutionStrategy.ExecuteImplementationAsync[TState,TResult](Func`4 operation, Func`4 verifySucceeded, TState state, CancellationToken cancellationToken)
   at Microsoft.EntityFrameworkCore.Storage.ExecutionStrategy.ExecuteAsync[TState,TResult](TState state, Func`4 operation, Func`4 verifySucceeded, CancellationToken cancellationToken)
   at Microsoft.EntityFrameworkCore.Query.Internal.SingleQueryingEnumerable`1.AsyncEnumerator.MoveNextAsync()
[14:37:13 ERR] HTTP GET /api/diagnostics responded 500 in 1203.0114 ms
Npgsql.NpgsqlException (0x80004005): Exception while performing SSL handshake
 ---> System.Threading.Tasks.TaskCanceledException: A task was canceled.
   at System.Net.Security.SslStream.ForceAuthenticationAsync[TIOAdapter](Boolean receiveFirst, Byte[] reAuthenticationData, CancellationToken cancellationToken)
   at Npgsql.Internal.NpgsqlConnector.NegotiateEncryption(SslMode sslMode, NpgsqlTimeout timeout, Boolean async, CancellationToken cancellationToken)
   at Npgsql.Internal.NpgsqlConnector.NegotiateEncryption(SslMode sslMode, NpgsqlTimeout timeout, Boolean async, CancellationToken cancellationToken)
   at Npgsql.Internal.NpgsqlConnector.RawOpen(SslMode sslMode, NpgsqlTimeout timeout, Boolean async, CancellationToken cancellationToken)
   at Npgsql.Internal.NpgsqlConnector.<Open>g__OpenCore|214_1(NpgsqlConnector conn, SslMode sslMode, NpgsqlTimeout timeout, Boolean async, CancellationToken cancellationToken)
   at Npgsql.Internal.NpgsqlConnector.Open(NpgsqlTimeout timeout, Boolean async, CancellationToken cancellationToken)
   at Npgsql.PoolingDataSource.OpenNewConnector(NpgsqlConnection conn, NpgsqlTimeout timeout, Boolean async, CancellationToken cancellationToken)
   at Npgsql.PoolingDataSource.<Get>g__RentAsync|33_0(NpgsqlConnection conn, NpgsqlTimeout timeout, Boolean async, CancellationToken cancellationToken)
   at Npgsql.NpgsqlConnection.<Open>g__OpenAsync|42_0(Boolean async, CancellationToken cancellationToken)
   at Microsoft.EntityFrameworkCore.Storage.RelationalConnection.OpenInternalAsync(Boolean errorsExpected, CancellationToken cancellationToken)
   at Microsoft.EntityFrameworkCore.Storage.RelationalConnection.OpenInternalAsync(Boolean errorsExpected, CancellationToken cancellationToken)
   at Microsoft.EntityFrameworkCore.Storage.RelationalConnection.OpenAsync(CancellationToken cancellationToken, Boolean errorsExpected)
   at Microsoft.EntityFrameworkCore.Storage.RelationalCommand.ExecuteReaderAsync(RelationalCommandParameterObject parameterObject, CancellationToken cancellationToken)
   at Microsoft.EntityFrameworkCore.Query.Internal.SingleQueryingEnumerable`1.AsyncEnumerator.InitializeReaderAsync(AsyncEnumerator enumerator, CancellationToken cancellationToken)
   at Microsoft.EntityFrameworkCore.Storage.ExecutionStrategy.<>c__DisplayClass30_0`2.<<ExecuteAsync>b__0>d.MoveNext()
--- End of stack trace from previous location ---
   at Microsoft.EntityFrameworkCore.Storage.ExecutionStrategy.ExecuteImplementationAsync[TState,TResult](Func`4 operation, Func`4 verifySucceeded, TState state, CancellationToken cancellationToken)
   at Microsoft.EntityFrameworkCore.Storage.ExecutionStrategy.ExecuteImplementationAsync[TState,TResult](Func`4 operation, Func`4 verifySucceeded, TState state, CancellationToken cancellationToken)
   at Microsoft.EntityFrameworkCore.Storage.ExecutionStrategy.ExecuteAsync[TState,TResult](TState state, Func`4 operation, Func`4 verifySucceeded, CancellationToken cancellationToken)
   at Microsoft.EntityFrameworkCore.Query.Internal.SingleQueryingEnumerable`1.AsyncEnumerator.MoveNextAsync()
   at Microsoft.EntityFrameworkCore.EntityFrameworkQueryableExtensions.ToListAsync[TSource](IQueryable`1 source, CancellationToken cancellationToken)
   at Microsoft.EntityFrameworkCore.EntityFrameworkQueryableExtensions.ToListAsync[TSource](IQueryable`1 source, CancellationToken cancellationToken)
   at Microsoft.EntityFrameworkCore.EntityFrameworkQueryableExtensions.ToArrayAsync[TSource](IQueryable`1 source, CancellationToken cancellationToken)
   at SysAssist.Infrastructure.Services.SysAssistApiService.GetDiagnosticsAsync(CancellationToken cancellationToken) in C:\Users\8-Bits\Desktop\Sys\SysAssist\src\SysAssist.Infrastructure\Services\SysAssistApiService.cs:line 570
   at Program.<>c.<<<Main>$>b__0_45>d.MoveNext() in C:\Users\8-Bits\Desktop\Sys\SysAssist\src\SysAssist.Api\Program.cs:line 280
--- End of stack trace from previous location ---
   at Microsoft.AspNetCore.Http.RequestDelegateFactory.ExecuteTaskResult[T](Task`1 task, HttpContext httpContext)
   at Microsoft.AspNetCore.Authorization.AuthorizationMiddleware.Invoke(HttpContext context)
   at Microsoft.AspNetCore.Authentication.AuthenticationMiddleware.Invoke(HttpContext context)
   at Swashbuckle.AspNetCore.SwaggerUI.SwaggerUIMiddleware.Invoke(HttpContext httpContext)
   at Swashbuckle.AspNetCore.Swagger.SwaggerMiddleware.Invoke(HttpContext httpContext, ISwaggerProvider swaggerProvider)
   at Serilog.AspNetCore.RequestLoggingMiddleware.Invoke(HttpContext httpContext)
[14:37:13 ERR] An error occurred using the connection to database 'defaultdb' on server 'tcp://sneaky-newfie-16368.jxf.gcp-europe-west3.cockroachlabs.cloud:26257'.
[14:37:13 ERR] An exception occurred while iterating over the results of a query for context type 'SysAssist.Infrastructure.Data.SysAssistDbContext'.
Npgsql.NpgsqlException (0x80004005): Exception while performing SSL handshake
 ---> System.Threading.Tasks.TaskCanceledException: A task was canceled.
   at System.Net.Security.SslStream.ForceAuthenticationAsync[TIOAdapter](Boolean receiveFirst, Byte[] reAuthenticationData, CancellationToken cancellationToken)
   at Npgsql.Internal.NpgsqlConnector.NegotiateEncryption(SslMode sslMode, NpgsqlTimeout timeout, Boolean async, CancellationToken cancellationToken)
   at Npgsql.Internal.NpgsqlConnector.NegotiateEncryption(SslMode sslMode, NpgsqlTimeout timeout, Boolean async, CancellationToken cancellationToken)
   at Npgsql.Internal.NpgsqlConnector.RawOpen(SslMode sslMode, NpgsqlTimeout timeout, Boolean async, CancellationToken cancellationToken)
   at Npgsql.Internal.NpgsqlConnector.<Open>g__OpenCore|214_1(NpgsqlConnector conn, SslMode sslMode, NpgsqlTimeout timeout, Boolean async, CancellationToken cancellationToken)
   at Npgsql.Internal.NpgsqlConnector.Open(NpgsqlTimeout timeout, Boolean async, CancellationToken cancellationToken)
   at Npgsql.PoolingDataSource.OpenNewConnector(NpgsqlConnection conn, NpgsqlTimeout timeout, Boolean async, CancellationToken cancellationToken)
   at Npgsql.PoolingDataSource.<Get>g__RentAsync|33_0(NpgsqlConnection conn, NpgsqlTimeout timeout, Boolean async, CancellationToken cancellationToken)
   at Npgsql.NpgsqlConnection.<Open>g__OpenAsync|42_0(Boolean async, CancellationToken cancellationToken)
   at Microsoft.EntityFrameworkCore.Storage.RelationalConnection.OpenInternalAsync(Boolean errorsExpected, CancellationToken cancellationToken)
   at Microsoft.EntityFrameworkCore.Storage.RelationalConnection.OpenInternalAsync(Boolean errorsExpected, CancellationToken cancellationToken)
   at Microsoft.EntityFrameworkCore.Storage.RelationalConnection.OpenAsync(CancellationToken cancellationToken, Boolean errorsExpected)
   at Microsoft.EntityFrameworkCore.Storage.RelationalCommand.ExecuteReaderAsync(RelationalCommandParameterObject parameterObject, CancellationToken cancellationToken)
   at Microsoft.EntityFrameworkCore.Query.Internal.SingleQueryingEnumerable`1.AsyncEnumerator.InitializeReaderAsync(AsyncEnumerator enumerator, CancellationToken cancellationToken)
   at Microsoft.EntityFrameworkCore.Storage.ExecutionStrategy.<>c__DisplayClass30_0`2.<<ExecuteAsync>b__0>d.MoveNext()
--- End of stack trace from previous location ---
   at Microsoft.EntityFrameworkCore.Storage.ExecutionStrategy.ExecuteImplementationAsync[TState,TResult](Func`4 operation, Func`4 verifySucceeded, TState state, CancellationToken cancellationToken)
   at Microsoft.EntityFrameworkCore.Storage.ExecutionStrategy.ExecuteImplementationAsync[TState,TResult](Func`4 operation, Func`4 verifySucceeded, TState state, CancellationToken cancellationToken)
   at Microsoft.EntityFrameworkCore.Storage.ExecutionStrategy.ExecuteAsync[TState,TResult](TState state, Func`4 operation, Func`4 verifySucceeded, CancellationToken cancellationToken)
   at Microsoft.EntityFrameworkCore.Query.Internal.SingleQueryingEnumerable`1.AsyncEnumerator.MoveNextAsync()
Npgsql.NpgsqlException (0x80004005): Exception while performing SSL handshake
 ---> System.Threading.Tasks.TaskCanceledException: A task was canceled.
   at System.Net.Security.SslStream.ForceAuthenticationAsync[TIOAdapter](Boolean receiveFirst, Byte[] reAuthenticationData, CancellationToken cancellationToken)
   at Npgsql.Internal.NpgsqlConnector.NegotiateEncryption(SslMode sslMode, NpgsqlTimeout timeout, Boolean async, CancellationToken cancellationToken)
   at Npgsql.Internal.NpgsqlConnector.NegotiateEncryption(SslMode sslMode, NpgsqlTimeout timeout, Boolean async, CancellationToken cancellationToken)
   at Npgsql.Internal.NpgsqlConnector.RawOpen(SslMode sslMode, NpgsqlTimeout timeout, Boolean async, CancellationToken cancellationToken)
   at Npgsql.Internal.NpgsqlConnector.<Open>g__OpenCore|214_1(NpgsqlConnector conn, SslMode sslMode, NpgsqlTimeout timeout, Boolean async, CancellationToken cancellationToken)
   at Npgsql.Internal.NpgsqlConnector.Open(NpgsqlTimeout timeout, Boolean async, CancellationToken cancellationToken)
   at Npgsql.PoolingDataSource.OpenNewConnector(NpgsqlConnection conn, NpgsqlTimeout timeout, Boolean async, CancellationToken cancellationToken)
   at Npgsql.PoolingDataSource.<Get>g__RentAsync|33_0(NpgsqlConnection conn, NpgsqlTimeout timeout, Boolean async, CancellationToken cancellationToken)
   at Npgsql.NpgsqlConnection.<Open>g__OpenAsync|42_0(Boolean async, CancellationToken cancellationToken)
   at Microsoft.EntityFrameworkCore.Storage.RelationalConnection.OpenInternalAsync(Boolean errorsExpected, CancellationToken cancellationToken)
   at Microsoft.EntityFrameworkCore.Storage.RelationalConnection.OpenInternalAsync(Boolean errorsExpected, CancellationToken cancellationToken)
   at Microsoft.EntityFrameworkCore.Storage.RelationalConnection.OpenAsync(CancellationToken cancellationToken, Boolean errorsExpected)
   at Microsoft.EntityFrameworkCore.Storage.RelationalCommand.ExecuteReaderAsync(RelationalCommandParameterObject parameterObject, CancellationToken cancellationToken)
   at Microsoft.EntityFrameworkCore.Query.Internal.SingleQueryingEnumerable`1.AsyncEnumerator.InitializeReaderAsync(AsyncEnumerator enumerator, CancellationToken cancellationToken)
   at Microsoft.EntityFrameworkCore.Storage.ExecutionStrategy.<>c__DisplayClass30_0`2.<<ExecuteAsync>b__0>d.MoveNext()
--- End of stack trace from previous location ---
   at Microsoft.EntityFrameworkCore.Storage.ExecutionStrategy.ExecuteImplementationAsync[TState,TResult](Func`4 operation, Func`4 verifySucceeded, TState state, CancellationToken cancellationToken)
   at Microsoft.EntityFrameworkCore.Storage.ExecutionStrategy.ExecuteImplementationAsync[TState,TResult](Func`4 operation, Func`4 verifySucceeded, TState state, CancellationToken cancellationToken)
   at Microsoft.EntityFrameworkCore.Storage.ExecutionStrategy.ExecuteAsync[TState,TResult](TState state, Func`4 operation, Func`4 verifySucceeded, CancellationToken cancellationToken)
   at Microsoft.EntityFrameworkCore.Query.Internal.SingleQueryingEnumerable`1.AsyncEnumerator.MoveNextAsync()
[14:37:13 ERR] HTTP GET /api/modules responded 500 in 1219.1379 ms
Npgsql.NpgsqlException (0x80004005): Exception while performing SSL handshake
 ---> System.Threading.Tasks.TaskCanceledException: A task was canceled.
   at System.Net.Security.SslStream.ForceAuthenticationAsync[TIOAdapter](Boolean receiveFirst, Byte[] reAuthenticationData, CancellationToken cancellationToken)
   at Npgsql.Internal.NpgsqlConnector.NegotiateEncryption(SslMode sslMode, NpgsqlTimeout timeout, Boolean async, CancellationToken cancellationToken)
   at Npgsql.Internal.NpgsqlConnector.NegotiateEncryption(SslMode sslMode, NpgsqlTimeout timeout, Boolean async, CancellationToken cancellationToken)
   at Npgsql.Internal.NpgsqlConnector.RawOpen(SslMode sslMode, NpgsqlTimeout timeout, Boolean async, CancellationToken cancellationToken)
   at Npgsql.Internal.NpgsqlConnector.<Open>g__OpenCore|214_1(NpgsqlConnector conn, SslMode sslMode, NpgsqlTimeout timeout, Boolean async, CancellationToken cancellationToken)
   at Npgsql.Internal.NpgsqlConnector.Open(NpgsqlTimeout timeout, Boolean async, CancellationToken cancellationToken)
   at Npgsql.PoolingDataSource.OpenNewConnector(NpgsqlConnection conn, NpgsqlTimeout timeout, Boolean async, CancellationToken cancellationToken)
   at Npgsql.PoolingDataSource.<Get>g__RentAsync|33_0(NpgsqlConnection conn, NpgsqlTimeout timeout, Boolean async, CancellationToken cancellationToken)
   at Npgsql.NpgsqlConnection.<Open>g__OpenAsync|42_0(Boolean async, CancellationToken cancellationToken)
   at Microsoft.EntityFrameworkCore.Storage.RelationalConnection.OpenInternalAsync(Boolean errorsExpected, CancellationToken cancellationToken)
   at Microsoft.EntityFrameworkCore.Storage.RelationalConnection.OpenInternalAsync(Boolean errorsExpected, CancellationToken cancellationToken)
   at Microsoft.EntityFrameworkCore.Storage.RelationalConnection.OpenAsync(CancellationToken cancellationToken, Boolean errorsExpected)
   at Microsoft.EntityFrameworkCore.Storage.RelationalCommand.ExecuteReaderAsync(RelationalCommandParameterObject parameterObject, CancellationToken cancellationToken)
   at Microsoft.EntityFrameworkCore.Query.Internal.SingleQueryingEnumerable`1.AsyncEnumerator.InitializeReaderAsync(AsyncEnumerator enumerator, CancellationToken cancellationToken)
   at Microsoft.EntityFrameworkCore.Storage.ExecutionStrategy.<>c__DisplayClass30_0`2.<<ExecuteAsync>b__0>d.MoveNext()
--- End of stack trace from previous location ---
   at Microsoft.EntityFrameworkCore.Storage.ExecutionStrategy.ExecuteImplementationAsync[TState,TResult](Func`4 operation, Func`4 verifySucceeded, TState state, CancellationToken cancellationToken)
   at Microsoft.EntityFrameworkCore.Storage.ExecutionStrategy.ExecuteImplementationAsync[TState,TResult](Func`4 operation, Func`4 verifySucceeded, TState state, CancellationToken cancellationToken)
   at Microsoft.EntityFrameworkCore.Storage.ExecutionStrategy.ExecuteAsync[TState,TResult](TState state, Func`4 operation, Func`4 verifySucceeded, CancellationToken cancellationToken)
   at Microsoft.EntityFrameworkCore.Query.Internal.SingleQueryingEnumerable`1.AsyncEnumerator.MoveNextAsync()
   at Microsoft.EntityFrameworkCore.EntityFrameworkQueryableExtensions.ToListAsync[TSource](IQueryable`1 source, CancellationToken cancellationToken)
   at Microsoft.EntityFrameworkCore.EntityFrameworkQueryableExtensions.ToListAsync[TSource](IQueryable`1 source, CancellationToken cancellationToken)
   at Microsoft.EntityFrameworkCore.EntityFrameworkQueryableExtensions.ToArrayAsync[TSource](IQueryable`1 source, CancellationToken cancellationToken)
   at SysAssist.Infrastructure.Services.SysAssistApiService.ListModulesAsync(CancellationToken cancellationToken) in C:\Users\8-Bits\Desktop\Sys\SysAssist\src\SysAssist.Infrastructure\Services\SysAssistApiService.cs:line 185
   at Program.<>c.<<<Main>$>b__0_19>d.MoveNext() in C:\Users\8-Bits\Desktop\Sys\SysAssist\src\SysAssist.Api\Program.cs:line 200
--- End of stack trace from previous location ---
   at Microsoft.AspNetCore.Http.RequestDelegateFactory.ExecuteTaskResult[T](Task`1 task, HttpContext httpContext)
   at Microsoft.AspNetCore.Authorization.AuthorizationMiddleware.Invoke(HttpContext context)
   at Microsoft.AspNetCore.Authentication.AuthenticationMiddleware.Invoke(HttpContext context)
   at Swashbuckle.AspNetCore.SwaggerUI.SwaggerUIMiddleware.Invoke(HttpContext httpContext)
   at Swashbuckle.AspNetCore.Swagger.SwaggerMiddleware.Invoke(HttpContext httpContext, ISwaggerProvider swaggerProvider)
   at Serilog.AspNetCore.RequestLoggingMiddleware.Invoke(HttpContext httpContext)
[14:37:13 INF] HTTP OPTIONS /api/dashboard responded 204 in 0.0318 ms
[14:37:16 ERR] An error occurred using the connection to database 'defaultdb' on server 'tcp://sneaky-newfie-16368.jxf.gcp-europe-west3.cockroachlabs.cloud:26257'.
[14:37:16 ERR] An exception occurred while iterating over the results of a query for context type 'SysAssist.Infrastructure.Data.SysAssistDbContext'.
Npgsql.NpgsqlException (0x80004005): Exception while performing SSL handshake
 ---> System.Threading.Tasks.TaskCanceledException: A task was canceled.
   at System.Net.Security.SslStream.ForceAuthenticationAsync[TIOAdapter](Boolean receiveFirst, Byte[] reAuthenticationData, CancellationToken cancellationToken)
   at Npgsql.Internal.NpgsqlConnector.NegotiateEncryption(SslMode sslMode, NpgsqlTimeout timeout, Boolean async, CancellationToken cancellationToken)
   at Npgsql.Internal.NpgsqlConnector.NegotiateEncryption(SslMode sslMode, NpgsqlTimeout timeout, Boolean async, CancellationToken cancellationToken)
   at Npgsql.Internal.NpgsqlConnector.RawOpen(SslMode sslMode, NpgsqlTimeout timeout, Boolean async, CancellationToken cancellationToken)
   at Npgsql.Internal.NpgsqlConnector.<Open>g__OpenCore|214_1(NpgsqlConnector conn, SslMode sslMode, NpgsqlTimeout timeout, Boolean async, CancellationToken cancellationToken)
   at Npgsql.Internal.NpgsqlConnector.Open(NpgsqlTimeout timeout, Boolean async, CancellationToken cancellationToken)
   at Npgsql.PoolingDataSource.OpenNewConnector(NpgsqlConnection conn, NpgsqlTimeout timeout, Boolean async, CancellationToken cancellationToken)
   at Npgsql.PoolingDataSource.<Get>g__RentAsync|33_0(NpgsqlConnection conn, NpgsqlTimeout timeout, Boolean async, CancellationToken cancellationToken)
   at Npgsql.NpgsqlConnection.<Open>g__OpenAsync|42_0(Boolean async, CancellationToken cancellationToken)
   at Microsoft.EntityFrameworkCore.Storage.RelationalConnection.OpenInternalAsync(Boolean errorsExpected, CancellationToken cancellationToken)
   at Microsoft.EntityFrameworkCore.Storage.RelationalConnection.OpenInternalAsync(Boolean errorsExpected, CancellationToken cancellationToken)
   at Microsoft.EntityFrameworkCore.Storage.RelationalConnection.OpenAsync(CancellationToken cancellationToken, Boolean errorsExpected)
   at Microsoft.EntityFrameworkCore.Storage.RelationalCommand.ExecuteReaderAsync(RelationalCommandParameterObject parameterObject, CancellationToken cancellationToken)
   at Microsoft.EntityFrameworkCore.Query.Internal.SingleQueryingEnumerable`1.AsyncEnumerator.InitializeReaderAsync(AsyncEnumerator enumerator, CancellationToken cancellationToken)
   at Microsoft.EntityFrameworkCore.Storage.ExecutionStrategy.<>c__DisplayClass30_0`2.<<ExecuteAsync>b__0>d.MoveNext()
--- End of stack trace from previous location ---
   at Microsoft.EntityFrameworkCore.Storage.ExecutionStrategy.ExecuteImplementationAsync[TState,TResult](Func`4 operation, Func`4 verifySucceeded, TState state, CancellationToken cancellationToken)
   at Microsoft.EntityFrameworkCore.Storage.ExecutionStrategy.ExecuteImplementationAsync[TState,TResult](Func`4 operation, Func`4 verifySucceeded, TState state, CancellationToken cancellationToken)
   at Microsoft.EntityFrameworkCore.Storage.ExecutionStrategy.ExecuteAsync[TState,TResult](TState state, Func`4 operation, Func`4 verifySucceeded, CancellationToken cancellationToken)
   at Microsoft.EntityFrameworkCore.Query.Internal.SingleQueryingEnumerable`1.AsyncEnumerator.MoveNextAsync()
Npgsql.NpgsqlException (0x80004005): Exception while performing SSL handshake
 ---> System.Threading.Tasks.TaskCanceledException: A task was canceled.
   at System.Net.Security.SslStream.ForceAuthenticationAsync[TIOAdapter](Boolean receiveFirst, Byte[] reAuthenticationData, CancellationToken cancellationToken)
   at Npgsql.Internal.NpgsqlConnector.NegotiateEncryption(SslMode sslMode, NpgsqlTimeout timeout, Boolean async, CancellationToken cancellationToken)
   at Npgsql.Internal.NpgsqlConnector.NegotiateEncryption(SslMode sslMode, NpgsqlTimeout timeout, Boolean async, CancellationToken cancellationToken)
   at Npgsql.Internal.NpgsqlConnector.RawOpen(SslMode sslMode, NpgsqlTimeout timeout, Boolean async, CancellationToken cancellationToken)
   at Npgsql.Internal.NpgsqlConnector.<Open>g__OpenCore|214_1(NpgsqlConnector conn, SslMode sslMode, NpgsqlTimeout timeout, Boolean async, CancellationToken cancellationToken)
   at Npgsql.Internal.NpgsqlConnector.Open(NpgsqlTimeout timeout, Boolean async, CancellationToken cancellationToken)
   at Npgsql.PoolingDataSource.OpenNewConnector(NpgsqlConnection conn, NpgsqlTimeout timeout, Boolean async, CancellationToken cancellationToken)
   at Npgsql.PoolingDataSource.<Get>g__RentAsync|33_0(NpgsqlConnection conn, NpgsqlTimeout timeout, Boolean async, CancellationToken cancellationToken)
   at Npgsql.NpgsqlConnection.<Open>g__OpenAsync|42_0(Boolean async, CancellationToken cancellationToken)
   at Microsoft.EntityFrameworkCore.Storage.RelationalConnection.OpenInternalAsync(Boolean errorsExpected, CancellationToken cancellationToken)
   at Microsoft.EntityFrameworkCore.Storage.RelationalConnection.OpenInternalAsync(Boolean errorsExpected, CancellationToken cancellationToken)
   at Microsoft.EntityFrameworkCore.Storage.RelationalConnection.OpenAsync(CancellationToken cancellationToken, Boolean errorsExpected)
   at Microsoft.EntityFrameworkCore.Storage.RelationalCommand.ExecuteReaderAsync(RelationalCommandParameterObject parameterObject, CancellationToken cancellationToken)
   at Microsoft.EntityFrameworkCore.Query.Internal.SingleQueryingEnumerable`1.AsyncEnumerator.InitializeReaderAsync(AsyncEnumerator enumerator, CancellationToken cancellationToken)
   at Microsoft.EntityFrameworkCore.Storage.ExecutionStrategy.<>c__DisplayClass30_0`2.<<ExecuteAsync>b__0>d.MoveNext()
--- End of stack trace from previous location ---
   at Microsoft.EntityFrameworkCore.Storage.ExecutionStrategy.ExecuteImplementationAsync[TState,TResult](Func`4 operation, Func`4 verifySucceeded, TState state, CancellationToken cancellationToken)
   at Microsoft.EntityFrameworkCore.Storage.ExecutionStrategy.ExecuteImplementationAsync[TState,TResult](Func`4 operation, Func`4 verifySucceeded, TState state, CancellationToken cancellationToken)
   at Microsoft.EntityFrameworkCore.Storage.ExecutionStrategy.ExecuteAsync[TState,TResult](TState state, Func`4 operation, Func`4 verifySucceeded, CancellationToken cancellationToken)
   at Microsoft.EntityFrameworkCore.Query.Internal.SingleQueryingEnumerable`1.AsyncEnumerator.MoveNextAsync()
[14:37:16 ERR] HTTP GET /api/modules/019e8055-e953-745d-8b2c-5375dd1b1083/settings responded 500 in 3931.4488 ms
Npgsql.NpgsqlException (0x80004005): Exception while performing SSL handshake
 ---> System.Threading.Tasks.TaskCanceledException: A task was canceled.
   at System.Net.Security.SslStream.ForceAuthenticationAsync[TIOAdapter](Boolean receiveFirst, Byte[] reAuthenticationData, CancellationToken cancellationToken)
   at Npgsql.Internal.NpgsqlConnector.NegotiateEncryption(SslMode sslMode, NpgsqlTimeout timeout, Boolean async, CancellationToken cancellationToken)
   at Npgsql.Internal.NpgsqlConnector.NegotiateEncryption(SslMode sslMode, NpgsqlTimeout timeout, Boolean async, CancellationToken cancellationToken)
   at Npgsql.Internal.NpgsqlConnector.RawOpen(SslMode sslMode, NpgsqlTimeout timeout, Boolean async, CancellationToken cancellationToken)
   at Npgsql.Internal.NpgsqlConnector.<Open>g__OpenCore|214_1(NpgsqlConnector conn, SslMode sslMode, NpgsqlTimeout timeout, Boolean async, CancellationToken cancellationToken)
   at Npgsql.Internal.NpgsqlConnector.Open(NpgsqlTimeout timeout, Boolean async, CancellationToken cancellationToken)
   at Npgsql.PoolingDataSource.OpenNewConnector(NpgsqlConnection conn, NpgsqlTimeout timeout, Boolean async, CancellationToken cancellationToken)
   at Npgsql.PoolingDataSource.<Get>g__RentAsync|33_0(NpgsqlConnection conn, NpgsqlTimeout timeout, Boolean async, CancellationToken cancellationToken)
   at Npgsql.NpgsqlConnection.<Open>g__OpenAsync|42_0(Boolean async, CancellationToken cancellationToken)
   at Microsoft.EntityFrameworkCore.Storage.RelationalConnection.OpenInternalAsync(Boolean errorsExpected, CancellationToken cancellationToken)
   at Microsoft.EntityFrameworkCore.Storage.RelationalConnection.OpenInternalAsync(Boolean errorsExpected, CancellationToken cancellationToken)
   at Microsoft.EntityFrameworkCore.Storage.RelationalConnection.OpenAsync(CancellationToken cancellationToken, Boolean errorsExpected)
   at Microsoft.EntityFrameworkCore.Storage.RelationalCommand.ExecuteReaderAsync(RelationalCommandParameterObject parameterObject, CancellationToken cancellationToken)
   at Microsoft.EntityFrameworkCore.Query.Internal.SingleQueryingEnumerable`1.AsyncEnumerator.InitializeReaderAsync(AsyncEnumerator enumerator, CancellationToken cancellationToken)
   at Microsoft.EntityFrameworkCore.Storage.ExecutionStrategy.<>c__DisplayClass30_0`2.<<ExecuteAsync>b__0>d.MoveNext()
--- End of stack trace from previous location ---
   at Microsoft.EntityFrameworkCore.Storage.ExecutionStrategy.ExecuteImplementationAsync[TState,TResult](Func`4 operation, Func`4 verifySucceeded, TState state, CancellationToken cancellationToken)
   at Microsoft.EntityFrameworkCore.Storage.ExecutionStrategy.ExecuteImplementationAsync[TState,TResult](Func`4 operation, Func`4 verifySucceeded, TState state, CancellationToken cancellationToken)
   at Microsoft.EntityFrameworkCore.Storage.ExecutionStrategy.ExecuteAsync[TState,TResult](TState state, Func`4 operation, Func`4 verifySucceeded, CancellationToken cancellationToken)
   at Microsoft.EntityFrameworkCore.Query.Internal.SingleQueryingEnumerable`1.AsyncEnumerator.MoveNextAsync()
   at Microsoft.EntityFrameworkCore.Query.ShapedQueryCompilingExpressionVisitor.SingleOrDefaultAsync[TSource](IAsyncEnumerable`1 asyncEnumerable, CancellationToken cancellationToken)
   at Microsoft.EntityFrameworkCore.Query.ShapedQueryCompilingExpressionVisitor.SingleOrDefaultAsync[TSource](IAsyncEnumerable`1 asyncEnumerable, CancellationToken cancellationToken)
   at SysAssist.Infrastructure.Services.SysAssistApiService.FindModuleAsync(Guid id, CancellationToken cancellationToken) in C:\Users\8-Bits\Desktop\Sys\SysAssist\src\SysAssist.Infrastructure\Services\SysAssistApiService.cs:line 1084
   at SysAssist.Infrastructure.Services.SysAssistApiService.GetModuleSettingsAsync(Guid id, CancellationToken cancellationToken) in C:\Users\8-Bits\Desktop\Sys\SysAssist\src\SysAssist.Infrastructure\Services\SysAssistApiService.cs:line 227
   at Program.<>c.<<<Main>$>b__0_23>d.MoveNext() in C:\Users\8-Bits\Desktop\Sys\SysAssist\src\SysAssist.Api\Program.cs:line 209
--- End of stack trace from previous location ---
   at Microsoft.AspNetCore.Http.RequestDelegateFactory.ExecuteTaskResult[T](Task`1 task, HttpContext httpContext)
   at Microsoft.AspNetCore.Authorization.AuthorizationMiddleware.Invoke(HttpContext context)
   at Microsoft.AspNetCore.Authentication.AuthenticationMiddleware.Invoke(HttpContext context)
   at Swashbuckle.AspNetCore.SwaggerUI.SwaggerUIMiddleware.Invoke(HttpContext httpContext)
   at Swashbuckle.AspNetCore.Swagger.SwaggerMiddleware.Invoke(HttpContext httpContext, ISwaggerProvider swaggerProvider)
   at Serilog.AspNetCore.RequestLoggingMiddleware.Invoke(HttpContext httpContext)
[14:37:18 INF] HTTP GET /api/modules responded 200 in 4948.0375 ms
[14:37:19 INF] HTTP GET /api/modules responded 200 in 605.5296 ms
[14:37:21 INF] HTTP GET /api/dashboard responded 200 in 7459.3539 ms
[14:37:21 INF] HTTP GET /api/diagnostics responded 200 in 7667.8182 ms
[14:37:23 INF] HTTP OPTIONS /api/events responded 204 in 0.0400 ms
[14:37:23 INF] HTTP OPTIONS /api/modules responded 204 in 0.0188 ms
[14:37:24 INF] HTTP GET /api/modules responded 200 in 595.8554 ms
[14:37:24 INF] HTTP GET /api/events responded 200 in 617.2745 ms
[14:37:27 INF] HTTP OPTIONS /api/approvals responded 204 in 0.0308 ms
[14:37:27 INF] HTTP OPTIONS /api/actions responded 204 in 0.0109 ms
[14:37:28 INF] HTTP GET /api/actions responded 200 in 624.6100 ms
[14:37:28 INF] HTTP GET /api/events responded 200 in 631.0205 ms
[14:37:28 INF] HTTP GET /api/approvals responded 200 in 628.7698 ms
[14:37:29 INF] HTTP OPTIONS /api/modules responded 204 in 0.0341 ms
[14:37:30 INF] HTTP GET /api/modules responded 200 in 600.1746 ms
[14:37:30 INF] HTTP OPTIONS /api/modules/019e8055-e953-745d-8b2c-5375dd1b1083/settings responded 204 in 0.0280 ms
[14:37:32 INF] HTTP GET /api/modules/019e8055-e953-745d-8b2c-5375dd1b1083/settings responded 200 in 1814.4472 ms
[14:37:32 INF] HTTP GET /api/actions responded 200 in 608.0216 ms
[14:37:32 INF] HTTP GET /api/modules responded 200 in 608.0247 ms
[14:37:33 INF] HTTP OPTIONS /api/audit responded 204 in 0.0326 ms
[14:37:33 INF] HTTP GET /api/audit responded 200 in 593.0436 ms
[14:37:35 INF] HTTP OPTIONS /api/logs responded 204 in 0.0281 ms
[14:37:36 INF] HTTP GET /api/logs responded 200 in 602.8316 ms
[14:37:37 INF] HTTP OPTIONS /api/dashboard responded 204 in 0.0561 ms
[14:37:37 INF] HTTP OPTIONS /api/modules responded 204 in 0.0136 ms
[14:37:37 INF] HTTP GET /api/modules responded 200 in 597.6428 ms
[14:37:40 INF] HTTP GET /api/dashboard responded 200 in 3138.1683 ms
[14:37:42 INF] HTTP OPTIONS /api/diagnostics responded 204 in 0.0360 ms
[14:37:42 INF] HTTP GET /api/modules responded 200 in 602.8416 ms
[14:37:43 INF] HTTP GET /api/modules responded 200 in 600.3566 ms
[14:37:45 INF] HTTP GET /api/dashboard responded 200 in 2984.3028 ms
[14:37:45 INF] HTTP GET /api/diagnostics responded 200 in 3167.5731 ms
[14:38:44 INF] HTTP OPTIONS /api/diagnostics responded 204 in 0.0934 ms
[14:38:44 INF] HTTP OPTIONS /api/modules responded 204 in 0.0563 ms
[14:38:44 INF] HTTP OPTIONS /api/modules responded 204 in 0.0215 ms
[14:38:44 INF] HTTP OPTIONS /api/dashboard responded 204 in 0.0114 ms
[14:38:45 INF] HTTP GET /api/modules responded 200 in 595.3270 ms
[14:38:46 INF] HTTP GET /api/modules responded 200 in 598.1066 ms
[14:38:47 INF] HTTP GET /api/dashboard responded 200 in 3035.6840 ms
[14:38:48 INF] HTTP GET /api/diagnostics responded 200 in 3189.1744 ms
[14:38:53 INF] HTTP OPTIONS /api/events responded 204 in 0.0404 ms
[14:38:53 INF] HTTP OPTIONS /api/actions responded 204 in 0.0092 ms
[14:38:53 INF] HTTP OPTIONS /api/modules responded 204 in 0.0086 ms
[14:38:54 INF] HTTP GET /api/modules responded 200 in 593.9565 ms
[14:38:54 INF] HTTP GET /api/events responded 200 in 606.3759 ms
[14:38:54 INF] HTTP GET /api/actions responded 200 in 611.7907 ms
[14:39:00 INF] HTTP OPTIONS /api/events responded 204 in 0.0317 ms
[14:39:00 INF] HTTP OPTIONS /api/modules responded 204 in 0.0132 ms
[14:39:01 INF] HTTP GET /api/modules responded 200 in 587.9440 ms
[14:39:01 INF] HTTP GET /api/events responded 200 in 601.1568 ms
[14:39:03 INF] HTTP OPTIONS /api/actions responded 204 in 0.0309 ms
[14:39:03 INF] HTTP GET /api/events responded 200 in 603.3889 ms
[14:39:03 INF] HTTP GET /api/modules responded 200 in 602.9226 ms
[14:39:03 INF] HTTP GET /api/actions responded 200 in 603.3939 ms
[14:39:05 INF] HTTP OPTIONS /api/dashboard responded 204 in 0.0339 ms
[14:39:06 INF] HTTP GET /api/modules responded 200 in 642.8476 ms
[14:39:08 INF] HTTP GET /api/dashboard responded 200 in 3115.6765 ms
[14:39:11 INF] HTTP OPTIONS /api/diagnostics/run responded 204 in 0.0339 ms
[14:39:12 INF] HTTP POST /api/diagnostics/run responded 200 in 592.1090 ms
[14:39:12 INF] HTTP OPTIONS /api/diagnostics responded 204 in 0.0287 ms
[14:39:13 INF] HTTP OPTIONS /api/modules/019e8055-e953-745d-8b2c-5375dd1b1083/settings responded 204 in 0.0311 ms
[14:39:13 INF] HTTP OPTIONS /api/modules responded 204 in 0.0245 ms
[14:39:13 INF] HTTP GET /api/modules responded 200 in 609.0080 ms
[14:39:15 INF] HTTP GET /api/modules/019e8055-e953-745d-8b2c-5375dd1b1083/settings responded 200 in 1846.8163 ms
[14:39:15 INF] HTTP GET /api/diagnostics responded 200 in 3242.4529 ms
[14:42:36 INF] HTTP OPTIONS /api/diagnostics responded 204 in 0.0317 ms
[14:42:36 INF] HTTP OPTIONS /api/modules responded 204 in 0.0171 ms
[14:42:36 INF] HTTP OPTIONS /api/dashboard responded 204 in 0.0267 ms
[14:42:40 INF] HTTP GET /api/modules responded 200 in 4196.4082 ms
[14:42:41 INF] HTTP GET /api/modules responded 200 in 618.9085 ms
[14:42:43 INF] HTTP GET /api/dashboard responded 200 in 6517.7672 ms
[14:42:43 INF] HTTP GET /api/diagnostics responded 200 in 6712.8531 ms
[14:42:52 INF] HTTP OPTIONS /api/diagnostics responded 204 in 0.0317 ms
[14:42:52 INF] HTTP OPTIONS /api/modules responded 204 in 0.0156 ms
[14:42:52 INF] HTTP OPTIONS /api/dashboard responded 204 in 0.0191 ms
[14:42:52 INF] HTTP GET /api/modules responded 200 in 575.9643 ms
[14:42:53 INF] HTTP GET /api/modules responded 200 in 585.6960 ms
[14:42:55 INF] HTTP GET /api/dashboard responded 200 in 2915.5533 ms
[14:42:55 INF] HTTP GET /api/diagnostics responded 200 in 3117.4481 ms
[14:43:01 INF] HTTP OPTIONS /api/diagnostics responded 204 in 0.0403 ms
[14:43:01 INF] HTTP OPTIONS /api/modules responded 204 in 0.0211 ms
[14:43:01 INF] HTTP OPTIONS /api/dashboard responded 204 in 0.0137 ms
[14:43:02 INF] HTTP GET /api/modules responded 200 in 646.0961 ms
[14:43:03 INF] HTTP GET /api/modules responded 200 in 607.3443 ms
[14:43:04 INF] HTTP GET /api/dashboard responded 200 in 2984.0815 ms
[14:43:04 INF] HTTP GET /api/diagnostics responded 200 in 3197.6639 ms
[14:43:34 INF] HTTP OPTIONS /api/diagnostics responded 204 in 0.0506 ms
[14:43:34 INF] HTTP OPTIONS /api/modules responded 204 in 0.0471 ms
[14:43:34 INF] HTTP OPTIONS /api/dashboard responded 204 in 0.0259 ms
[14:43:34 INF] HTTP GET /api/modules responded 200 in 617.0097 ms
[14:43:35 INF] HTTP GET /api/modules responded 200 in 607.2468 ms
[14:43:36 INF] HTTP GET /api/modules responded 200 in 594.5723 ms
[14:43:37 INF] HTTP GET /api/dashboard responded 200 in 2967.7894 ms
[14:43:37 INF] HTTP GET /api/modules responded 200 in 599.5717 ms
[14:43:37 INF] HTTP GET /api/diagnostics responded 200 in 3183.6764 ms
[14:44:14 INF] HTTP OPTIONS /api/diagnostics responded 204 in 0.0337 ms
[14:44:14 INF] HTTP OPTIONS /api/modules responded 204 in 0.0241 ms
[14:44:14 INF] HTTP OPTIONS /api/actions responded 204 in 0.0083 ms
[14:44:14 INF] HTTP OPTIONS /api/modules responded 204 in 0.0083 ms
[14:44:15 INF] HTTP GET /api/modules responded 200 in 585.7064 ms
[14:44:15 INF] HTTP GET /api/actions responded 200 in 588.5065 ms
[14:44:16 INF] HTTP GET /api/modules responded 200 in 601.5310 ms
[14:44:17 INF] HTTP GET /api/diagnostics responded 200 in 3103.3917 ms
[14:44:23 INF] HTTP OPTIONS /api/diagnostics responded 204 in 0.0390 ms
[14:44:23 INF] HTTP OPTIONS /api/modules responded 204 in 0.0152 ms
[14:44:23 INF] HTTP OPTIONS /api/actions responded 204 in 0.0120 ms
[14:44:23 INF] HTTP OPTIONS /api/modules responded 204 in 0.0136 ms
[14:44:23 INF] HTTP OPTIONS /api/diagnostics responded 204 in 0.0372 ms
[14:44:23 INF] HTTP OPTIONS /api/modules responded 204 in 0.0124 ms
[14:44:23 INF] HTTP OPTIONS /api/dashboard responded 204 in 0.0278 ms
[14:44:24 INF] HTTP GET /api/modules responded 200 in 596.2120 ms
[14:44:24 INF] HTTP GET /api/actions responded 200 in 599.5639 ms
[14:44:25 INF] HTTP GET /api/modules responded 200 in 606.4470 ms
[14:44:26 INF] HTTP GET /api/diagnostics responded 200 in 3110.3417 ms
[14:44:28 INF] HTTP GET /api/modules responded 200 in 4234.6348 ms
[14:44:28 INF] HTTP GET /api/modules responded 200 in 589.1399 ms
[14:44:30 INF] HTTP GET /api/dashboard responded 200 in 6609.9039 ms
[14:44:30 INF] HTTP GET /api/diagnostics responded 200 in 6806.3655 ms
[14:44:51 INF] HTTP OPTIONS /api/diagnostics responded 204 in 0.0422 ms
[14:44:51 INF] HTTP OPTIONS /api/modules responded 204 in 0.0293 ms
[14:44:51 INF] HTTP OPTIONS /api/actions responded 204 in 0.0435 ms
[14:44:51 INF] HTTP OPTIONS /api/diagnostics responded 204 in 0.0451 ms
[14:44:51 INF] HTTP OPTIONS /api/modules responded 204 in 0.0170 ms
[14:44:51 INF] HTTP OPTIONS /api/dashboard responded 204 in 0.0908 ms
[14:44:52 INF] HTTP GET /api/actions responded 200 in 580.5122 ms
[14:44:52 INF] HTTP GET /api/modules responded 200 in 605.6834 ms
[14:44:52 INF] HTTP GET /api/modules responded 200 in 601.7189 ms
[14:44:53 INF] HTTP GET /api/modules responded 200 in 629.5506 ms
[14:44:53 INF] HTTP GET /api/modules responded 200 in 598.7226 ms
[14:44:55 INF] HTTP GET /api/dashboard responded 200 in 3030.9217 ms
[14:44:55 INF] HTTP GET /api/diagnostics responded 200 in 3191.7490 ms
[14:44:55 INF] HTTP GET /api/diagnostics responded 200 in 3112.9525 ms
[14:45:29 INF] HTTP OPTIONS /api/diagnostics responded 204 in 0.0117 ms
[14:45:29 INF] HTTP OPTIONS /api/modules responded 204 in 0.0357 ms
[14:45:29 INF] HTTP OPTIONS /api/actions responded 204 in 0.0101 ms
[14:45:29 INF] HTTP OPTIONS /api/modules responded 204 in 0.0080 ms
[14:45:29 INF] HTTP OPTIONS /api/diagnostics responded 204 in 0.0333 ms
[14:45:29 INF] HTTP OPTIONS /api/modules responded 204 in 0.0091 ms
[14:45:29 INF] HTTP OPTIONS /api/dashboard responded 204 in 0.0296 ms
[14:45:30 INF] HTTP GET /api/modules responded 200 in 624.9705 ms
[14:45:30 INF] HTTP GET /api/modules responded 200 in 608.2499 ms
[14:45:30 INF] HTTP GET /api/actions responded 200 in 641.8389 ms
[14:45:31 INF] HTTP GET /api/modules responded 200 in 611.2097 ms
[14:45:31 INF] HTTP GET /api/modules responded 200 in 627.1614 ms
[14:45:32 INF] HTTP GET /api/dashboard responded 200 in 2997.1932 ms
[14:45:33 INF] HTTP GET /api/diagnostics responded 200 in 3214.3119 ms
[14:45:33 INF] HTTP GET /api/diagnostics responded 200 in 3189.3945 ms
[14:45:52 INF] HTTP OPTIONS /api/diagnostics responded 204 in 0.0330 ms
[14:45:52 INF] HTTP OPTIONS /api/modules responded 204 in 0.0329 ms
[14:45:52 INF] HTTP OPTIONS /api/dashboard responded 204 in 0.0267 ms
[14:45:52 INF] HTTP OPTIONS /api/modules responded 204 in 0.0214 ms
[14:45:52 INF] HTTP GET /api/modules responded 200 in 611.0992 ms
[14:45:53 INF] HTTP GET /api/modules responded 200 in 648.7004 ms
[14:45:55 INF] HTTP GET /api/dashboard responded 200 in 2989.3086 ms
[14:45:55 INF] HTTP GET /api/modules responded 200 in 596.5130 ms
[14:45:55 INF] HTTP GET /api/diagnostics responded 200 in 3228.5742 ms
[14:45:56 INF] HTTP GET /api/modules responded 200 in 615.2033 ms
[14:45:57 INF] HTTP GET /api/modules responded 200 in 583.2243 ms
[14:45:58 INF] HTTP GET /api/modules responded 200 in 607.4425 ms
[14:45:59 INF] HTTP GET /api/dashboard responded 200 in 2976.3290 ms
[14:46:00 INF] HTTP GET /api/diagnostics responded 200 in 3197.5598 ms
[14:46:02 INF] HTTP OPTIONS /api/diagnostics responded 204 in 0.0474 ms
[14:46:05 INF] HTTP GET /api/diagnostics responded 200 in 3323.6818 ms
[14:46:09 INF] HTTP GET /api/diagnostics responded 200 in 3164.1776 ms
[14:46:29 INF] HTTP OPTIONS /api/diagnostics responded 204 in 0.0298 ms
[14:46:29 INF] HTTP OPTIONS /api/modules responded 204 in 0.0545 ms
[14:46:30 INF] HTTP GET /api/modules responded 200 in 621.3569 ms
[14:46:33 INF] HTTP GET /api/diagnostics responded 200 in 3165.0942 ms
[14:46:36 INF] HTTP GET /api/diagnostics responded 200 in 3186.3111 ms
[14:46:48 INF] HTTP OPTIONS /api/diagnostics responded 204 in 0.0459 ms
[14:46:48 INF] HTTP OPTIONS /api/modules responded 204 in 0.0122 ms
[14:46:48 INF] HTTP OPTIONS /api/diagnostics responded 204 in 0.0133 ms
[14:46:48 INF] HTTP GET /api/modules responded 200 in 609.6399 ms
[14:46:51 INF] HTTP GET /api/diagnostics responded 200 in 3181.4221 ms
[14:46:54 INF] HTTP GET /api/diagnostics responded 200 in 3175.5595 ms
[14:47:38 INF] HTTP OPTIONS /api/diagnostics responded 204 in 0.0329 ms
[14:47:38 INF] HTTP OPTIONS /api/modules responded 204 in 0.0180 ms
[14:47:38 INF] HTTP GET /api/modules responded 200 in 593.3252 ms
[14:47:41 INF] HTTP GET /api/diagnostics responded 200 in 3180.7222 ms
[14:47:44 INF] HTTP GET /api/diagnostics responded 200 in 3072.6198 ms
[14:47:48 INF] HTTP OPTIONS /api/diagnostics responded 204 in 0.0350 ms
[14:47:48 INF] HTTP OPTIONS /api/modules responded 204 in 0.0197 ms
[14:47:51 INF] HTTP GET /api/diagnostics responded 200 in 3268.4805 ms
[14:47:52 INF] HTTP OPTIONS /api/users responded 204 in 0.0278 ms
[14:47:52 INF] HTTP OPTIONS /api/roles responded 204 in 0.0332 ms
[14:47:52 INF] HTTP GET /api/modules responded 200 in 4227.6478 ms
[14:47:54 INF] HTTP GET /api/diagnostics responded 200 in 3129.3818 ms
[14:47:55 INF] HTTP OPTIONS /api/notifications responded 204 in 0.0310 ms
[14:47:56 INF] HTTP GET /api/roles responded 200 in 4163.8019 ms
[14:47:56 INF] HTTP GET /api/notifications responded 200 in 588.5975 ms
[14:47:56 INF] HTTP GET /api/users responded 200 in 4248.5177 ms
[14:47:57 INF] HTTP GET /api/roles responded 200 in 605.4221 ms
[14:47:57 INF] HTTP GET /api/users responded 200 in 605.4393 ms
[14:48:03 INF] HTTP OPTIONS /api/diagnostics responded 204 in 0.0629 ms
[14:48:03 INF] HTTP OPTIONS /api/modules responded 204 in 0.0337 ms
[14:48:03 INF] HTTP OPTIONS /api/users responded 204 in 0.0218 ms
[14:48:03 INF] HTTP OPTIONS /api/roles responded 204 in 0.0164 ms
[14:48:03 INF] HTTP GET /api/roles responded 200 in 594.5203 ms
[14:48:03 INF] HTTP GET /api/modules responded 200 in 607.2269 ms
[14:48:03 INF] HTTP GET /api/users responded 200 in 614.4486 ms
[14:48:05 INF] HTTP OPTIONS /api/notifications responded 204 in 0.0305 ms
[14:48:06 INF] HTTP GET /api/diagnostics responded 200 in 3146.2947 ms
[14:48:06 INF] HTTP GET /api/notifications responded 200 in 601.8698 ms
[14:48:07 INF] HTTP OPTIONS /api/notifications/019e805f-7d0a-7982-a980-11f53b6c9bf2/mark-read responded 204 in 0.0264 ms
[14:48:08 INF] HTTP POST /api/notifications/019e805f-7d0a-7982-a980-11f53b6c9bf2/mark-read responded 200 in 608.4829 ms
[14:48:08 INF] HTTP GET /api/notifications responded 200 in 609.7632 ms
[14:48:09 INF] HTTP POST /api/notifications/019e805f-7d0a-7982-a980-11f53b6c9bf2/mark-read responded 200 in 601.8799 ms
[14:48:09 INF] HTTP POST /api/notifications/019e805f-7d0a-7982-a980-11f53b6c9bf2/mark-read responded 200 in 593.9713 ms
[14:48:09 INF] HTTP POST /api/notifications/019e805f-7d0a-7982-a980-11f53b6c9bf2/mark-read responded 200 in 590.1155 ms
[14:48:09 INF] HTTP POST /api/notifications/019e805f-7d0a-7982-a980-11f53b6c9bf2/mark-read responded 200 in 611.5296 ms
[14:48:09 INF] HTTP GET /api/notifications responded 200 in 613.1916 ms
[14:48:10 INF] HTTP GET /api/notifications responded 200 in 587.0683 ms
[14:48:10 INF] HTTP GET /api/notifications responded 200 in 589.9149 ms
[14:48:11 INF] HTTP GET /api/notifications responded 200 in 601.6998 ms
[14:48:13 INF] HTTP POST /api/notifications/019e805f-7d0a-7982-a980-11f53b6c9bf2/mark-read responded 200 in 4221.7103 ms
[14:48:13 INF] HTTP OPTIONS /api/notifications responded 204 in 0.0281 ms
[14:48:13 INF] HTTP GET /api/notifications responded 200 in 588.9357 ms
[14:48:25 INF] HTTP OPTIONS /api/diagnostics responded 204 in 0.0514 ms
[14:48:25 INF] HTTP OPTIONS /api/modules responded 204 in 0.0227 ms
[14:48:25 INF] HTTP OPTIONS /api/notifications responded 204 in 0.0097 ms
[14:48:26 INF] HTTP GET /api/notifications responded 200 in 606.2615 ms
[14:48:26 INF] HTTP GET /api/modules responded 200 in 630.6508 ms
[14:48:26 INF] HTTP OPTIONS /api/logs responded 204 in 0.0398 ms
[14:48:27 INF] HTTP GET /api/logs responded 200 in 628.6106 ms
[14:48:28 INF] HTTP GET /api/diagnostics responded 200 in 3187.8914 ms
[14:48:41 INF] HTTP OPTIONS /api/diagnostics responded 204 in 0.0334 ms
[14:48:41 INF] HTTP OPTIONS /api/modules responded 204 in 0.0164 ms
[14:48:41 INF] HTTP OPTIONS /api/logs responded 204 in 0.0146 ms
[14:48:42 INF] HTTP GET /api/logs responded 200 in 571.5614 ms
[14:48:42 INF] HTTP GET /api/modules responded 200 in 603.0202 ms
[14:48:45 INF] HTTP GET /api/diagnostics responded 200 in 3164.7919 ms
[14:48:58 INF] HTTP OPTIONS /api/diagnostics responded 204 in 0.0339 ms
[14:48:58 INF] HTTP OPTIONS /api/modules responded 204 in 0.0250 ms
[14:48:58 INF] HTTP OPTIONS /api/logs responded 204 in 0.0186 ms
[14:48:59 INF] HTTP GET /api/modules responded 200 in 592.5302 ms
[14:48:59 INF] HTTP GET /api/logs responded 200 in 592.6895 ms
[14:49:01 INF] HTTP GET /api/diagnostics responded 200 in 3169.1399 ms
[14:49:13 INF] HTTP OPTIONS /api/diagnostics responded 204 in 0.0350 ms
[14:49:13 INF] HTTP OPTIONS /api/modules responded 204 in 0.0229 ms
[14:49:13 INF] HTTP OPTIONS /api/logs responded 204 in 0.0125 ms
[14:49:13 INF] HTTP GET /api/modules responded 200 in 590.7111 ms
[14:49:13 INF] HTTP GET /api/logs responded 200 in 608.1807 ms
[14:49:16 INF] HTTP GET /api/diagnostics responded 200 in 3156.3172 ms
[14:49:26 INF] HTTP OPTIONS /api/diagnostics responded 204 in 0.0351 ms
[14:49:26 INF] HTTP OPTIONS /api/modules responded 204 in 0.0300 ms
[14:49:26 INF] HTTP OPTIONS /api/logs responded 204 in 0.0185 ms
[14:49:27 INF] HTTP GET /api/logs responded 200 in 613.7216 ms
[14:49:27 INF] HTTP GET /api/modules responded 200 in 614.5705 ms
[14:49:27 INF] HTTP OPTIONS /api/users responded 204 in 0.0333 ms
[14:49:27 INF] HTTP OPTIONS /api/roles responded 204 in 0.0089 ms
[14:49:28 INF] HTTP GET /api/roles responded 200 in 655.9007 ms
[14:49:28 INF] HTTP GET /api/users responded 200 in 656.1024 ms
[14:49:29 INF] HTTP GET /api/diagnostics responded 200 in 3171.8048 ms
[14:49:33 INF] HTTP OPTIONS /api/diagnostics responded 204 in 0.0276 ms
[14:49:36 INF] HTTP OPTIONS /api/logs responded 204 in 0.0276 ms
[14:49:36 INF] HTTP GET /api/diagnostics responded 200 in 3196.2697 ms
[14:49:36 INF] HTTP GET /api/logs responded 200 in 615.0907 ms
[14:49:37 INF] HTTP OPTIONS /api/audit responded 204 in 0.0397 ms
[14:49:37 INF] HTTP GET /api/audit responded 200 in 606.4146 ms
[14:49:38 INF] HTTP OPTIONS /api/actions responded 204 in 0.0276 ms
[14:49:38 INF] HTTP OPTIONS /api/modules responded 204 in 0.0097 ms
[14:49:39 INF] HTTP GET /api/actions responded 200 in 588.8439 ms
[14:49:39 INF] HTTP GET /api/modules responded 200 in 598.0741 ms
[14:49:40 INF] HTTP OPTIONS /api/modules/019e8055-e953-745d-8b2c-5375dd1b1083/settings responded 204 in 0.0296 ms
[14:49:41 INF] HTTP GET /api/modules responded 200 in 594.3171 ms
[14:49:41 INF] HTTP OPTIONS /api/approvals responded 204 in 0.0381 ms
[14:49:41 INF] HTTP OPTIONS /api/events responded 204 in 0.0101 ms
[14:49:42 INF] HTTP GET /api/approvals responded 200 in 578.0796 ms
[14:49:42 INF] HTTP GET /api/actions responded 200 in 603.0348 ms
[14:49:42 INF] HTTP GET /api/events responded 200 in 594.6141 ms
[14:49:42 INF] HTTP GET /api/modules/019e8055-e953-745d-8b2c-5375dd1b1083/settings responded 200 in 1865.7822 ms
[14:49:43 INF] HTTP GET /api/modules responded 200 in 608.8297 ms
[14:49:43 INF] HTTP GET /api/events responded 200 in 623.8510 ms
[14:49:43 INF] HTTP OPTIONS /api/dashboard responded 204 in 0.0287 ms
[14:49:44 INF] HTTP GET /api/modules responded 200 in 615.1491 ms
[14:49:44 INF] HTTP OPTIONS /api/modules responded 204 in 0.0364 ms
[14:49:45 INF] HTTP GET /api/events responded 200 in 607.7289 ms
[14:49:45 INF] HTTP GET /api/modules responded 200 in 611.2916 ms
[14:49:46 INF] HTTP GET /api/dashboard responded 200 in 3086.8833 ms
[14:49:48 INF] HTTP OPTIONS /api/events responded 204 in 0.0268 ms
[14:49:48 INF] HTTP OPTIONS /api/actions responded 204 in 0.0094 ms
[14:49:49 INF] HTTP GET /api/modules responded 200 in 592.0110 ms
[14:49:49 INF] HTTP GET /api/actions responded 200 in 599.7713 ms
[14:49:49 INF] HTTP GET /api/events responded 200 in 600.8473 ms
[14:50:27 INF] HTTP OPTIONS /api/diagnostics responded 204 in 0.0338 ms
[14:50:27 INF] HTTP OPTIONS /api/modules responded 204 in 0.0352 ms
[14:50:27 INF] HTTP OPTIONS /api/events responded 204 in 0.0189 ms
[14:50:27 INF] HTTP OPTIONS /api/actions responded 204 in 0.0112 ms
[14:50:27 INF] HTTP OPTIONS /api/modules responded 204 in 0.0186 ms
[14:50:27 INF] HTTP GET /api/modules responded 200 in 627.1805 ms
[14:50:27 INF] HTTP GET /api/actions responded 200 in 626.6551 ms
[14:50:27 INF] HTTP GET /api/events responded 200 in 627.3626 ms
[14:50:28 INF] HTTP GET /api/modules responded 200 in 603.1102 ms
[14:50:30 INF] HTTP GET /api/diagnostics responded 200 in 3227.9792 ms
[14:50:30 INF] HTTP GET /api/events responded 200 in 624.7357 ms
[14:50:30 INF] HTTP GET /api/actions responded 200 in 624.4588 ms
[14:50:30 INF] HTTP GET /api/modules responded 200 in 663.9460 ms
[14:50:31 INF] HTTP GET /api/modules responded 200 in 708.0488 ms
[14:50:44 INF] HTTP OPTIONS /api/diagnostics responded 204 in 0.0534 ms
[14:50:44 INF] HTTP OPTIONS /api/modules responded 204 in 0.0236 ms
[14:50:44 INF] HTTP OPTIONS /api/events responded 204 in 0.0205 ms
[14:50:44 INF] HTTP OPTIONS /api/actions responded 204 in 0.0244 ms
[14:50:44 INF] HTTP GET /api/modules responded 200 in 637.0290 ms
[14:50:44 INF] HTTP GET /api/actions responded 200 in 673.9486 ms
[14:50:44 INF] HTTP GET /api/events responded 200 in 677.1423 ms
[14:50:45 INF] HTTP GET /api/modules responded 200 in 634.2146 ms
[14:50:47 INF] HTTP GET /api/diagnostics responded 200 in 3233.8462 ms
[14:50:47 INF] HTTP GET /api/modules responded 200 in 597.3613 ms
[14:50:47 INF] HTTP GET /api/actions responded 200 in 597.3960 ms
[14:50:47 INF] HTTP OPTIONS /api/modules/019e8055-e953-745d-8b2c-5375dd1b1083/settings responded 204 in 0.0352 ms
[14:50:48 INF] HTTP GET /api/modules responded 200 in 592.2862 ms
[14:50:48 INF] HTTP OPTIONS /api/approvals responded 204 in 0.0305 ms
[14:50:49 INF] HTTP GET /api/actions responded 200 in 613.6797 ms
[14:50:49 INF] HTTP GET /api/approvals responded 200 in 626.9174 ms
[14:50:49 INF] HTTP GET /api/events responded 200 in 627.3216 ms
[14:50:49 INF] HTTP GET /api/modules/019e8055-e953-745d-8b2c-5375dd1b1083/settings responded 200 in 1792.7698 ms
[14:50:50 INF] HTTP OPTIONS /api/events responded 204 in 0.0288 ms
[14:50:50 INF] HTTP OPTIONS /api/modules responded 204 in 0.0144 ms
[14:50:50 INF] HTTP OPTIONS /api/actions responded 204 in 0.0279 ms
[14:50:50 INF] HTTP GET /api/events responded 200 in 591.3327 ms
[14:50:50 INF] HTTP GET /api/modules responded 200 in 608.1700 ms
[14:50:51 INF] HTTP GET /api/actions responded 200 in 592.6611 ms
[14:50:51 INF] HTTP GET /api/approvals responded 200 in 601.3538 ms
[14:52:49 INF] HTTP OPTIONS /api/diagnostics responded 204 in 0.0520 ms
[14:52:49 INF] HTTP OPTIONS /api/modules responded 204 in 0.0068 ms
[14:52:49 INF] HTTP OPTIONS /api/modules responded 204 in 0.0388 ms
[14:52:49 INF] HTTP OPTIONS /api/actions responded 204 in 0.0108 ms
[14:52:49 INF] HTTP OPTIONS /api/diagnostics responded 204 in 0.0310 ms
[14:52:49 INF] HTTP OPTIONS /api/modules responded 204 in 0.0228 ms
[14:52:49 INF] HTTP OPTIONS /api/approvals responded 204 in 0.0109 ms
[14:52:49 INF] HTTP OPTIONS /api/events responded 204 in 0.0158 ms
[14:52:49 INF] HTTP OPTIONS /api/actions responded 204 in 0.0076 ms
[14:52:53 INF] HTTP GET /api/modules responded 200 in 4231.2586 ms
[14:52:53 INF] HTTP GET /api/actions responded 200 in 4231.8782 ms
[14:52:54 INF] HTTP GET /api/modules responded 200 in 4142.6752 ms
[14:52:54 INF] HTTP GET /api/modules responded 200 in 595.3765 ms
[14:52:54 INF] HTTP GET /api/events responded 200 in 4222.6723 ms
[14:52:54 INF] HTTP GET /api/approvals responded 200 in 4228.4828 ms
[14:52:54 INF] HTTP GET /api/actions responded 200 in 4233.4356 ms
[14:52:56 INF] HTTP GET /api/diagnostics responded 200 in 6834.9936 ms
[14:52:56 INF] HTTP GET /api/diagnostics responded 200 in 6793.9473 ms
[14:53:11 INF] HTTP OPTIONS /api/diagnostics responded 204 in 0.0295 ms
[14:53:11 INF] HTTP OPTIONS /api/modules responded 204 in 0.0117 ms
[14:53:11 INF] HTTP OPTIONS /api/modules responded 204 in 0.0110 ms
[14:53:11 INF] HTTP OPTIONS /api/actions responded 204 in 0.0082 ms
[14:53:11 INF] HTTP OPTIONS /api/diagnostics responded 204 in 0.0292 ms
[14:53:11 INF] HTTP OPTIONS /api/modules responded 204 in 0.0122 ms
[14:53:11 INF] HTTP OPTIONS /api/approvals responded 204 in 0.0121 ms
[14:53:11 INF] HTTP OPTIONS /api/events responded 204 in 0.0100 ms
[14:53:11 INF] HTTP OPTIONS /api/actions responded 204 in 0.0129 ms
[14:53:11 INF] HTTP GET /api/modules responded 200 in 603.0860 ms
[14:53:11 INF] HTTP GET /api/actions responded 200 in 618.0659 ms
[14:53:12 INF] HTTP GET /api/approvals responded 200 in 611.5575 ms
[14:53:12 INF] HTTP GET /api/modules responded 200 in 611.6678 ms
[14:53:12 INF] HTTP GET /api/actions responded 200 in 621.1603 ms
[14:53:12 INF] HTTP GET /api/events responded 200 in 622.3889 ms
[14:53:12 INF] HTTP GET /api/modules responded 200 in 588.5944 ms
[14:53:14 INF] HTTP GET /api/diagnostics responded 200 in 3235.1218 ms
[14:53:15 INF] HTTP GET /api/diagnostics responded 200 in 3186.8875 ms
[14:53:21 INF] HTTP OPTIONS /api/diagnostics responded 204 in 0.0582 ms
[14:53:21 INF] HTTP OPTIONS /api/modules responded 204 in 0.0131 ms
[14:53:21 INF] HTTP OPTIONS /api/actions responded 204 in 0.0112 ms
[14:53:21 INF] HTTP OPTIONS /api/modules responded 204 in 0.0120 ms
[14:53:21 INF] HTTP OPTIONS /api/diagnostics responded 204 in 0.0286 ms
[14:53:21 INF] HTTP OPTIONS /api/modules responded 204 in 0.0142 ms
[14:53:21 INF] HTTP OPTIONS /api/approvals responded 204 in 0.0081 ms
[14:53:21 INF] HTTP OPTIONS /api/actions responded 204 in 0.0156 ms
[14:53:21 INF] HTTP OPTIONS /api/events responded 204 in 0.0168 ms
[14:53:22 INF] HTTP GET /api/modules responded 200 in 601.9950 ms
[14:53:22 INF] HTTP GET /api/actions responded 200 in 617.6327 ms
[14:53:22 INF] HTTP GET /api/events responded 200 in 591.8504 ms
[14:53:22 INF] HTTP GET /api/approvals responded 200 in 604.3508 ms
[14:53:22 INF] HTTP GET /api/modules responded 200 in 633.8354 ms
[14:53:22 INF] HTTP GET /api/actions responded 200 in 647.3576 ms
[14:53:22 INF] HTTP GET /api/modules responded 200 in 623.9195 ms
[14:53:24 INF] HTTP GET /api/diagnostics responded 200 in 3252.2844 ms
[14:53:25 INF] HTTP GET /api/diagnostics responded 200 in 3232.8735 ms
[14:53:41 INF] HTTP OPTIONS /api/diagnostics responded 204 in 0.0470 ms
[14:53:41 INF] HTTP OPTIONS /api/modules responded 204 in 0.0141 ms
[14:53:41 INF] HTTP OPTIONS /api/actions responded 204 in 0.0120 ms
[14:53:41 INF] HTTP OPTIONS /api/modules responded 204 in 0.0100 ms
[14:53:41 INF] HTTP OPTIONS /api/diagnostics responded 204 in 0.0303 ms
[14:53:41 INF] HTTP OPTIONS /api/modules responded 204 in 0.0122 ms
[14:53:41 INF] HTTP OPTIONS /api/approvals responded 204 in 0.0117 ms
[14:53:41 INF] HTTP OPTIONS /api/events responded 204 in 0.0085 ms
[14:53:41 INF] HTTP OPTIONS /api/actions responded 204 in 0.0084 ms
[14:53:42 INF] HTTP GET /api/actions responded 200 in 591.2306 ms
[14:53:42 INF] HTTP GET /api/modules responded 200 in 613.0636 ms
[14:53:42 INF] HTTP GET /api/modules responded 200 in 607.8915 ms
[14:53:42 INF] HTTP GET /api/actions responded 200 in 617.7830 ms
[14:53:42 INF] HTTP GET /api/approvals responded 200 in 618.0544 ms
[14:53:42 INF] HTTP GET /api/events responded 200 in 618.1725 ms
[14:53:42 INF] HTTP GET /api/modules responded 200 in 615.9706 ms
[14:53:44 INF] HTTP GET /api/diagnostics responded 200 in 3174.2211 ms
[14:53:45 INF] HTTP GET /api/diagnostics responded 200 in 3163.3174 ms
[14:54:15 INF] HTTP OPTIONS /api/diagnostics responded 204 in 0.0441 ms
[14:54:15 INF] HTTP OPTIONS /api/modules responded 204 in 0.0261 ms
[14:54:15 INF] HTTP OPTIONS /api/actions responded 204 in 0.0122 ms
[14:54:15 INF] HTTP OPTIONS /api/modules responded 204 in 0.0108 ms
[14:54:15 INF] HTTP GET /api/modules responded 200 in 604.3752 ms
[14:54:15 INF] HTTP GET /api/actions responded 200 in 608.6475 ms
[14:54:15 INF] HTTP OPTIONS /api/diagnostics responded 204 in 0.0294 ms
[14:54:15 INF] HTTP OPTIONS /api/modules responded 204 in 0.0110 ms
[14:54:15 INF] HTTP OPTIONS /api/approvals responded 204 in 0.0167 ms
[14:54:15 INF] HTTP OPTIONS /api/events responded 204 in 0.0080 ms
[14:54:15 INF] HTTP OPTIONS /api/actions responded 204 in 0.0046 ms
[14:54:16 INF] HTTP GET /api/approvals responded 200 in 582.8493 ms
[14:54:16 INF] HTTP GET /api/modules responded 200 in 624.9955 ms
[14:54:16 INF] HTTP GET /api/events responded 200 in 610.1889 ms
[14:54:16 INF] HTTP GET /api/modules responded 200 in 611.7735 ms
[14:54:16 INF] HTTP GET /api/actions responded 200 in 610.8794 ms
[14:54:18 INF] HTTP GET /api/diagnostics responded 200 in 3194.4655 ms
[14:54:19 INF] HTTP GET /api/diagnostics responded 200 in 3174.0406 ms
[14:54:34 INF] HTTP OPTIONS /api/diagnostics responded 204 in 0.0332 ms
[14:54:34 INF] HTTP OPTIONS /api/modules responded 204 in 0.0109 ms
[14:54:34 INF] HTTP OPTIONS /api/actions responded 204 in 0.0097 ms
[14:54:34 INF] HTTP OPTIONS /api/modules responded 204 in 0.0110 ms
[14:54:34 INF] HTTP GET /api/actions responded 200 in 633.4763 ms
[14:54:34 INF] HTTP GET /api/modules responded 200 in 633.4196 ms
[14:54:34 INF] HTTP OPTIONS /api/diagnostics responded 204 in 0.0584 ms
[14:54:34 INF] HTTP OPTIONS /api/modules responded 204 in 0.0114 ms
[14:54:34 INF] HTTP OPTIONS /api/approvals responded 204 in 0.0156 ms
[14:54:34 INF] HTTP OPTIONS /api/events responded 204 in 0.0085 ms
[14:54:34 INF] HTTP OPTIONS /api/actions responded 204 in 0.0104 ms
[14:54:35 INF] HTTP GET /api/modules responded 200 in 598.4083 ms
[14:54:35 INF] HTTP GET /api/approvals responded 200 in 594.0668 ms
[14:54:35 INF] HTTP GET /api/events responded 200 in 626.8963 ms
[14:54:35 INF] HTTP GET /api/modules responded 200 in 627.1067 ms
[14:54:35 INF] HTTP GET /api/actions responded 200 in 626.6115 ms
[14:54:37 INF] HTTP GET /api/diagnostics responded 200 in 3211.6743 ms
[14:54:38 INF] HTTP GET /api/diagnostics responded 200 in 3223.1476 ms
[14:58:15 INF] HTTP OPTIONS /api/diagnostics responded 204 in 0.0399 ms
[14:58:15 INF] HTTP OPTIONS /api/modules responded 204 in 0.0287 ms
[14:58:15 INF] HTTP OPTIONS /api/actions responded 204 in 0.0139 ms
[14:58:15 INF] HTTP OPTIONS /api/approvals responded 204 in 0.0125 ms
[14:58:15 INF] HTTP OPTIONS /api/events responded 204 in 0.0266 ms
[14:58:17 INF] HTTP OPTIONS /api/dashboard responded 204 in 0.0274 ms
[14:58:17 ERR] An error occurred using the connection to database 'defaultdb' on server 'tcp://sneaky-newfie-16368.jxf.gcp-europe-west3.cockroachlabs.cloud:26257'.
[14:58:17 ERR] An error occurred using the connection to database 'defaultdb' on server 'tcp://sneaky-newfie-16368.jxf.gcp-europe-west3.cockroachlabs.cloud:26257'.
[14:58:17 ERR] An error occurred using the connection to database 'defaultdb' on server 'tcp://sneaky-newfie-16368.jxf.gcp-europe-west3.cockroachlabs.cloud:26257'.
[14:58:17 ERR] An error occurred using the connection to database 'defaultdb' on server 'tcp://sneaky-newfie-16368.jxf.gcp-europe-west3.cockroachlabs.cloud:26257'.
[14:58:17 ERR] HTTP GET /api/diagnostics responded 500 in 2806.3112 ms
System.Threading.Tasks.TaskCanceledException: A task was canceled.
   at Npgsql.Internal.NpgsqlWriteBuffer.Flush(Boolean async, CancellationToken cancellationToken)
   at Npgsql.Internal.NpgsqlConnector.AuthenticateSASL(List`1 mechanisms, String username, Boolean async, CancellationToken cancellationToken)
   at Npgsql.Internal.NpgsqlConnector.Authenticate(String username, NpgsqlTimeout timeout, Boolean async, CancellationToken cancellationToken)
   at Npgsql.Internal.NpgsqlConnector.<Open>g__OpenCore|214_1(NpgsqlConnector conn, SslMode sslMode, NpgsqlTimeout timeout, Boolean async, CancellationToken cancellationToken)
   at Npgsql.Internal.NpgsqlConnector.Open(NpgsqlTimeout timeout, Boolean async, CancellationToken cancellationToken)
   at Npgsql.PoolingDataSource.OpenNewConnector(NpgsqlConnection conn, NpgsqlTimeout timeout, Boolean async, CancellationToken cancellationToken)
   at Npgsql.PoolingDataSource.<Get>g__RentAsync|33_0(NpgsqlConnection conn, NpgsqlTimeout timeout, Boolean async, CancellationToken cancellationToken)
   at Npgsql.NpgsqlConnection.<Open>g__OpenAsync|42_0(Boolean async, CancellationToken cancellationToken)
   at Microsoft.EntityFrameworkCore.Storage.RelationalConnection.OpenInternalAsync(Boolean errorsExpected, CancellationToken cancellationToken)
   at Microsoft.EntityFrameworkCore.Storage.RelationalConnection.OpenInternalAsync(Boolean errorsExpected, CancellationToken cancellationToken)
   at Microsoft.EntityFrameworkCore.Storage.RelationalConnection.OpenAsync(CancellationToken cancellationToken, Boolean errorsExpected)
   at Microsoft.EntityFrameworkCore.Storage.RelationalCommand.ExecuteReaderAsync(RelationalCommandParameterObject parameterObject, CancellationToken cancellationToken)
   at Microsoft.EntityFrameworkCore.Query.Internal.SingleQueryingEnumerable`1.AsyncEnumerator.InitializeReaderAsync(AsyncEnumerator enumerator, CancellationToken cancellationToken)
   at Microsoft.EntityFrameworkCore.Storage.ExecutionStrategy.<>c__DisplayClass30_0`2.<<ExecuteAsync>b__0>d.MoveNext()
--- End of stack trace from previous location ---
   at Microsoft.EntityFrameworkCore.Storage.ExecutionStrategy.ExecuteImplementationAsync[TState,TResult](Func`4 operation, Func`4 verifySucceeded, TState state, CancellationToken cancellationToken)
   at Microsoft.EntityFrameworkCore.Storage.ExecutionStrategy.ExecuteImplementationAsync[TState,TResult](Func`4 operation, Func`4 verifySucceeded, TState state, CancellationToken cancellationToken)
   at Microsoft.EntityFrameworkCore.Storage.ExecutionStrategy.ExecuteAsync[TState,TResult](TState state, Func`4 operation, Func`4 verifySucceeded, CancellationToken cancellationToken)
   at Microsoft.EntityFrameworkCore.Query.Internal.SingleQueryingEnumerable`1.AsyncEnumerator.MoveNextAsync()
   at Microsoft.EntityFrameworkCore.EntityFrameworkQueryableExtensions.ToListAsync[TSource](IQueryable`1 source, CancellationToken cancellationToken)
   at Microsoft.EntityFrameworkCore.EntityFrameworkQueryableExtensions.ToListAsync[TSource](IQueryable`1 source, CancellationToken cancellationToken)
   at Microsoft.EntityFrameworkCore.EntityFrameworkQueryableExtensions.ToArrayAsync[TSource](IQueryable`1 source, CancellationToken cancellationToken)
   at SysAssist.Infrastructure.Services.SysAssistApiService.GetDiagnosticsAsync(CancellationToken cancellationToken) in C:\Users\8-Bits\Desktop\Sys\SysAssist\src\SysAssist.Infrastructure\Services\SysAssistApiService.cs:line 570
   at Program.<>c.<<<Main>$>b__0_45>d.MoveNext() in C:\Users\8-Bits\Desktop\Sys\SysAssist\src\SysAssist.Api\Program.cs:line 280
--- End of stack trace from previous location ---
   at Microsoft.AspNetCore.Http.RequestDelegateFactory.ExecuteTaskResult[T](Task`1 task, HttpContext httpContext)
   at Microsoft.AspNetCore.Authorization.AuthorizationMiddleware.Invoke(HttpContext context)
   at Microsoft.AspNetCore.Authentication.AuthenticationMiddleware.Invoke(HttpContext context)
   at Swashbuckle.AspNetCore.SwaggerUI.SwaggerUIMiddleware.Invoke(HttpContext httpContext)
   at Swashbuckle.AspNetCore.Swagger.SwaggerMiddleware.Invoke(HttpContext httpContext, ISwaggerProvider swaggerProvider)
   at Serilog.AspNetCore.RequestLoggingMiddleware.Invoke(HttpContext httpContext)
[14:58:17 ERR] HTTP GET /api/actions responded 500 in 2803.1452 ms
System.Threading.Tasks.TaskCanceledException: A task was canceled.
   at Npgsql.Internal.NpgsqlWriteBuffer.Flush(Boolean async, CancellationToken cancellationToken)
   at Npgsql.Internal.NpgsqlConnector.AuthenticateSASL(List`1 mechanisms, String username, Boolean async, CancellationToken cancellationToken)
   at Npgsql.Internal.NpgsqlConnector.Authenticate(String username, NpgsqlTimeout timeout, Boolean async, CancellationToken cancellationToken)
   at Npgsql.Internal.NpgsqlConnector.<Open>g__OpenCore|214_1(NpgsqlConnector conn, SslMode sslMode, NpgsqlTimeout timeout, Boolean async, CancellationToken cancellationToken)
   at Npgsql.Internal.NpgsqlConnector.Open(NpgsqlTimeout timeout, Boolean async, CancellationToken cancellationToken)
   at Npgsql.PoolingDataSource.OpenNewConnector(NpgsqlConnection conn, NpgsqlTimeout timeout, Boolean async, CancellationToken cancellationToken)
   at Npgsql.PoolingDataSource.<Get>g__RentAsync|33_0(NpgsqlConnection conn, NpgsqlTimeout timeout, Boolean async, CancellationToken cancellationToken)
   at Npgsql.NpgsqlConnection.<Open>g__OpenAsync|42_0(Boolean async, CancellationToken cancellationToken)
   at Microsoft.EntityFrameworkCore.Storage.RelationalConnection.OpenInternalAsync(Boolean errorsExpected, CancellationToken cancellationToken)
   at Microsoft.EntityFrameworkCore.Storage.RelationalConnection.OpenInternalAsync(Boolean errorsExpected, CancellationToken cancellationToken)
   at Microsoft.EntityFrameworkCore.Storage.RelationalConnection.OpenAsync(CancellationToken cancellationToken, Boolean errorsExpected)
   at Microsoft.EntityFrameworkCore.Storage.RelationalCommand.ExecuteReaderAsync(RelationalCommandParameterObject parameterObject, CancellationToken cancellationToken)
   at Microsoft.EntityFrameworkCore.Query.Internal.SingleQueryingEnumerable`1.AsyncEnumerator.InitializeReaderAsync(AsyncEnumerator enumerator, CancellationToken cancellationToken)
   at Microsoft.EntityFrameworkCore.Storage.ExecutionStrategy.<>c__DisplayClass30_0`2.<<ExecuteAsync>b__0>d.MoveNext()
--- End of stack trace from previous location ---
   at Microsoft.EntityFrameworkCore.Storage.ExecutionStrategy.ExecuteImplementationAsync[TState,TResult](Func`4 operation, Func`4 verifySucceeded, TState state, CancellationToken cancellationToken)
   at Microsoft.EntityFrameworkCore.Storage.ExecutionStrategy.ExecuteImplementationAsync[TState,TResult](Func`4 operation, Func`4 verifySucceeded, TState state, CancellationToken cancellationToken)
   at Microsoft.EntityFrameworkCore.Storage.ExecutionStrategy.ExecuteAsync[TState,TResult](TState state, Func`4 operation, Func`4 verifySucceeded, CancellationToken cancellationToken)
   at Microsoft.EntityFrameworkCore.Query.Internal.SingleQueryingEnumerable`1.AsyncEnumerator.MoveNextAsync()
   at Microsoft.EntityFrameworkCore.EntityFrameworkQueryableExtensions.ToListAsync[TSource](IQueryable`1 source, CancellationToken cancellationToken)
   at Microsoft.EntityFrameworkCore.EntityFrameworkQueryableExtensions.ToListAsync[TSource](IQueryable`1 source, CancellationToken cancellationToken)
   at Microsoft.EntityFrameworkCore.EntityFrameworkQueryableExtensions.ToArrayAsync[TSource](IQueryable`1 source, CancellationToken cancellationToken)
   at SysAssist.Infrastructure.Services.SysAssistApiService.ListActionsAsync(CancellationToken cancellationToken) in C:\Users\8-Bits\Desktop\Sys\SysAssist\src\SysAssist.Infrastructure\Services\SysAssistApiService.cs:line 389
   at Program.<>c.<<<Main>$>b__0_33>d.MoveNext() in C:\Users\8-Bits\Desktop\Sys\SysAssist\src\SysAssist.Api\Program.cs:line 233
--- End of stack trace from previous location ---
   at Microsoft.AspNetCore.Http.RequestDelegateFactory.ExecuteTaskResult[T](Task`1 task, HttpContext httpContext)
   at Microsoft.AspNetCore.Authorization.AuthorizationMiddleware.Invoke(HttpContext context)
   at Microsoft.AspNetCore.Authentication.AuthenticationMiddleware.Invoke(HttpContext context)
   at Swashbuckle.AspNetCore.SwaggerUI.SwaggerUIMiddleware.Invoke(HttpContext httpContext)
   at Swashbuckle.AspNetCore.Swagger.SwaggerMiddleware.Invoke(HttpContext httpContext, ISwaggerProvider swaggerProvider)
   at Serilog.AspNetCore.RequestLoggingMiddleware.Invoke(HttpContext httpContext)
[14:58:17 ERR] HTTP GET /api/events responded 500 in 2801.8691 ms
System.Threading.Tasks.TaskCanceledException: A task was canceled.
   at Npgsql.Internal.NpgsqlWriteBuffer.Flush(Boolean async, CancellationToken cancellationToken)
   at Npgsql.Internal.NpgsqlConnector.AuthenticateSASL(List`1 mechanisms, String username, Boolean async, CancellationToken cancellationToken)
   at Npgsql.Internal.NpgsqlConnector.Authenticate(String username, NpgsqlTimeout timeout, Boolean async, CancellationToken cancellationToken)
   at Npgsql.Internal.NpgsqlConnector.<Open>g__OpenCore|214_1(NpgsqlConnector conn, SslMode sslMode, NpgsqlTimeout timeout, Boolean async, CancellationToken cancellationToken)
   at Npgsql.Internal.NpgsqlConnector.Open(NpgsqlTimeout timeout, Boolean async, CancellationToken cancellationToken)
   at Npgsql.PoolingDataSource.OpenNewConnector(NpgsqlConnection conn, NpgsqlTimeout timeout, Boolean async, CancellationToken cancellationToken)
   at Npgsql.PoolingDataSource.<Get>g__RentAsync|33_0(NpgsqlConnection conn, NpgsqlTimeout timeout, Boolean async, CancellationToken cancellationToken)
   at Npgsql.NpgsqlConnection.<Open>g__OpenAsync|42_0(Boolean async, CancellationToken cancellationToken)
   at Microsoft.EntityFrameworkCore.Storage.RelationalConnection.OpenInternalAsync(Boolean errorsExpected, CancellationToken cancellationToken)
   at Microsoft.EntityFrameworkCore.Storage.RelationalConnection.OpenInternalAsync(Boolean errorsExpected, CancellationToken cancellationToken)
   at Microsoft.EntityFrameworkCore.Storage.RelationalConnection.OpenAsync(CancellationToken cancellationToken, Boolean errorsExpected)
   at Microsoft.EntityFrameworkCore.Storage.RelationalCommand.ExecuteReaderAsync(RelationalCommandParameterObject parameterObject, CancellationToken cancellationToken)
   at Microsoft.EntityFrameworkCore.Query.Internal.SingleQueryingEnumerable`1.AsyncEnumerator.InitializeReaderAsync(AsyncEnumerator enumerator, CancellationToken cancellationToken)
   at Microsoft.EntityFrameworkCore.Storage.ExecutionStrategy.<>c__DisplayClass30_0`2.<<ExecuteAsync>b__0>d.MoveNext()
--- End of stack trace from previous location ---
   at Microsoft.EntityFrameworkCore.Storage.ExecutionStrategy.ExecuteImplementationAsync[TState,TResult](Func`4 operation, Func`4 verifySucceeded, TState state, CancellationToken cancellationToken)
   at Microsoft.EntityFrameworkCore.Storage.ExecutionStrategy.ExecuteImplementationAsync[TState,TResult](Func`4 operation, Func`4 verifySucceeded, TState state, CancellationToken cancellationToken)
   at Microsoft.EntityFrameworkCore.Storage.ExecutionStrategy.ExecuteAsync[TState,TResult](TState state, Func`4 operation, Func`4 verifySucceeded, CancellationToken cancellationToken)
   at Microsoft.EntityFrameworkCore.Query.Internal.SingleQueryingEnumerable`1.AsyncEnumerator.MoveNextAsync()
   at Microsoft.EntityFrameworkCore.EntityFrameworkQueryableExtensions.ToListAsync[TSource](IQueryable`1 source, CancellationToken cancellationToken)
   at Microsoft.EntityFrameworkCore.EntityFrameworkQueryableExtensions.ToListAsync[TSource](IQueryable`1 source, CancellationToken cancellationToken)
   at Microsoft.EntityFrameworkCore.EntityFrameworkQueryableExtensions.ToArrayAsync[TSource](IQueryable`1 source, CancellationToken cancellationToken)
   at SysAssist.Infrastructure.Services.SysAssistApiService.ListEventsAsync(CancellationToken cancellationToken) in C:\Users\8-Bits\Desktop\Sys\SysAssist\src\SysAssist.Infrastructure\Services\SysAssistApiService.cs:line 62
   at Program.<>c.<<<Main>$>b__0_12>d.MoveNext() in C:\Users\8-Bits\Desktop\Sys\SysAssist\src\SysAssist.Api\Program.cs:line 183
--- End of stack trace from previous location ---
   at Microsoft.AspNetCore.Http.RequestDelegateFactory.ExecuteTaskResult[T](Task`1 task, HttpContext httpContext)
   at Microsoft.AspNetCore.Authorization.AuthorizationMiddleware.Invoke(HttpContext context)
   at Microsoft.AspNetCore.Authentication.AuthenticationMiddleware.Invoke(HttpContext context)
   at Swashbuckle.AspNetCore.SwaggerUI.SwaggerUIMiddleware.Invoke(HttpContext httpContext)
   at Swashbuckle.AspNetCore.Swagger.SwaggerMiddleware.Invoke(HttpContext httpContext, ISwaggerProvider swaggerProvider)
   at Serilog.AspNetCore.RequestLoggingMiddleware.Invoke(HttpContext httpContext)
[14:58:17 ERR] HTTP GET /api/approvals responded 500 in 2803.8242 ms
System.Threading.Tasks.TaskCanceledException: A task was canceled.
   at Npgsql.Internal.NpgsqlWriteBuffer.Flush(Boolean async, CancellationToken cancellationToken)
   at Npgsql.Internal.NpgsqlConnector.AuthenticateSASL(List`1 mechanisms, String username, Boolean async, CancellationToken cancellationToken)
   at Npgsql.Internal.NpgsqlConnector.Authenticate(String username, NpgsqlTimeout timeout, Boolean async, CancellationToken cancellationToken)
   at Npgsql.Internal.NpgsqlConnector.<Open>g__OpenCore|214_1(NpgsqlConnector conn, SslMode sslMode, NpgsqlTimeout timeout, Boolean async, CancellationToken cancellationToken)
   at Npgsql.Internal.NpgsqlConnector.Open(NpgsqlTimeout timeout, Boolean async, CancellationToken cancellationToken)
   at Npgsql.PoolingDataSource.OpenNewConnector(NpgsqlConnection conn, NpgsqlTimeout timeout, Boolean async, CancellationToken cancellationToken)
   at Npgsql.PoolingDataSource.<Get>g__RentAsync|33_0(NpgsqlConnection conn, NpgsqlTimeout timeout, Boolean async, CancellationToken cancellationToken)
   at Npgsql.NpgsqlConnection.<Open>g__OpenAsync|42_0(Boolean async, CancellationToken cancellationToken)
   at Microsoft.EntityFrameworkCore.Storage.RelationalConnection.OpenInternalAsync(Boolean errorsExpected, CancellationToken cancellationToken)
   at Microsoft.EntityFrameworkCore.Storage.RelationalConnection.OpenInternalAsync(Boolean errorsExpected, CancellationToken cancellationToken)
   at Microsoft.EntityFrameworkCore.Storage.RelationalConnection.OpenAsync(CancellationToken cancellationToken, Boolean errorsExpected)
   at Microsoft.EntityFrameworkCore.Storage.RelationalCommand.ExecuteReaderAsync(RelationalCommandParameterObject parameterObject, CancellationToken cancellationToken)
   at Microsoft.EntityFrameworkCore.Query.Internal.SingleQueryingEnumerable`1.AsyncEnumerator.InitializeReaderAsync(AsyncEnumerator enumerator, CancellationToken cancellationToken)
   at Microsoft.EntityFrameworkCore.Storage.ExecutionStrategy.<>c__DisplayClass30_0`2.<<ExecuteAsync>b__0>d.MoveNext()
--- End of stack trace from previous location ---
   at Microsoft.EntityFrameworkCore.Storage.ExecutionStrategy.ExecuteImplementationAsync[TState,TResult](Func`4 operation, Func`4 verifySucceeded, TState state, CancellationToken cancellationToken)
   at Microsoft.EntityFrameworkCore.Storage.ExecutionStrategy.ExecuteImplementationAsync[TState,TResult](Func`4 operation, Func`4 verifySucceeded, TState state, CancellationToken cancellationToken)
   at Microsoft.EntityFrameworkCore.Storage.ExecutionStrategy.ExecuteAsync[TState,TResult](TState state, Func`4 operation, Func`4 verifySucceeded, CancellationToken cancellationToken)
   at Microsoft.EntityFrameworkCore.Query.Internal.SingleQueryingEnumerable`1.AsyncEnumerator.MoveNextAsync()
   at Microsoft.EntityFrameworkCore.EntityFrameworkQueryableExtensions.ToListAsync[TSource](IQueryable`1 source, CancellationToken cancellationToken)
   at Microsoft.EntityFrameworkCore.EntityFrameworkQueryableExtensions.ToListAsync[TSource](IQueryable`1 source, CancellationToken cancellationToken)
   at Microsoft.EntityFrameworkCore.EntityFrameworkQueryableExtensions.ToArrayAsync[TSource](IQueryable`1 source, CancellationToken cancellationToken)
   at SysAssist.Infrastructure.Services.SysAssistApiService.ListApprovalsAsync(CancellationToken cancellationToken) in C:\Users\8-Bits\Desktop\Sys\SysAssist\src\SysAssist.Infrastructure\Services\SysAssistApiService.cs:line 98
   at Program.<>c.<<<Main>$>b__0_15>d.MoveNext() in C:\Users\8-Bits\Desktop\Sys\SysAssist\src\SysAssist.Api\Program.cs:line 191
--- End of stack trace from previous location ---
   at Microsoft.AspNetCore.Http.RequestDelegateFactory.ExecuteTaskResult[T](Task`1 task, HttpContext httpContext)
   at Microsoft.AspNetCore.Authorization.AuthorizationMiddleware.Invoke(HttpContext context)
   at Microsoft.AspNetCore.Authentication.AuthenticationMiddleware.Invoke(HttpContext context)
   at Swashbuckle.AspNetCore.SwaggerUI.SwaggerUIMiddleware.Invoke(HttpContext httpContext)
   at Swashbuckle.AspNetCore.Swagger.SwaggerMiddleware.Invoke(HttpContext httpContext, ISwaggerProvider swaggerProvider)
   at Serilog.AspNetCore.RequestLoggingMiddleware.Invoke(HttpContext httpContext)
[14:58:17 ERR] An error occurred using the connection to database 'defaultdb' on server 'tcp://sneaky-newfie-16368.jxf.gcp-europe-west3.cockroachlabs.cloud:26257'.
[14:58:17 ERR] HTTP GET /api/modules responded 500 in 2923.6721 ms
System.Threading.Tasks.TaskCanceledException: A task was canceled.
   at Npgsql.Internal.NpgsqlWriteBuffer.Flush(Boolean async, CancellationToken cancellationToken)
   at Npgsql.Internal.NpgsqlConnector.AuthenticateSASL(List`1 mechanisms, String username, Boolean async, CancellationToken cancellationToken)
   at Npgsql.Internal.NpgsqlConnector.Authenticate(String username, NpgsqlTimeout timeout, Boolean async, CancellationToken cancellationToken)
   at Npgsql.Internal.NpgsqlConnector.<Open>g__OpenCore|214_1(NpgsqlConnector conn, SslMode sslMode, NpgsqlTimeout timeout, Boolean async, CancellationToken cancellationToken)
   at Npgsql.Internal.NpgsqlConnector.Open(NpgsqlTimeout timeout, Boolean async, CancellationToken cancellationToken)
   at Npgsql.PoolingDataSource.OpenNewConnector(NpgsqlConnection conn, NpgsqlTimeout timeout, Boolean async, CancellationToken cancellationToken)
   at Npgsql.PoolingDataSource.<Get>g__RentAsync|33_0(NpgsqlConnection conn, NpgsqlTimeout timeout, Boolean async, CancellationToken cancellationToken)
   at Npgsql.NpgsqlConnection.<Open>g__OpenAsync|42_0(Boolean async, CancellationToken cancellationToken)
   at Microsoft.EntityFrameworkCore.Storage.RelationalConnection.OpenInternalAsync(Boolean errorsExpected, CancellationToken cancellationToken)
   at Microsoft.EntityFrameworkCore.Storage.RelationalConnection.OpenInternalAsync(Boolean errorsExpected, CancellationToken cancellationToken)
   at Microsoft.EntityFrameworkCore.Storage.RelationalConnection.OpenAsync(CancellationToken cancellationToken, Boolean errorsExpected)
   at Microsoft.EntityFrameworkCore.Storage.RelationalCommand.ExecuteReaderAsync(RelationalCommandParameterObject parameterObject, CancellationToken cancellationToken)
   at Microsoft.EntityFrameworkCore.Query.Internal.SingleQueryingEnumerable`1.AsyncEnumerator.InitializeReaderAsync(AsyncEnumerator enumerator, CancellationToken cancellationToken)
   at Microsoft.EntityFrameworkCore.Storage.ExecutionStrategy.<>c__DisplayClass30_0`2.<<ExecuteAsync>b__0>d.MoveNext()
--- End of stack trace from previous location ---
   at Microsoft.EntityFrameworkCore.Storage.ExecutionStrategy.ExecuteImplementationAsync[TState,TResult](Func`4 operation, Func`4 verifySucceeded, TState state, CancellationToken cancellationToken)
   at Microsoft.EntityFrameworkCore.Storage.ExecutionStrategy.ExecuteImplementationAsync[TState,TResult](Func`4 operation, Func`4 verifySucceeded, TState state, CancellationToken cancellationToken)
   at Microsoft.EntityFrameworkCore.Storage.ExecutionStrategy.ExecuteAsync[TState,TResult](TState state, Func`4 operation, Func`4 verifySucceeded, CancellationToken cancellationToken)
   at Microsoft.EntityFrameworkCore.Query.Internal.SingleQueryingEnumerable`1.AsyncEnumerator.MoveNextAsync()
   at Microsoft.EntityFrameworkCore.EntityFrameworkQueryableExtensions.ToListAsync[TSource](IQueryable`1 source, CancellationToken cancellationToken)
   at Microsoft.EntityFrameworkCore.EntityFrameworkQueryableExtensions.ToListAsync[TSource](IQueryable`1 source, CancellationToken cancellationToken)
   at Microsoft.EntityFrameworkCore.EntityFrameworkQueryableExtensions.ToArrayAsync[TSource](IQueryable`1 source, CancellationToken cancellationToken)
   at SysAssist.Infrastructure.Services.SysAssistApiService.ListModulesAsync(CancellationToken cancellationToken) in C:\Users\8-Bits\Desktop\Sys\SysAssist\src\SysAssist.Infrastructure\Services\SysAssistApiService.cs:line 185
   at Program.<>c.<<<Main>$>b__0_19>d.MoveNext() in C:\Users\8-Bits\Desktop\Sys\SysAssist\src\SysAssist.Api\Program.cs:line 200
--- End of stack trace from previous location ---
   at Microsoft.AspNetCore.Http.RequestDelegateFactory.ExecuteTaskResult[T](Task`1 task, HttpContext httpContext)
   at Microsoft.AspNetCore.Authorization.AuthorizationMiddleware.Invoke(HttpContext context)
   at Microsoft.AspNetCore.Authentication.AuthenticationMiddleware.Invoke(HttpContext context)
   at Swashbuckle.AspNetCore.SwaggerUI.SwaggerUIMiddleware.Invoke(HttpContext httpContext)
   at Swashbuckle.AspNetCore.Swagger.SwaggerMiddleware.Invoke(HttpContext httpContext, ISwaggerProvider swaggerProvider)
   at Serilog.AspNetCore.RequestLoggingMiddleware.Invoke(HttpContext httpContext)
[14:58:21 INF] HTTP GET /api/modules responded 200 in 4213.3571 ms
[14:58:22 INF] HTTP GET /api/modules responded 200 in 619.2841 ms
[14:58:24 INF] HTTP GET /api/dashboard responded 200 in 6560.2676 ms
[14:58:24 INF] HTTP GET /api/diagnostics responded 200 in 6805.9284 ms
[14:59:02 INF] HTTP OPTIONS /api/events responded 204 in 0.0514 ms
[14:59:02 INF] HTTP OPTIONS /api/modules responded 204 in 0.0088 ms
[14:59:02 INF] HTTP GET /api/events responded 200 in 600.0743 ms
[14:59:02 INF] HTTP GET /api/modules responded 200 in 612.9641 ms
[14:59:20 INF] HTTP OPTIONS /api/diagnostics responded 204 in 0.0347 ms
[14:59:20 INF] HTTP OPTIONS /api/modules responded 204 in 0.0520 ms
[14:59:20 INF] HTTP OPTIONS /api/events responded 204 in 0.0143 ms
[14:59:20 INF] HTTP OPTIONS /api/modules responded 204 in 0.0176 ms
[14:59:21 INF] HTTP GET /api/modules responded 200 in 606.3575 ms
[14:59:21 INF] HTTP GET /api/events responded 200 in 608.3316 ms
[14:59:21 INF] HTTP GET /api/modules responded 200 in 623.2656 ms
[14:59:23 INF] HTTP GET /api/diagnostics responded 200 in 3229.2978 ms
[14:59:24 INF] HTTP GET /api/events responded 200 in 636.2138 ms
[14:59:24 INF] HTTP GET /api/modules responded 200 in 642.0087 ms
[14:59:25 INF] HTTP GET /api/modules responded 200 in 617.6934 ms
[14:59:27 INF] HTTP GET /api/diagnostics responded 200 in 3216.1360 ms
[14:59:33 INF] HTTP OPTIONS /api/events responded 204 in 0.0329 ms
[14:59:33 INF] HTTP OPTIONS /api/actions responded 204 in 0.0216 ms
[14:59:33 INF] HTTP OPTIONS /api/modules responded 204 in 0.0165 ms
[14:59:34 INF] HTTP GET /api/actions responded 200 in 620.4031 ms
[14:59:34 INF] HTTP GET /api/events responded 200 in 620.3783 ms
[14:59:34 INF] HTTP GET /api/modules responded 200 in 625.3370 ms
[15:00:06 INF] HTTP OPTIONS /api/diagnostics responded 204 in 0.0536 ms
[15:00:06 INF] HTTP OPTIONS /api/modules responded 204 in 0.0307 ms
[15:00:06 INF] HTTP OPTIONS /api/events responded 204 in 0.0162 ms
[15:00:06 INF] HTTP OPTIONS /api/actions responded 204 in 0.0125 ms
[15:00:06 INF] HTTP GET /api/modules responded 200 in 599.0459 ms
[15:00:06 INF] HTTP GET /api/events responded 200 in 601.2291 ms
[15:00:07 INF] HTTP GET /api/modules responded 200 in 596.2885 ms
[15:00:09 INF] HTTP GET /api/diagnostics responded 200 in 3168.5515 ms
[15:00:10 INF] HTTP GET /api/actions responded 200 in 4228.4716 ms
[15:08:43 INF] HTTP OPTIONS /api/diagnostics responded 204 in 0.0384 ms
[15:08:43 INF] HTTP OPTIONS /api/modules responded 204 in 0.0219 ms
[15:08:43 INF] HTTP OPTIONS /api/events responded 204 in 0.0080 ms
[15:08:43 INF] HTTP OPTIONS /api/actions responded 204 in 0.0101 ms
[15:08:43 INF] HTTP OPTIONS /api/modules responded 204 in 0.0174 ms
[15:08:48 INF] HTTP GET /api/actions responded 200 in 4748.1394 ms
[15:08:48 INF] HTTP GET /api/events responded 200 in 4748.2232 ms
[15:08:48 INF] HTTP GET /api/modules responded 200 in 4851.5709 ms
[15:08:49 INF] HTTP GET /api/modules responded 200 in 579.1919 ms
[15:08:51 INF] HTTP GET /api/diagnostics responded 200 in 7359.6021 ms
[15:10:34 INF] HTTP OPTIONS /api/diagnostics responded 204 in 0.0357 ms
[15:10:34 INF] HTTP OPTIONS /api/modules responded 204 in 0.0192 ms
[15:10:34 INF] HTTP OPTIONS /api/dashboard responded 204 in 0.0302 ms
[15:10:34 INF] HTTP OPTIONS /api/diagnostics responded 204 in 0.0347 ms
[15:10:34 INF] HTTP OPTIONS /api/modules responded 204 in 0.0188 ms
[15:10:34 INF] HTTP OPTIONS /api/dashboard responded 204 in 0.0345 ms
[15:10:34 INF] HTTP GET /api/modules responded 200 in 711.0576 ms
[15:10:35 INF] HTTP GET /api/modules responded 200 in 616.9678 ms
[15:10:37 INF] HTTP GET /api/dashboard responded 200 in 3189.2671 ms
[15:10:37 INF] HTTP GET /api/diagnostics responded 200 in 3368.2738 ms
[15:10:37 INF] HTTP GET /api/diagnostics responded 200 in 3354.0395 ms
[15:10:39 INF] HTTP GET /api/modules responded 200 in 5098.3318 ms
[15:10:39 INF] HTTP GET /api/modules responded 200 in 608.9627 ms
[15:10:41 INF] HTTP GET /api/dashboard responded 200 in 7619.1481 ms
[15:10:50 INF] HTTP OPTIONS /api/diagnostics responded 204 in 0.0332 ms
[15:10:50 INF] HTTP OPTIONS /api/modules responded 204 in 0.0112 ms
[15:10:50 INF] HTTP OPTIONS /api/dashboard responded 204 in 0.0568 ms
[15:10:50 INF] HTTP OPTIONS /api/modules responded 204 in 0.0124 ms
[15:10:50 INF] HTTP OPTIONS /api/diagnostics responded 204 in 0.0393 ms
[15:10:50 INF] HTTP OPTIONS /api/dashboard responded 204 in 0.0437 ms
[15:10:51 INF] HTTP GET /api/modules responded 200 in 590.2536 ms
[15:10:51 INF] HTTP GET /api/modules responded 200 in 617.0220 ms
[15:10:52 INF] HTTP GET /api/modules responded 200 in 584.4477 ms
[15:10:52 INF] HTTP GET /api/modules responded 200 in 581.1162 ms
[15:10:53 INF] HTTP GET /api/dashboard responded 200 in 2997.4322 ms
[15:10:53 INF] HTTP GET /api/dashboard responded 200 in 2986.6815 ms
[15:10:54 INF] HTTP GET /api/diagnostics responded 200 in 3171.5195 ms
[15:10:54 INF] HTTP GET /api/diagnostics responded 200 in 3194.8188 ms
[15:11:03 INF] HTTP OPTIONS /api/diagnostics responded 204 in 0.0328 ms
[15:11:03 INF] HTTP OPTIONS /api/modules responded 204 in 0.0250 ms
[15:11:03 INF] HTTP OPTIONS /api/dashboard responded 204 in 0.0241 ms
[15:11:03 INF] HTTP GET /api/modules responded 200 in 606.2214 ms
[15:11:03 INF] HTTP OPTIONS /api/diagnostics responded 204 in 0.0279 ms
[15:11:03 INF] HTTP OPTIONS /api/modules responded 204 in 0.0114 ms
[15:11:03 INF] HTTP OPTIONS /api/dashboard responded 204 in 0.1093 ms
[15:11:04 INF] HTTP GET /api/modules responded 200 in 590.8241 ms
[15:11:04 INF] HTTP GET /api/modules responded 200 in 609.7010 ms
[15:11:05 INF] HTTP GET /api/modules responded 200 in 601.8029 ms
[15:11:06 INF] HTTP GET /api/dashboard responded 200 in 2985.8769 ms
[15:11:06 INF] HTTP GET /api/diagnostics responded 200 in 3165.3807 ms
[15:11:06 INF] HTTP GET /api/dashboard responded 200 in 2963.2019 ms
[15:11:07 INF] HTTP GET /api/diagnostics responded 200 in 3155.9203 ms
[15:11:15 INF] HTTP OPTIONS /api/diagnostics responded 204 in 0.0372 ms
[15:11:15 INF] HTTP OPTIONS /api/modules responded 204 in 0.0126 ms
[15:11:15 INF] HTTP OPTIONS /api/dashboard responded 204 in 0.0334 ms
[15:11:15 INF] HTTP GET /api/modules responded 200 in 596.9882 ms
[15:11:15 INF] HTTP OPTIONS /api/diagnostics responded 204 in 0.0281 ms
[15:11:15 INF] HTTP OPTIONS /api/modules responded 204 in 0.0107 ms
[15:11:15 INF] HTTP OPTIONS /api/dashboard responded 204 in 0.0293 ms
[15:11:16 INF] HTTP GET /api/modules responded 200 in 630.8599 ms
[15:11:16 INF] HTTP GET /api/modules responded 200 in 601.8539 ms
[15:11:17 INF] HTTP GET /api/modules responded 200 in 577.4945 ms
[15:11:18 INF] HTTP GET /api/dashboard responded 200 in 3024.2401 ms
[15:11:18 INF] HTTP GET /api/diagnostics responded 200 in 3184.1912 ms
[15:11:18 INF] HTTP GET /api/dashboard responded 200 in 3030.4818 ms
[15:11:19 INF] HTTP GET /api/diagnostics responded 200 in 3143.6189 ms
[15:11:24 INF] HTTP OPTIONS /api/diagnostics responded 204 in 0.0598 ms
[15:11:24 INF] HTTP OPTIONS /api/modules responded 204 in 0.0120 ms
[15:11:24 INF] HTTP OPTIONS /api/dashboard responded 204 in 0.0337 ms
[15:11:24 INF] HTTP OPTIONS /api/diagnostics responded 204 in 0.0652 ms
[15:11:24 INF] HTTP OPTIONS /api/modules responded 204 in 0.0152 ms
[15:11:24 INF] HTTP OPTIONS /api/dashboard responded 204 in 0.0284 ms
[15:11:25 INF] HTTP GET /api/modules responded 200 in 628.3187 ms
[15:11:25 INF] HTTP GET /api/modules responded 200 in 613.6417 ms
[15:11:26 INF] HTTP GET /api/modules responded 200 in 773.2556 ms
[15:11:26 INF] HTTP GET /api/modules responded 200 in 723.0517 ms
[15:11:27 INF] HTTP GET /api/dashboard responded 200 in 3084.9810 ms
[15:11:28 INF] HTTP GET /api/diagnostics responded 200 in 3137.3204 ms
[15:11:28 INF] HTTP GET /api/dashboard responded 200 in 3150.3005 ms
[15:11:28 INF] HTTP GET /api/diagnostics responded 200 in 3327.1686 ms
[15:11:35 INF] HTTP OPTIONS /api/diagnostics responded 204 in 0.0283 ms
[15:11:35 INF] HTTP OPTIONS /api/modules responded 204 in 0.0111 ms
[15:11:35 INF] HTTP OPTIONS /api/dashboard responded 204 in 0.0381 ms
[15:11:35 INF] HTTP GET /api/modules responded 200 in 619.2034 ms
[15:11:35 INF] HTTP OPTIONS /api/diagnostics responded 204 in 0.0298 ms
[15:11:35 INF] HTTP OPTIONS /api/modules responded 204 in 0.0108 ms
[15:11:35 INF] HTTP OPTIONS /api/dashboard responded 204 in 0.0638 ms
[15:11:36 INF] HTTP GET /api/modules responded 200 in 596.9990 ms
[15:11:36 INF] HTTP GET /api/modules responded 200 in 598.4645 ms
[15:11:37 INF] HTTP GET /api/modules responded 200 in 590.7568 ms
[15:11:38 INF] HTTP GET /api/dashboard responded 200 in 3052.9802 ms
[15:11:38 INF] HTTP GET /api/diagnostics responded 200 in 3153.3742 ms
[15:11:38 INF] HTTP GET /api/dashboard responded 200 in 3012.1619 ms
[15:11:39 INF] HTTP GET /api/diagnostics responded 200 in 3199.6989 ms
[15:13:09 INF] HTTP OPTIONS /api/diagnostics responded 204 in 0.0474 ms
[15:13:09 INF] HTTP OPTIONS /api/modules responded 204 in 0.0256 ms
[15:13:09 INF] HTTP OPTIONS /api/dashboard responded 204 in 0.0394 ms
[15:13:09 INF] HTTP GET /api/modules responded 200 in 612.4782 ms
[15:13:10 INF] HTTP GET /api/modules responded 200 in 589.6259 ms
[15:13:12 INF] HTTP GET /api/dashboard responded 200 in 3189.5378 ms
[15:13:12 INF] HTTP GET /api/diagnostics responded 200 in 3192.5428 ms
[15:13:36 INF] HTTP OPTIONS /api/diagnostics responded 204 in 0.0431 ms
[15:13:36 INF] HTTP OPTIONS /api/modules responded 204 in 0.0298 ms
[15:13:36 INF] HTTP OPTIONS /api/dashboard responded 204 in 0.0276 ms
[15:13:36 INF] HTTP GET /api/modules responded 200 in 624.9461 ms
[15:13:37 INF] HTTP OPTIONS /api/events responded 204 in 0.0292 ms
[15:13:37 INF] HTTP GET /api/modules responded 200 in 608.2980 ms
[15:13:38 INF] HTTP GET /api/events responded 200 in 594.9009 ms
[15:13:38 INF] HTTP GET /api/modules responded 200 in 595.6336 ms
[15:13:38 INF] HTTP GET /api/modules responded 200 in 573.0411 ms
[15:13:39 INF] HTTP GET /api/dashboard responded 200 in 3029.5130 ms
[15:13:39 INF] HTTP GET /api/diagnostics responded 200 in 3174.4228 ms
[15:14:25 INF] HTTP OPTIONS /api/diagnostics responded 204 in 0.1328 ms
[15:14:25 INF] HTTP OPTIONS /api/modules responded 204 in 0.0296 ms
[15:14:25 INF] HTTP OPTIONS /api/dashboard responded 204 in 0.0218 ms
[15:14:25 INF] HTTP OPTIONS /api/modules responded 204 in 0.0376 ms
[15:14:28 INF] HTTP OPTIONS /api/events responded 204 in 0.0392 ms
[15:14:28 INF] HTTP GET /api/dashboard responded 200 in 2939.6794 ms
[15:14:28 INF] HTTP GET /api/diagnostics responded 200 in 3223.8526 ms
[15:14:30 INF] HTTP GET /api/modules responded 200 in 4234.7960 ms
[15:14:30 INF] HTTP GET /api/modules responded 200 in 588.9989 ms
[15:14:31 INF] HTTP GET /api/modules responded 200 in 607.5165 ms
[15:14:31 INF] HTTP OPTIONS /api/approvals responded 204 in 0.0272 ms
[15:14:31 INF] HTTP OPTIONS /api/actions responded 204 in 0.0124 ms
[15:14:32 INF] HTTP GET /api/actions responded 200 in 622.1734 ms
[15:14:32 INF] HTTP GET /api/approvals responded 200 in 622.3704 ms
[15:14:32 INF] HTTP GET /api/dashboard responded 200 in 2966.8556 ms
[15:14:32 INF] HTTP OPTIONS /api/modules responded 204 in 0.0332 ms
[15:14:32 INF] HTTP GET /api/events responded 200 in 4258.1378 ms
[15:14:32 INF] HTTP GET /api/modules responded 200 in 622.0908 ms
[15:14:32 INF] HTTP OPTIONS /api/modules/019e8055-e953-745d-8b2c-5375dd1b1083/settings responded 204 in 0.0381 ms
[15:14:33 INF] HTTP GET /api/modules responded 200 in 598.9748 ms
[15:14:33 INF] HTTP GET /api/actions responded 200 in 605.8953 ms
[15:14:34 INF] HTTP GET /api/modules/019e8055-e953-745d-8b2c-5375dd1b1083/settings responded 200 in 1781.8430 ms
[15:14:35 INF] HTTP GET /api/modules responded 200 in 592.9400 ms
[15:14:35 INF] HTTP OPTIONS /api/events responded 204 in 0.0553 ms
[15:14:36 INF] HTTP GET /api/actions responded 200 in 613.9213 ms
[15:14:36 INF] HTTP GET /api/approvals responded 200 in 618.1273 ms
[15:14:36 INF] HTTP GET /api/events responded 200 in 616.6222 ms
[15:14:36 INF] HTTP OPTIONS /api/dashboard responded 204 in 0.0415 ms
[15:14:36 INF] HTTP GET /api/modules responded 200 in 609.2476 ms
[15:14:37 INF] HTTP OPTIONS /api/modules responded 204 in 0.0314 ms
[15:14:37 INF] HTTP GET /api/modules responded 200 in 594.6703 ms
[15:14:37 INF] HTTP GET /api/events responded 200 in 611.3386 ms
[15:14:39 INF] HTTP OPTIONS /api/approvals responded 204 in 0.0410 ms
[15:14:39 INF] HTTP OPTIONS /api/actions responded 204 in 0.0151 ms
[15:14:39 INF] HTTP GET /api/dashboard responded 200 in 3010.3511 ms
[15:14:39 INF] HTTP GET /api/actions responded 200 in 608.4221 ms
[15:14:39 INF] HTTP GET /api/approvals responded 200 in 615.1132 ms
[15:14:39 INF] HTTP GET /api/events responded 200 in 615.6970 ms
[15:14:43 INF] HTTP OPTIONS /api/modules/019e8055-e953-745d-8b2c-5375dd1b1083/settings responded 204 in 0.0395 ms
[15:14:43 INF] HTTP OPTIONS /api/modules responded 204 in 0.0437 ms
[15:14:43 INF] HTTP GET /api/modules responded 200 in 595.5597 ms
[15:14:44 INF] HTTP GET /api/modules/019e8055-e953-745d-8b2c-5375dd1b1083/settings responded 200 in 1796.4965 ms
[15:15:23 INF] HTTP OPTIONS /api/diagnostics responded 204 in 0.0280 ms
[15:15:23 INF] HTTP OPTIONS /api/modules responded 204 in 0.0234 ms
[15:15:23 INF] HTTP OPTIONS /api/modules/019e8055-e953-745d-8b2c-5375dd1b1083/settings responded 204 in 0.0173 ms
[15:15:24 INF] HTTP GET /api/modules responded 200 in 694.6463 ms
[15:15:25 INF] HTTP GET /api/modules responded 200 in 615.6477 ms
[15:15:25 INF] HTTP GET /api/modules/019e8055-e953-745d-8b2c-5375dd1b1083/settings responded 200 in 1894.5760 ms
[15:15:26 INF] HTTP GET /api/modules responded 200 in 588.2002 ms
[15:15:26 INF] HTTP GET /api/modules responded 200 in 608.2092 ms
[15:15:27 INF] HTTP GET /api/diagnostics responded 200 in 3242.0251 ms
[15:15:27 INF] HTTP OPTIONS /api/modules/019e8055-e953-7e85-b490-c2f5620466f6/settings responded 204 in 0.0317 ms
[15:15:29 INF] HTTP GET /api/modules/019e8055-e953-7e85-b490-c2f5620466f6/settings responded 200 in 1822.1704 ms
[15:15:30 INF] HTTP OPTIONS /api/modules/019e8055-e953-7741-896d-aad8c15cf717/settings responded 204 in 0.0272 ms
[15:15:31 INF] HTTP GET /api/modules/019e8055-e953-7741-896d-aad8c15cf717/settings responded 200 in 1821.7965 ms
[15:15:32 INF] HTTP OPTIONS /api/modules/019e8055-e953-7040-9c03-e094a94e39c5/settings responded 204 in 0.0320 ms
[15:15:34 INF] HTTP GET /api/modules/019e8055-e953-7040-9c03-e094a94e39c5/settings responded 200 in 1820.9282 ms
[15:15:37 INF] HTTP OPTIONS /api/diagnostics responded 204 in 0.0368 ms
[15:15:37 INF] HTTP OPTIONS /api/modules responded 204 in 0.0164 ms
[15:15:37 INF] HTTP OPTIONS /api/modules responded 204 in 0.0090 ms
[15:15:37 INF] HTTP GET /api/modules responded 200 in 612.1658 ms
[15:15:38 INF] HTTP GET /api/modules responded 200 in 603.5419 ms
[15:15:38 INF] HTTP GET /api/modules/019e8055-e953-7040-9c03-e094a94e39c5/settings responded 200 in 1784.3862 ms
[15:15:39 INF] HTTP OPTIONS /api/modules/019e8055-e953-7040-9c03-e094a94e39c5/settings responded 204 in 0.0221 ms
[15:15:39 INF] HTTP GET /api/modules responded 200 in 599.4151 ms
[15:15:40 INF] HTTP GET /api/diagnostics responded 200 in 3153.0021 ms
[15:15:40 INF] HTTP OPTIONS /api/actions responded 204 in 0.0291 ms
[15:15:40 INF] HTTP GET /api/modules responded 200 in 596.9287 ms
[15:15:40 INF] HTTP GET /api/actions responded 200 in 624.7265 ms
[15:15:41 INF] HTTP GET /api/modules/019e8055-e953-7040-9c03-e094a94e39c5/settings responded 200 in 1852.4783 ms
[15:15:54 INF] HTTP OPTIONS /api/diagnostics responded 204 in 0.0447 ms
[15:15:54 INF] HTTP OPTIONS /api/modules responded 204 in 0.0525 ms
[15:15:54 INF] HTTP OPTIONS /api/actions responded 204 in 0.0241 ms
[15:15:55 INF] HTTP GET /api/modules responded 200 in 612.2748 ms
[15:15:55 INF] HTTP GET /api/actions responded 200 in 611.8140 ms
[15:15:55 INF] HTTP GET /api/modules responded 200 in 584.8263 ms
[15:15:56 INF] HTTP GET /api/modules responded 200 in 590.7263 ms
[15:15:56 INF] HTTP GET /api/actions responded 200 in 594.7201 ms
[15:15:57 INF] HTTP OPTIONS /api/audit responded 204 in 0.0334 ms
[15:15:57 INF] HTTP GET /api/modules responded 200 in 604.3694 ms
[15:15:57 INF] HTTP GET /api/diagnostics responded 200 in 3213.4178 ms
[15:15:57 INF] HTTP GET /api/audit responded 200 in 602.7641 ms
[15:15:58 INF] HTTP OPTIONS /api/logs responded 204 in 0.0295 ms
[15:15:59 INF] HTTP GET /api/logs responded 200 in 576.5745 ms
[15:16:00 INF] HTTP OPTIONS /api/users responded 204 in 0.0272 ms
[15:16:00 INF] HTTP OPTIONS /api/roles responded 204 in 0.0114 ms
[15:16:00 INF] HTTP OPTIONS /api/notifications responded 204 in 0.0294 ms
[15:16:01 INF] HTTP GET /api/roles responded 200 in 602.0502 ms
[15:16:01 INF] HTTP GET /api/users responded 200 in 614.2346 ms
[15:16:01 INF] HTTP GET /api/notifications responded 200 in 587.9358 ms
[15:16:03 INF] HTTP GET /api/roles responded 200 in 602.5991 ms
[15:16:03 INF] HTTP GET /api/users responded 200 in 602.8058 ms
[15:16:03 INF] HTTP GET /api/notifications responded 200 in 620.0060 ms
[15:16:04 INF] HTTP OPTIONS /api/notifications/019e805f-7d0a-7982-a980-11f53b6c9bf2/mark-read responded 204 in 0.0267 ms
[15:16:04 INF] HTTP POST /api/notifications/019e805f-7d0a-7982-a980-11f53b6c9bf2/mark-read responded 200 in 605.3904 ms
[15:16:05 INF] HTTP OPTIONS /api/notifications/019e805f-7d0a-71a5-9682-ce780d953860/mark-read responded 204 in 0.0269 ms
[15:16:05 INF] HTTP GET /api/notifications responded 200 in 605.0362 ms
[15:16:05 INF] HTTP POST /api/notifications/019e805f-7d0a-71a5-9682-ce780d953860/mark-read responded 200 in 583.1997 ms
[15:16:06 INF] HTTP GET /api/notifications responded 200 in 597.8955 ms
[15:16:06 INF] HTTP OPTIONS /api/dashboard responded 204 in 0.0314 ms
[15:16:06 INF] HTTP OPTIONS /api/modules responded 204 in 0.0101 ms
[15:16:07 INF] HTTP GET /api/modules responded 200 in 616.0135 ms
[15:16:09 INF] HTTP GET /api/dashboard responded 200 in 3039.1274 ms
[15:17:12 INF] HTTP OPTIONS /api/diagnostics responded 204 in 0.0372 ms
[15:17:12 INF] HTTP OPTIONS /api/modules responded 204 in 0.0330 ms
[15:17:12 INF] HTTP OPTIONS /api/dashboard responded 204 in 0.0245 ms
[15:17:12 INF] HTTP OPTIONS /api/modules responded 204 in 0.0236 ms
[15:17:13 INF] HTTP GET /api/modules responded 200 in 604.3677 ms
[15:17:14 INF] HTTP GET /api/modules responded 200 in 638.5534 ms
[15:17:14 INF] HTTP OPTIONS /api/events responded 204 in 0.0350 ms
[15:17:15 INF] HTTP GET /api/modules responded 200 in 610.1349 ms
[15:17:15 INF] HTTP GET /api/modules responded 200 in 613.1486 ms
[15:17:16 ERR] HTTP GET /api/dashboard responded 500 in 3594.5579 ms
System.OperationCanceledException: The operation was canceled.
   at System.Threading.CancellationToken.ThrowOperationCanceledException()
   at Microsoft.EntityFrameworkCore.Storage.ExecutionStrategy.ExecuteImplementationAsync[TState,TResult](Func`4 operation, Func`4 verifySucceeded, TState state, CancellationToken cancellationToken)
   at Microsoft.EntityFrameworkCore.Storage.ExecutionStrategy.ExecuteAsync[TState,TResult](TState state, Func`4 operation, Func`4 verifySucceeded, CancellationToken cancellationToken)
   at Microsoft.EntityFrameworkCore.Query.Internal.SingleQueryingEnumerable`1.AsyncEnumerator.MoveNextAsync()
   at Microsoft.EntityFrameworkCore.EntityFrameworkQueryableExtensions.ToListAsync[TSource](IQueryable`1 source, CancellationToken cancellationToken)
   at Microsoft.EntityFrameworkCore.EntityFrameworkQueryableExtensions.ToListAsync[TSource](IQueryable`1 source, CancellationToken cancellationToken)
   at Microsoft.EntityFrameworkCore.EntityFrameworkQueryableExtensions.ToArrayAsync[TSource](IQueryable`1 source, CancellationToken cancellationToken)
   at SysAssist.Infrastructure.Services.SysAssistApiService.ListModulesAsync(CancellationToken cancellationToken) in C:\Users\8-Bits\Desktop\Sys\SysAssist\src\SysAssist.Infrastructure\Services\SysAssistApiService.cs:line 185
   at SysAssist.Infrastructure.Services.SysAssistApiService.GetDashboardAsync(CancellationToken cancellationToken) in C:\Users\8-Bits\Desktop\Sys\SysAssist\src\SysAssist.Infrastructure\Services\SysAssistApiService.cs:line 38
   at Program.<>c.<<<Main>$>b__0_10>d.MoveNext() in C:\Users\8-Bits\Desktop\Sys\SysAssist\src\SysAssist.Api\Program.cs:line 174
--- End of stack trace from previous location ---
   at Microsoft.AspNetCore.Http.RequestDelegateFactory.ExecuteTaskResult[T](Task`1 task, HttpContext httpContext)
   at Microsoft.AspNetCore.Authorization.AuthorizationMiddleware.Invoke(HttpContext context)
   at Microsoft.AspNetCore.Authentication.AuthenticationMiddleware.Invoke(HttpContext context)
   at Swashbuckle.AspNetCore.SwaggerUI.SwaggerUIMiddleware.Invoke(HttpContext httpContext)
   at Swashbuckle.AspNetCore.Swagger.SwaggerMiddleware.Invoke(HttpContext httpContext, ISwaggerProvider swaggerProvider)
   at Serilog.AspNetCore.RequestLoggingMiddleware.Invoke(HttpContext httpContext)
[15:17:16 INF] HTTP GET /api/modules responded 200 in 3015.2882 ms
[15:17:16 ERR] HTTP GET /api/diagnostics responded 500 in 3632.1585 ms
System.OperationCanceledException: The operation was canceled.
   at System.Threading.CancellationToken.ThrowOperationCanceledException()
   at Microsoft.EntityFrameworkCore.Storage.ExecutionStrategy.ExecuteImplementationAsync[TState,TResult](Func`4 operation, Func`4 verifySucceeded, TState state, CancellationToken cancellationToken)
   at Microsoft.EntityFrameworkCore.Storage.ExecutionStrategy.ExecuteAsync[TState,TResult](TState state, Func`4 operation, Func`4 verifySucceeded, CancellationToken cancellationToken)
   at Microsoft.EntityFrameworkCore.Query.Internal.SingleQueryingEnumerable`1.AsyncEnumerator.MoveNextAsync()
   at Microsoft.EntityFrameworkCore.EntityFrameworkQueryableExtensions.ToListAsync[TSource](IQueryable`1 source, CancellationToken cancellationToken)
   at Microsoft.EntityFrameworkCore.EntityFrameworkQueryableExtensions.ToListAsync[TSource](IQueryable`1 source, CancellationToken cancellationToken)
   at Microsoft.EntityFrameworkCore.EntityFrameworkQueryableExtensions.ToArrayAsync[TSource](IQueryable`1 source, CancellationToken cancellationToken)
   at SysAssist.Infrastructure.Services.SysAssistApiService.GetDiagnosticsAsync(CancellationToken cancellationToken) in C:\Users\8-Bits\Desktop\Sys\SysAssist\src\SysAssist.Infrastructure\Services\SysAssistApiService.cs:line 572
   at Program.<>c.<<<Main>$>b__0_45>d.MoveNext() in C:\Users\8-Bits\Desktop\Sys\SysAssist\src\SysAssist.Api\Program.cs:line 280
--- End of stack trace from previous location ---
   at Microsoft.AspNetCore.Http.RequestDelegateFactory.ExecuteTaskResult[T](Task`1 task, HttpContext httpContext)
   at Microsoft.AspNetCore.Authorization.AuthorizationMiddleware.Invoke(HttpContext context)
   at Microsoft.AspNetCore.Authentication.AuthenticationMiddleware.Invoke(HttpContext context)
   at Swashbuckle.AspNetCore.SwaggerUI.SwaggerUIMiddleware.Invoke(HttpContext httpContext)
   at Swashbuckle.AspNetCore.Swagger.SwaggerMiddleware.Invoke(HttpContext httpContext, ISwaggerProvider swaggerProvider)
   at Serilog.AspNetCore.RequestLoggingMiddleware.Invoke(HttpContext httpContext)
[15:17:17 INF] HTTP OPTIONS /api/approvals responded 204 in 0.0350 ms
[15:17:17 INF] HTTP OPTIONS /api/actions responded 204 in 0.0111 ms
[15:17:17 INF] HTTP GET /api/approvals responded 200 in 594.1503 ms
[15:17:17 INF] HTTP GET /api/actions responded 200 in 617.5284 ms
[15:17:19 INF] HTTP GET /api/events responded 200 in 4154.8781 ms
[15:17:19 INF] HTTP OPTIONS /api/modules responded 204 in 0.0287 ms
[15:17:20 INF] HTTP GET /api/modules responded 200 in 603.9907 ms
[15:17:20 INF] HTTP OPTIONS /api/modules/019e8055-e953-745d-8b2c-5375dd1b1083/settings responded 204 in 0.0355 ms
[15:17:20 INF] HTTP GET /api/dashboard responded 200 in 6622.8656 ms
[15:17:20 INF] HTTP GET /api/diagnostics responded 200 in 6779.6471 ms
[15:17:21 INF] HTTP GET /api/modules/019e8055-e953-745d-8b2c-5375dd1b1083/settings responded 200 in 1794.8389 ms
[15:17:24 INF] HTTP OPTIONS /api/modules/019e8055-e953-7e85-b490-c2f5620466f6/settings responded 204 in 0.0300 ms
[15:17:25 INF] HTTP GET /api/modules/019e8055-e953-7e85-b490-c2f5620466f6/settings responded 200 in 1808.5484 ms
[15:17:26 INF] HTTP OPTIONS /api/actions responded 204 in 0.0282 ms
[15:17:26 INF] HTTP OPTIONS /api/modules responded 204 in 0.0105 ms
[15:17:26 INF] HTTP GET /api/modules responded 200 in 612.7981 ms
[15:17:26 INF] HTTP GET /api/actions responded 200 in 624.1971 ms
[15:17:32 INF] HTTP OPTIONS /api/modules/019e8055-e953-745d-8b2c-5375dd1b1083/settings responded 204 in 0.0339 ms
[15:17:32 INF] HTTP OPTIONS /api/modules responded 204 in 0.0157 ms
[15:17:32 INF] HTTP GET /api/modules responded 200 in 618.3111 ms
[15:17:33 INF] HTTP GET /api/modules/019e8055-e953-745d-8b2c-5375dd1b1083/settings responded 200 in 1823.3548 ms
[15:17:35 INF] HTTP OPTIONS /api/actions responded 204 in 0.0328 ms
[15:17:35 INF] HTTP OPTIONS /api/audit responded 204 in 0.0400 ms
[15:17:36 INF] HTTP GET /api/actions responded 200 in 580.2943 ms
[15:17:36 INF] HTTP GET /api/modules responded 200 in 591.0653 ms
[15:17:36 INF] HTTP GET /api/audit responded 200 in 608.1358 ms
[15:17:53 INF] HTTP OPTIONS /api/dashboard responded 204 in 0.0341 ms
[15:17:53 INF] HTTP OPTIONS /api/modules responded 204 in 0.0158 ms
[15:17:54 INF] HTTP GET /api/modules responded 200 in 611.1996 ms
[15:17:56 INF] HTTP GET /api/dashboard responded 200 in 2993.2056 ms
[15:18:03 INF] HTTP OPTIONS /api/diagnostics responded 204 in 0.0326 ms
[15:18:03 INF] HTTP OPTIONS /api/modules responded 204 in 0.0333 ms
[15:18:03 INF] HTTP OPTIONS /api/dashboard responded 204 in 0.0105 ms
[15:18:03 INF] HTTP OPTIONS /api/modules responded 204 in 0.0083 ms
[15:18:04 INF] HTTP GET /api/modules responded 200 in 710.4540 ms
[15:18:05 INF] HTTP GET /api/modules responded 200 in 629.7245 ms
[15:18:05 INF] HTTP OPTIONS /api/events responded 204 in 0.0292 ms
[15:18:05 INF] HTTP GET /api/events responded 200 in 618.3461 ms
[15:18:05 INF] HTTP GET /api/modules responded 200 in 619.2589 ms
[15:18:07 INF] HTTP GET /api/dashboard responded 200 in 3198.7540 ms
[15:18:07 INF] HTTP GET /api/diagnostics responded 200 in 3414.6829 ms
[15:18:07 INF] HTTP GET /api/modules responded 200 in 607.4495 ms
[15:18:08 INF] HTTP OPTIONS /api/approvals responded 204 in 0.0389 ms
[15:18:08 INF] HTTP OPTIONS /api/actions responded 204 in 0.0090 ms
[15:18:08 INF] HTTP GET /api/events responded 200 in 606.5670 ms
[15:18:08 INF] HTTP GET /api/modules responded 200 in 596.8780 ms
[15:18:08 INF] HTTP GET /api/actions responded 200 in 584.7286 ms
[15:18:08 INF] HTTP GET /api/approvals responded 200 in 596.6420 ms
[15:18:09 INF] HTTP OPTIONS /api/modules/019e8055-e953-745d-8b2c-5375dd1b1083/settings responded 204 in 0.0276 ms
[15:18:09 INF] HTTP OPTIONS /api/modules responded 204 in 0.0303 ms
[15:18:09 INF] HTTP GET /api/modules responded 200 in 591.9050 ms
[15:18:11 INF] HTTP GET /api/modules/019e8055-e953-745d-8b2c-5375dd1b1083/settings responded 200 in 1802.0456 ms
[15:18:12 INF] HTTP GET /api/modules responded 200 in 584.1389 ms
[15:18:12 INF] HTTP GET /api/actions responded 200 in 610.4957 ms
[15:18:13 INF] HTTP OPTIONS /api/audit responded 204 in 0.0330 ms
[15:18:13 INF] HTTP GET /api/audit responded 200 in 613.7450 ms
[15:18:13 INF] HTTP OPTIONS /api/logs responded 204 in 0.0354 ms
[15:18:14 INF] HTTP GET /api/logs responded 200 in 622.3162 ms
[15:18:14 INF] HTTP OPTIONS /api/notifications responded 204 in 0.0303 ms
[15:18:15 INF] HTTP GET /api/notifications responded 200 in 595.2800 ms
[15:18:15 INF] HTTP OPTIONS /api/users responded 204 in 0.0280 ms
[15:18:15 INF] HTTP OPTIONS /api/roles responded 204 in 0.0098 ms
[15:18:16 INF] HTTP GET /api/users responded 200 in 623.6086 ms
[15:18:16 INF] HTTP GET /api/roles responded 200 in 623.5741 ms
[15:18:17 INF] HTTP OPTIONS /api/diagnostics responded 204 in 0.0267 ms
[15:18:20 INF] HTTP GET /api/diagnostics responded 200 in 3134.7801 ms
[15:18:26 INF] HTTP OPTIONS /api/actions responded 204 in 0.0451 ms
[15:18:26 INF] HTTP OPTIONS /api/modules responded 204 in 0.0092 ms
[15:18:27 INF] HTTP GET /api/actions responded 200 in 631.2320 ms
[15:18:27 INF] HTTP GET /api/modules responded 200 in 631.2128 ms
[15:18:30 INF] HTTP OPTIONS /api/actions/019e805f-63fb-7ec4-8f80-e112ea05a1db/execute responded 204 in 0.0335 ms
[15:18:33 INF] HTTP POST /api/actions/019e805f-63fb-7ec4-8f80-e112ea05a1db/execute responded 200 in 3026.4017 ms
[15:18:41 INF] HTTP OPTIONS /api/actions/019e805f-63fa-7573-a9f7-e85362d5cdd5/execute responded 204 in 0.0316 ms
[15:18:44 INF] HTTP POST /api/actions/019e805f-63fa-7573-a9f7-e85362d5cdd5/execute responded 200 in 3008.8642 ms
[15:18:52 INF] HTTP OPTIONS /api/approvals responded 204 in 0.0420 ms
[15:18:52 INF] HTTP OPTIONS /api/events responded 204 in 0.0223 ms
[15:18:52 INF] HTTP OPTIONS /api/actions responded 204 in 0.0175 ms
[15:18:53 INF] HTTP GET /api/events responded 200 in 601.4735 ms
[15:18:53 INF] HTTP GET /api/approvals responded 200 in 612.8179 ms
[15:18:53 INF] HTTP GET /api/actions responded 200 in 617.5833 ms
[15:18:54 INF] HTTP OPTIONS /api/audit responded 204 in 0.0301 ms
[15:18:54 INF] HTTP GET /api/audit responded 200 in 752.1380 ms
[15:18:54 INF] HTTP OPTIONS /api/logs responded 204 in 0.0417 ms
[15:18:55 INF] HTTP GET /api/logs responded 200 in 591.6050 ms
[15:18:55 INF] HTTP OPTIONS /api/notifications responded 204 in 0.0323 ms
[15:18:56 INF] HTTP GET /api/notifications responded 200 in 608.8895 ms
[15:18:56 INF] HTTP OPTIONS /api/modules responded 204 in 0.0340 ms
[15:18:56 INF] HTTP GET /api/actions responded 200 in 585.4774 ms
[15:18:57 INF] HTTP GET /api/modules responded 200 in 603.9998 ms
[15:19:08 INF] HTTP OPTIONS /api/approvals responded 204 in 0.0300 ms
[15:19:08 INF] HTTP OPTIONS /api/events responded 204 in 0.0101 ms
[15:19:08 INF] HTTP OPTIONS /api/actions responded 204 in 0.0127 ms
[15:19:08 INF] HTTP GET /api/approvals responded 200 in 598.3817 ms
[15:19:08 INF] HTTP GET /api/actions responded 200 in 606.5194 ms
[15:19:08 INF] HTTP GET /api/events responded 200 in 615.3384 ms
[15:19:11 INF] HTTP OPTIONS /api/modules/019e8055-e953-745d-8b2c-5375dd1b1083/settings responded 204 in 0.0329 ms
[15:19:11 INF] HTTP OPTIONS /api/modules responded 204 in 0.0336 ms
[15:19:12 INF] HTTP GET /api/modules responded 200 in 619.5647 ms
[15:19:13 INF] HTTP OPTIONS /api/actions responded 204 in 0.0270 ms
[15:19:13 INF] HTTP GET /api/modules/019e8055-e953-745d-8b2c-5375dd1b1083/settings responded 200 in 1816.6377 ms
[15:19:13 INF] HTTP GET /api/modules responded 200 in 596.9789 ms
[15:19:13 INF] HTTP GET /api/actions responded 200 in 614.3446 ms
[15:22:47 INF] HTTP OPTIONS /api/diagnostics responded 204 in 0.0632 ms
[15:22:47 INF] HTTP OPTIONS /api/modules responded 204 in 0.0271 ms
[15:22:47 INF] HTTP OPTIONS /api/modules responded 204 in 0.0155 ms
[15:22:47 INF] HTTP OPTIONS /api/actions responded 204 in 0.0108 ms
[15:22:48 INF] HTTP GET /api/modules responded 200 in 600.2625 ms
[15:22:48 INF] HTTP GET /api/actions responded 200 in 619.6440 ms
[15:22:48 INF] HTTP GET /api/modules responded 200 in 608.0021 ms
[15:22:50 INF] HTTP GET /api/diagnostics responded 200 in 3145.8366 ms
[15:22:55 INF] HTTP OPTIONS /api/diagnostics responded 204 in 0.0432 ms
[15:22:55 INF] HTTP OPTIONS /api/modules responded 204 in 0.0388 ms
[15:22:55 INF] HTTP OPTIONS /api/actions responded 204 in 0.0170 ms
[15:22:55 INF] HTTP OPTIONS /api/modules responded 204 in 0.0111 ms
[15:22:56 INF] HTTP GET /api/actions responded 200 in 590.2636 ms
[15:22:56 INF] HTTP GET /api/modules responded 200 in 597.7440 ms
[15:22:56 INF] HTTP GET /api/modules responded 200 in 608.9640 ms
[15:23:00 INF] HTTP GET /api/diagnostics responded 200 in 5461.2965 ms
[15:24:35 INF] HTTP OPTIONS /api/diagnostics responded 204 in 0.0358 ms
[15:24:35 INF] HTTP OPTIONS /api/modules responded 204 in 0.0178 ms
[15:24:35 INF] HTTP OPTIONS /api/dashboard responded 204 in 0.0254 ms
[15:24:40 INF] HTTP GET /api/modules responded 200 in 4108.4316 ms
[15:24:40 INF] HTTP GET /api/modules responded 200 in 577.9436 ms
[15:24:42 INF] HTTP GET /api/dashboard responded 200 in 6753.7955 ms
[15:24:42 INF] HTTP GET /api/diagnostics responded 200 in 6828.4623 ms
[15:24:58 INF] HTTP OPTIONS /api/diagnostics responded 204 in 0.0438 ms
[15:24:58 INF] HTTP OPTIONS /api/modules responded 204 in 0.0100 ms
[15:24:58 INF] HTTP OPTIONS /api/modules responded 204 in 0.0315 ms
[15:24:58 INF] HTTP OPTIONS /api/dashboard responded 204 in 0.0743 ms
[15:24:59 INF] HTTP GET /api/modules responded 200 in 603.1122 ms
[15:25:00 INF] HTTP GET /api/modules responded 200 in 621.5838 ms
[15:25:01 INF] HTTP GET /api/dashboard responded 200 in 2976.5798 ms
[15:25:02 INF] HTTP GET /api/diagnostics responded 200 in 3192.2737 ms
