Используются параметры запуска из src\SysAssist.Api\Properties\launchSettings.json...
Сборка…
[19:36:26 INF] Applying SysAssist database migrations and seed data.
[19:36:26 INF] Cockroach Cloud detected; creating schema without PostgreSQL migration locks.
[19:36:31 INF] Seeding SysAssist database.
[19:36:49 INF] SysAssist database is ready.
[19:36:49 INF] Now listening on: http://localhost:5089
[19:36:49 INF] Application started. Press Ctrl+C to shut down.
[19:36:49 INF] Hosting environment: Development
[19:36:49 INF] Content root path: C:\Users\8-Bits\Desktop\Sys\SysAssist\src\SysAssist.Api
[19:37:00 INF] HTTP GET /health/ready responded 200 in 3698.2497 ms
[19:37:24 INF] HTTP OPTIONS /api/license responded 204 in 1.4981 ms
[19:37:24 INF] HTTP OPTIONS /api/diagnostics responded 204 in 1.4925 ms
[19:37:24 INF] HTTP OPTIONS /api/modules responded 204 in 1.5015 ms
[19:37:24 INF] HTTP OPTIONS /api/dashboard responded 204 in 1.5082 ms
[19:37:24 INF] HTTP OPTIONS /api/modules responded 204 in 0.2601 ms
[19:37:24 INF] HTTP GET /api/license responded 200 in 49.5967 ms
[19:37:27 INF] HTTP GET /api/diagnostics responded 200 in 3256.4372 ms
[19:37:27 INF] HTTP GET /api/modules responded 200 in 3698.6333 ms
[19:37:28 INF] HTTP GET /api/modules responded 200 in 576.1478 ms
[19:37:28 INF] HTTP POST /api/auth/login responded 401 in 3622.6330 ms
[19:37:29 INF] HTTP POST /api/auth/login responded 200 in 498.4583 ms
[19:37:29 INF] HTTP GET /api/dashboard responded 200 in 5922.0569 ms
[19:37:30 INF] HTTP PUT /api/users/019e8055-e471-780a-94dd-30ea42e1a5f3 responded 200 in 1573.1778 ms
[19:37:31 INF] HTTP POST /api/auth/login responded 200 in 480.7720 ms
[19:37:31 INF] HTTP POST /api/auth/login responded 401 in 539.9522 ms
[19:37:49 INF] HTTP POST /api/auth/login responded 200 in 573.0607 ms
[19:37:52 INF] HTTP GET /api/dashboard responded 200 in 2863.3406 ms
[19:37:53 INF] HTTP GET /api/modules responded 200 in 566.8285 ms
[19:38:03 INF] HTTP POST /api/auth/login responded 200 in 543.4713 ms
[19:38:05 INF] HTTP GET /api/dashboard responded 200 in 2771.9553 ms
[19:38:16 INF] HTTP POST /api/auth/login responded 200 in 536.9979 ms
[19:38:19 INF] HTTP GET /api/dashboard responded 200 in 3040.8906 ms
[19:38:20 INF] HTTP GET /api/modules responded 200 in 592.4230 ms
[19:38:29 ERR] HTTP POST /api/auth/login responded 500 in 3.8023 ms
Microsoft.AspNetCore.Http.BadHttpRequestException: Failed to read parameter "LoginRequest request" from the request body as JSON.
 ---> System.Text.Json.JsonException: 'l' is an invalid start of a property name. Expected a '"'. Path: $ | LineNumber: 0 | BytePositionInLine: 1.
 ---> System.Text.Json.JsonReaderException: 'l' is an invalid start of a property name. Expected a '"'. LineNumber: 0 | BytePositionInLine: 1.
   at System.Text.Json.ThrowHelper.ThrowJsonReaderException(Utf8JsonReader& json, ExceptionResource resource, Byte nextByte, ReadOnlySpan`1 bytes)
   at System.Text.Json.Utf8JsonReader.ReadSingleSegment()
   at System.Text.Json.Utf8JsonReader.Read()
   at System.Text.Json.Serialization.Converters.ObjectWithParameterizedConstructorConverter`1.ReadConstructorArgumentsWithContinuation(ReadStack& state, Utf8JsonReader& reader, JsonSerializerOptions options)
   at System.Text.Json.Serialization.Converters.ObjectWithParameterizedConstructorConverter`1.OnTryRead(Utf8JsonReader& reader, Type typeToConvert, JsonSerializerOptions options, ReadStack& state, T& value)
   at System.Text.Json.Serialization.JsonConverter`1.TryRead(Utf8JsonReader& reader, Type typeToConvert, JsonSerializerOptions options, ReadStack& state, T& value, Boolean& isPopulatedValue)
   at System.Text.Json.Serialization.JsonConverter`1.ReadCore(Utf8JsonReader& reader, T& value, JsonSerializerOptions options, ReadStack& state)
   --- End of inner exception stack trace ---
   at System.Text.Json.ThrowHelper.ReThrowWithPath(ReadStack& state, JsonReaderException ex)
   at System.Text.Json.Serialization.JsonConverter`1.ReadCore(Utf8JsonReader& reader, T& value, JsonSerializerOptions options, ReadStack& state)
   at System.Text.Json.Serialization.Metadata.JsonTypeInfo`1.ContinueDeserialize(ReadBufferState& bufferState, JsonReaderState& jsonReaderState, ReadStack& readStack, T& value)
   at System.Text.Json.Serialization.Metadata.JsonTypeInfo`1.DeserializeAsync(Stream utf8Json, CancellationToken cancellationToken)
   at System.Text.Json.Serialization.Metadata.JsonTypeInfo`1.DeserializeAsObjectAsync(Stream utf8Json, CancellationToken cancellationToken)
   at Microsoft.AspNetCore.Http.HttpRequestJsonExtensions.ReadFromJsonAsync(HttpRequest request, JsonTypeInfo jsonTypeInfo, CancellationToken cancellationToken)
   at Microsoft.AspNetCore.Http.HttpRequestJsonExtensions.ReadFromJsonAsync(HttpRequest request, JsonTypeInfo jsonTypeInfo, CancellationToken cancellationToken)
   at Microsoft.AspNetCore.Http.RequestDelegateFactory.<HandleRequestBodyAndCompileRequestDelegateForJson>g__TryReadBodyAsync|101_0(HttpContext httpContext, Type bodyType, String parameterTypeName, String parameterName, Boolean allowEmptyRequestBody, Boolean throwOnBadRequest, JsonTypeInfo jsonTypeInfo)
   --- End of inner exception stack trace ---
   at Microsoft.AspNetCore.Http.RequestDelegateFactory.Log.InvalidJsonRequestBody(HttpContext httpContext, String parameterTypeName, String parameterName, Exception exception, Boolean shouldThrow)
   at Microsoft.AspNetCore.Http.RequestDelegateFactory.<HandleRequestBodyAndCompileRequestDelegateForJson>g__TryReadBodyAsync|101_0(HttpContext httpContext, Type bodyType, String parameterTypeName, String parameterName, Boolean allowEmptyRequestBody, Boolean throwOnBadRequest, JsonTypeInfo jsonTypeInfo)
   at Microsoft.AspNetCore.Http.RequestDelegateFactory.<>c__DisplayClass101_2.<<HandleRequestBodyAndCompileRequestDelegateForJson>b__2>d.MoveNext()
--- End of stack trace from previous location ---
   at Program.<>c.<<<Main>$>b__0_9>d.MoveNext() in C:\Users\8-Bits\Desktop\Sys\SysAssist\src\SysAssist.Api\Program.cs:line 200
--- End of stack trace from previous location ---
   at Microsoft.AspNetCore.Authorization.AuthorizationMiddleware.Invoke(HttpContext context)
   at Microsoft.AspNetCore.RateLimiting.RateLimitingMiddleware.InvokeInternal(HttpContext context, EnableRateLimitingAttribute enableRateLimitingAttribute)
   at Microsoft.AspNetCore.Authentication.AuthenticationMiddleware.Invoke(HttpContext context)
   at Swashbuckle.AspNetCore.SwaggerUI.SwaggerUIMiddleware.Invoke(HttpContext httpContext)
   at Swashbuckle.AspNetCore.Swagger.SwaggerMiddleware.Invoke(HttpContext httpContext, ISwaggerProvider swaggerProvider)
   at Program.<>c.<<<Main>$>b__0_123>d.MoveNext() in C:\Users\8-Bits\Desktop\Sys\SysAssist\src\SysAssist.Api\Program.cs:line 802
--- End of stack trace from previous location ---
   at Serilog.AspNetCore.RequestLoggingMiddleware.Invoke(HttpContext httpContext)
[19:38:30 ERR] HTTP POST /api/auth/login responded 500 in 0.5647 ms
Microsoft.AspNetCore.Http.BadHttpRequestException: Failed to read parameter "LoginRequest request" from the request body as JSON.
 ---> System.Text.Json.JsonException: 'l' is an invalid start of a property name. Expected a '"'. Path: $ | LineNumber: 0 | BytePositionInLine: 1.
 ---> System.Text.Json.JsonReaderException: 'l' is an invalid start of a property name. Expected a '"'. LineNumber: 0 | BytePositionInLine: 1.
   at System.Text.Json.ThrowHelper.ThrowJsonReaderException(Utf8JsonReader& json, ExceptionResource resource, Byte nextByte, ReadOnlySpan`1 bytes)
   at System.Text.Json.Utf8JsonReader.ReadSingleSegment()
   at System.Text.Json.Utf8JsonReader.Read()
   at System.Text.Json.Serialization.Converters.ObjectWithParameterizedConstructorConverter`1.ReadConstructorArgumentsWithContinuation(ReadStack& state, Utf8JsonReader& reader, JsonSerializerOptions options)
   at System.Text.Json.Serialization.Converters.ObjectWithParameterizedConstructorConverter`1.OnTryRead(Utf8JsonReader& reader, Type typeToConvert, JsonSerializerOptions options, ReadStack& state, T& value)
   at System.Text.Json.Serialization.JsonConverter`1.TryRead(Utf8JsonReader& reader, Type typeToConvert, JsonSerializerOptions options, ReadStack& state, T& value, Boolean& isPopulatedValue)
   at System.Text.Json.Serialization.JsonConverter`1.ReadCore(Utf8JsonReader& reader, T& value, JsonSerializerOptions options, ReadStack& state)
   --- End of inner exception stack trace ---
   at System.Text.Json.ThrowHelper.ReThrowWithPath(ReadStack& state, JsonReaderException ex)
   at System.Text.Json.Serialization.JsonConverter`1.ReadCore(Utf8JsonReader& reader, T& value, JsonSerializerOptions options, ReadStack& state)
   at System.Text.Json.Serialization.Metadata.JsonTypeInfo`1.ContinueDeserialize(ReadBufferState& bufferState, JsonReaderState& jsonReaderState, ReadStack& readStack, T& value)
   at System.Text.Json.Serialization.Metadata.JsonTypeInfo`1.DeserializeAsync(Stream utf8Json, CancellationToken cancellationToken)
   at System.Text.Json.Serialization.Metadata.JsonTypeInfo`1.DeserializeAsObjectAsync(Stream utf8Json, CancellationToken cancellationToken)
   at Microsoft.AspNetCore.Http.HttpRequestJsonExtensions.ReadFromJsonAsync(HttpRequest request, JsonTypeInfo jsonTypeInfo, CancellationToken cancellationToken)
   at Microsoft.AspNetCore.Http.HttpRequestJsonExtensions.ReadFromJsonAsync(HttpRequest request, JsonTypeInfo jsonTypeInfo, CancellationToken cancellationToken)
   at Microsoft.AspNetCore.Http.RequestDelegateFactory.<HandleRequestBodyAndCompileRequestDelegateForJson>g__TryReadBodyAsync|101_0(HttpContext httpContext, Type bodyType, String parameterTypeName, String parameterName, Boolean allowEmptyRequestBody, Boolean throwOnBadRequest, JsonTypeInfo jsonTypeInfo)
   --- End of inner exception stack trace ---
   at Microsoft.AspNetCore.Http.RequestDelegateFactory.Log.InvalidJsonRequestBody(HttpContext httpContext, String parameterTypeName, String parameterName, Exception exception, Boolean shouldThrow)
   at Microsoft.AspNetCore.Http.RequestDelegateFactory.<HandleRequestBodyAndCompileRequestDelegateForJson>g__TryReadBodyAsync|101_0(HttpContext httpContext, Type bodyType, String parameterTypeName, String parameterName, Boolean allowEmptyRequestBody, Boolean throwOnBadRequest, JsonTypeInfo jsonTypeInfo)
   at Microsoft.AspNetCore.Http.RequestDelegateFactory.<>c__DisplayClass101_2.<<HandleRequestBodyAndCompileRequestDelegateForJson>b__2>d.MoveNext()
--- End of stack trace from previous location ---
   at Program.<>c.<<<Main>$>b__0_9>d.MoveNext() in C:\Users\8-Bits\Desktop\Sys\SysAssist\src\SysAssist.Api\Program.cs:line 200
--- End of stack trace from previous location ---
   at Microsoft.AspNetCore.Authorization.AuthorizationMiddleware.Invoke(HttpContext context)
   at Microsoft.AspNetCore.RateLimiting.RateLimitingMiddleware.InvokeInternal(HttpContext context, EnableRateLimitingAttribute enableRateLimitingAttribute)
   at Microsoft.AspNetCore.Authentication.AuthenticationMiddleware.Invoke(HttpContext context)
   at Swashbuckle.AspNetCore.SwaggerUI.SwaggerUIMiddleware.Invoke(HttpContext httpContext)
   at Swashbuckle.AspNetCore.Swagger.SwaggerMiddleware.Invoke(HttpContext httpContext, ISwaggerProvider swaggerProvider)
   at Program.<>c.<<<Main>$>b__0_123>d.MoveNext() in C:\Users\8-Bits\Desktop\Sys\SysAssist\src\SysAssist.Api\Program.cs:line 802
--- End of stack trace from previous location ---
   at Serilog.AspNetCore.RequestLoggingMiddleware.Invoke(HttpContext httpContext)
[19:38:30 ERR] HTTP POST /api/auth/login responded 500 in 0.5090 ms
Microsoft.AspNetCore.Http.BadHttpRequestException: Failed to read parameter "LoginRequest request" from the request body as JSON.
 ---> System.Text.Json.JsonException: 'l' is an invalid start of a property name. Expected a '"'. Path: $ | LineNumber: 0 | BytePositionInLine: 1.
 ---> System.Text.Json.JsonReaderException: 'l' is an invalid start of a property name. Expected a '"'. LineNumber: 0 | BytePositionInLine: 1.
   at System.Text.Json.ThrowHelper.ThrowJsonReaderException(Utf8JsonReader& json, ExceptionResource resource, Byte nextByte, ReadOnlySpan`1 bytes)
   at System.Text.Json.Utf8JsonReader.ReadSingleSegment()
   at System.Text.Json.Utf8JsonReader.Read()
   at System.Text.Json.Serialization.Converters.ObjectWithParameterizedConstructorConverter`1.ReadConstructorArgumentsWithContinuation(ReadStack& state, Utf8JsonReader& reader, JsonSerializerOptions options)
   at System.Text.Json.Serialization.Converters.ObjectWithParameterizedConstructorConverter`1.OnTryRead(Utf8JsonReader& reader, Type typeToConvert, JsonSerializerOptions options, ReadStack& state, T& value)
   at System.Text.Json.Serialization.JsonConverter`1.TryRead(Utf8JsonReader& reader, Type typeToConvert, JsonSerializerOptions options, ReadStack& state, T& value, Boolean& isPopulatedValue)
   at System.Text.Json.Serialization.JsonConverter`1.ReadCore(Utf8JsonReader& reader, T& value, JsonSerializerOptions options, ReadStack& state)
   --- End of inner exception stack trace ---
   at System.Text.Json.ThrowHelper.ReThrowWithPath(ReadStack& state, JsonReaderException ex)
   at System.Text.Json.Serialization.JsonConverter`1.ReadCore(Utf8JsonReader& reader, T& value, JsonSerializerOptions options, ReadStack& state)
   at System.Text.Json.Serialization.Metadata.JsonTypeInfo`1.ContinueDeserialize(ReadBufferState& bufferState, JsonReaderState& jsonReaderState, ReadStack& readStack, T& value)
   at System.Text.Json.Serialization.Metadata.JsonTypeInfo`1.DeserializeAsync(Stream utf8Json, CancellationToken cancellationToken)
   at System.Text.Json.Serialization.Metadata.JsonTypeInfo`1.DeserializeAsObjectAsync(Stream utf8Json, CancellationToken cancellationToken)
   at Microsoft.AspNetCore.Http.HttpRequestJsonExtensions.ReadFromJsonAsync(HttpRequest request, JsonTypeInfo jsonTypeInfo, CancellationToken cancellationToken)
   at Microsoft.AspNetCore.Http.HttpRequestJsonExtensions.ReadFromJsonAsync(HttpRequest request, JsonTypeInfo jsonTypeInfo, CancellationToken cancellationToken)
   at Microsoft.AspNetCore.Http.RequestDelegateFactory.<HandleRequestBodyAndCompileRequestDelegateForJson>g__TryReadBodyAsync|101_0(HttpContext httpContext, Type bodyType, String parameterTypeName, String parameterName, Boolean allowEmptyRequestBody, Boolean throwOnBadRequest, JsonTypeInfo jsonTypeInfo)
   --- End of inner exception stack trace ---
   at Microsoft.AspNetCore.Http.RequestDelegateFactory.Log.InvalidJsonRequestBody(HttpContext httpContext, String parameterTypeName, String parameterName, Exception exception, Boolean shouldThrow)
   at Microsoft.AspNetCore.Http.RequestDelegateFactory.<HandleRequestBodyAndCompileRequestDelegateForJson>g__TryReadBodyAsync|101_0(HttpContext httpContext, Type bodyType, String parameterTypeName, String parameterName, Boolean allowEmptyRequestBody, Boolean throwOnBadRequest, JsonTypeInfo jsonTypeInfo)
   at Microsoft.AspNetCore.Http.RequestDelegateFactory.<>c__DisplayClass101_2.<<HandleRequestBodyAndCompileRequestDelegateForJson>b__2>d.MoveNext()
--- End of stack trace from previous location ---
   at Program.<>c.<<<Main>$>b__0_9>d.MoveNext() in C:\Users\8-Bits\Desktop\Sys\SysAssist\src\SysAssist.Api\Program.cs:line 200
--- End of stack trace from previous location ---
   at Microsoft.AspNetCore.Authorization.AuthorizationMiddleware.Invoke(HttpContext context)
   at Microsoft.AspNetCore.RateLimiting.RateLimitingMiddleware.InvokeInternal(HttpContext context, EnableRateLimitingAttribute enableRateLimitingAttribute)
   at Microsoft.AspNetCore.Authentication.AuthenticationMiddleware.Invoke(HttpContext context)
   at Swashbuckle.AspNetCore.SwaggerUI.SwaggerUIMiddleware.Invoke(HttpContext httpContext)
   at Swashbuckle.AspNetCore.Swagger.SwaggerMiddleware.Invoke(HttpContext httpContext, ISwaggerProvider swaggerProvider)
   at Program.<>c.<<<Main>$>b__0_123>d.MoveNext() in C:\Users\8-Bits\Desktop\Sys\SysAssist\src\SysAssist.Api\Program.cs:line 802
--- End of stack trace from previous location ---
   at Serilog.AspNetCore.RequestLoggingMiddleware.Invoke(HttpContext httpContext)
[19:38:31 ERR] HTTP POST /api/auth/login responded 500 in 0.4889 ms
Microsoft.AspNetCore.Http.BadHttpRequestException: Failed to read parameter "LoginRequest request" from the request body as JSON.
 ---> System.Text.Json.JsonException: 'l' is an invalid start of a property name. Expected a '"'. Path: $ | LineNumber: 0 | BytePositionInLine: 1.
 ---> System.Text.Json.JsonReaderException: 'l' is an invalid start of a property name. Expected a '"'. LineNumber: 0 | BytePositionInLine: 1.
   at System.Text.Json.ThrowHelper.ThrowJsonReaderException(Utf8JsonReader& json, ExceptionResource resource, Byte nextByte, ReadOnlySpan`1 bytes)
   at System.Text.Json.Utf8JsonReader.ReadSingleSegment()
   at System.Text.Json.Utf8JsonReader.Read()
   at System.Text.Json.Serialization.Converters.ObjectWithParameterizedConstructorConverter`1.ReadConstructorArgumentsWithContinuation(ReadStack& state, Utf8JsonReader& reader, JsonSerializerOptions options)
   at System.Text.Json.Serialization.Converters.ObjectWithParameterizedConstructorConverter`1.OnTryRead(Utf8JsonReader& reader, Type typeToConvert, JsonSerializerOptions options, ReadStack& state, T& value)
   at System.Text.Json.Serialization.JsonConverter`1.TryRead(Utf8JsonReader& reader, Type typeToConvert, JsonSerializerOptions options, ReadStack& state, T& value, Boolean& isPopulatedValue)
   at System.Text.Json.Serialization.JsonConverter`1.ReadCore(Utf8JsonReader& reader, T& value, JsonSerializerOptions options, ReadStack& state)
   --- End of inner exception stack trace ---
   at System.Text.Json.ThrowHelper.ReThrowWithPath(ReadStack& state, JsonReaderException ex)
   at System.Text.Json.Serialization.JsonConverter`1.ReadCore(Utf8JsonReader& reader, T& value, JsonSerializerOptions options, ReadStack& state)
   at System.Text.Json.Serialization.Metadata.JsonTypeInfo`1.ContinueDeserialize(ReadBufferState& bufferState, JsonReaderState& jsonReaderState, ReadStack& readStack, T& value)
   at System.Text.Json.Serialization.Metadata.JsonTypeInfo`1.DeserializeAsync(Stream utf8Json, CancellationToken cancellationToken)
   at System.Text.Json.Serialization.Metadata.JsonTypeInfo`1.DeserializeAsObjectAsync(Stream utf8Json, CancellationToken cancellationToken)
   at Microsoft.AspNetCore.Http.HttpRequestJsonExtensions.ReadFromJsonAsync(HttpRequest request, JsonTypeInfo jsonTypeInfo, CancellationToken cancellationToken)
   at Microsoft.AspNetCore.Http.HttpRequestJsonExtensions.ReadFromJsonAsync(HttpRequest request, JsonTypeInfo jsonTypeInfo, CancellationToken cancellationToken)
   at Microsoft.AspNetCore.Http.RequestDelegateFactory.<HandleRequestBodyAndCompileRequestDelegateForJson>g__TryReadBodyAsync|101_0(HttpContext httpContext, Type bodyType, String parameterTypeName, String parameterName, Boolean allowEmptyRequestBody, Boolean throwOnBadRequest, JsonTypeInfo jsonTypeInfo)
   --- End of inner exception stack trace ---
   at Microsoft.AspNetCore.Http.RequestDelegateFactory.Log.InvalidJsonRequestBody(HttpContext httpContext, String parameterTypeName, String parameterName, Exception exception, Boolean shouldThrow)
   at Microsoft.AspNetCore.Http.RequestDelegateFactory.<HandleRequestBodyAndCompileRequestDelegateForJson>g__TryReadBodyAsync|101_0(HttpContext httpContext, Type bodyType, String parameterTypeName, String parameterName, Boolean allowEmptyRequestBody, Boolean throwOnBadRequest, JsonTypeInfo jsonTypeInfo)
   at Microsoft.AspNetCore.Http.RequestDelegateFactory.<>c__DisplayClass101_2.<<HandleRequestBodyAndCompileRequestDelegateForJson>b__2>d.MoveNext()
--- End of stack trace from previous location ---
   at Program.<>c.<<<Main>$>b__0_9>d.MoveNext() in C:\Users\8-Bits\Desktop\Sys\SysAssist\src\SysAssist.Api\Program.cs:line 200
--- End of stack trace from previous location ---
   at Microsoft.AspNetCore.Authorization.AuthorizationMiddleware.Invoke(HttpContext context)
   at Microsoft.AspNetCore.RateLimiting.RateLimitingMiddleware.InvokeInternal(HttpContext context, EnableRateLimitingAttribute enableRateLimitingAttribute)
   at Microsoft.AspNetCore.Authentication.AuthenticationMiddleware.Invoke(HttpContext context)
   at Swashbuckle.AspNetCore.SwaggerUI.SwaggerUIMiddleware.Invoke(HttpContext httpContext)
   at Swashbuckle.AspNetCore.Swagger.SwaggerMiddleware.Invoke(HttpContext httpContext, ISwaggerProvider swaggerProvider)
   at Program.<>c.<<<Main>$>b__0_123>d.MoveNext() in C:\Users\8-Bits\Desktop\Sys\SysAssist\src\SysAssist.Api\Program.cs:line 802
--- End of stack trace from previous location ---
   at Serilog.AspNetCore.RequestLoggingMiddleware.Invoke(HttpContext httpContext)
[19:38:31 ERR] HTTP POST /api/auth/login responded 500 in 0.4480 ms
Microsoft.AspNetCore.Http.BadHttpRequestException: Failed to read parameter "LoginRequest request" from the request body as JSON.
 ---> System.Text.Json.JsonException: 'l' is an invalid start of a property name. Expected a '"'. Path: $ | LineNumber: 0 | BytePositionInLine: 1.
 ---> System.Text.Json.JsonReaderException: 'l' is an invalid start of a property name. Expected a '"'. LineNumber: 0 | BytePositionInLine: 1.
   at System.Text.Json.ThrowHelper.ThrowJsonReaderException(Utf8JsonReader& json, ExceptionResource resource, Byte nextByte, ReadOnlySpan`1 bytes)
   at System.Text.Json.Utf8JsonReader.ReadSingleSegment()
   at System.Text.Json.Utf8JsonReader.Read()
   at System.Text.Json.Serialization.Converters.ObjectWithParameterizedConstructorConverter`1.ReadConstructorArgumentsWithContinuation(ReadStack& state, Utf8JsonReader& reader, JsonSerializerOptions options)
   at System.Text.Json.Serialization.Converters.ObjectWithParameterizedConstructorConverter`1.OnTryRead(Utf8JsonReader& reader, Type typeToConvert, JsonSerializerOptions options, ReadStack& state, T& value)
   at System.Text.Json.Serialization.JsonConverter`1.TryRead(Utf8JsonReader& reader, Type typeToConvert, JsonSerializerOptions options, ReadStack& state, T& value, Boolean& isPopulatedValue)
   at System.Text.Json.Serialization.JsonConverter`1.ReadCore(Utf8JsonReader& reader, T& value, JsonSerializerOptions options, ReadStack& state)
   --- End of inner exception stack trace ---
   at System.Text.Json.ThrowHelper.ReThrowWithPath(ReadStack& state, JsonReaderException ex)
   at System.Text.Json.Serialization.JsonConverter`1.ReadCore(Utf8JsonReader& reader, T& value, JsonSerializerOptions options, ReadStack& state)
   at System.Text.Json.Serialization.Metadata.JsonTypeInfo`1.ContinueDeserialize(ReadBufferState& bufferState, JsonReaderState& jsonReaderState, ReadStack& readStack, T& value)
   at System.Text.Json.Serialization.Metadata.JsonTypeInfo`1.DeserializeAsync(Stream utf8Json, CancellationToken cancellationToken)
   at System.Text.Json.Serialization.Metadata.JsonTypeInfo`1.DeserializeAsObjectAsync(Stream utf8Json, CancellationToken cancellationToken)
   at Microsoft.AspNetCore.Http.HttpRequestJsonExtensions.ReadFromJsonAsync(HttpRequest request, JsonTypeInfo jsonTypeInfo, CancellationToken cancellationToken)
   at Microsoft.AspNetCore.Http.HttpRequestJsonExtensions.ReadFromJsonAsync(HttpRequest request, JsonTypeInfo jsonTypeInfo, CancellationToken cancellationToken)
   at Microsoft.AspNetCore.Http.RequestDelegateFactory.<HandleRequestBodyAndCompileRequestDelegateForJson>g__TryReadBodyAsync|101_0(HttpContext httpContext, Type bodyType, String parameterTypeName, String parameterName, Boolean allowEmptyRequestBody, Boolean throwOnBadRequest, JsonTypeInfo jsonTypeInfo)
   --- End of inner exception stack trace ---
   at Microsoft.AspNetCore.Http.RequestDelegateFactory.Log.InvalidJsonRequestBody(HttpContext httpContext, String parameterTypeName, String parameterName, Exception exception, Boolean shouldThrow)
   at Microsoft.AspNetCore.Http.RequestDelegateFactory.<HandleRequestBodyAndCompileRequestDelegateForJson>g__TryReadBodyAsync|101_0(HttpContext httpContext, Type bodyType, String parameterTypeName, String parameterName, Boolean allowEmptyRequestBody, Boolean throwOnBadRequest, JsonTypeInfo jsonTypeInfo)
   at Microsoft.AspNetCore.Http.RequestDelegateFactory.<>c__DisplayClass101_2.<<HandleRequestBodyAndCompileRequestDelegateForJson>b__2>d.MoveNext()
--- End of stack trace from previous location ---
   at Program.<>c.<<<Main>$>b__0_9>d.MoveNext() in C:\Users\8-Bits\Desktop\Sys\SysAssist\src\SysAssist.Api\Program.cs:line 200
--- End of stack trace from previous location ---
   at Microsoft.AspNetCore.Authorization.AuthorizationMiddleware.Invoke(HttpContext context)
   at Microsoft.AspNetCore.RateLimiting.RateLimitingMiddleware.InvokeInternal(HttpContext context, EnableRateLimitingAttribute enableRateLimitingAttribute)
   at Microsoft.AspNetCore.Authentication.AuthenticationMiddleware.Invoke(HttpContext context)
   at Swashbuckle.AspNetCore.SwaggerUI.SwaggerUIMiddleware.Invoke(HttpContext httpContext)
   at Swashbuckle.AspNetCore.Swagger.SwaggerMiddleware.Invoke(HttpContext httpContext, ISwaggerProvider swaggerProvider)
   at Program.<>c.<<<Main>$>b__0_123>d.MoveNext() in C:\Users\8-Bits\Desktop\Sys\SysAssist\src\SysAssist.Api\Program.cs:line 802
--- End of stack trace from previous location ---
   at Serilog.AspNetCore.RequestLoggingMiddleware.Invoke(HttpContext httpContext)
[19:38:32 ERR] HTTP POST /api/auth/login responded 500 in 0.4682 ms
Microsoft.AspNetCore.Http.BadHttpRequestException: Failed to read parameter "LoginRequest request" from the request body as JSON.
 ---> System.Text.Json.JsonException: 'l' is an invalid start of a property name. Expected a '"'. Path: $ | LineNumber: 0 | BytePositionInLine: 1.
 ---> System.Text.Json.JsonReaderException: 'l' is an invalid start of a property name. Expected a '"'. LineNumber: 0 | BytePositionInLine: 1.
   at System.Text.Json.ThrowHelper.ThrowJsonReaderException(Utf8JsonReader& json, ExceptionResource resource, Byte nextByte, ReadOnlySpan`1 bytes)
   at System.Text.Json.Utf8JsonReader.ReadSingleSegment()
   at System.Text.Json.Utf8JsonReader.Read()
   at System.Text.Json.Serialization.Converters.ObjectWithParameterizedConstructorConverter`1.ReadConstructorArgumentsWithContinuation(ReadStack& state, Utf8JsonReader& reader, JsonSerializerOptions options)
   at System.Text.Json.Serialization.Converters.ObjectWithParameterizedConstructorConverter`1.OnTryRead(Utf8JsonReader& reader, Type typeToConvert, JsonSerializerOptions options, ReadStack& state, T& value)
   at System.Text.Json.Serialization.JsonConverter`1.TryRead(Utf8JsonReader& reader, Type typeToConvert, JsonSerializerOptions options, ReadStack& state, T& value, Boolean& isPopulatedValue)
   at System.Text.Json.Serialization.JsonConverter`1.ReadCore(Utf8JsonReader& reader, T& value, JsonSerializerOptions options, ReadStack& state)
   --- End of inner exception stack trace ---
   at System.Text.Json.ThrowHelper.ReThrowWithPath(ReadStack& state, JsonReaderException ex)
   at System.Text.Json.Serialization.JsonConverter`1.ReadCore(Utf8JsonReader& reader, T& value, JsonSerializerOptions options, ReadStack& state)
   at System.Text.Json.Serialization.Metadata.JsonTypeInfo`1.ContinueDeserialize(ReadBufferState& bufferState, JsonReaderState& jsonReaderState, ReadStack& readStack, T& value)
   at System.Text.Json.Serialization.Metadata.JsonTypeInfo`1.DeserializeAsync(Stream utf8Json, CancellationToken cancellationToken)
   at System.Text.Json.Serialization.Metadata.JsonTypeInfo`1.DeserializeAsObjectAsync(Stream utf8Json, CancellationToken cancellationToken)
   at Microsoft.AspNetCore.Http.HttpRequestJsonExtensions.ReadFromJsonAsync(HttpRequest request, JsonTypeInfo jsonTypeInfo, CancellationToken cancellationToken)
   at Microsoft.AspNetCore.Http.HttpRequestJsonExtensions.ReadFromJsonAsync(HttpRequest request, JsonTypeInfo jsonTypeInfo, CancellationToken cancellationToken)
   at Microsoft.AspNetCore.Http.RequestDelegateFactory.<HandleRequestBodyAndCompileRequestDelegateForJson>g__TryReadBodyAsync|101_0(HttpContext httpContext, Type bodyType, String parameterTypeName, String parameterName, Boolean allowEmptyRequestBody, Boolean throwOnBadRequest, JsonTypeInfo jsonTypeInfo)
   --- End of inner exception stack trace ---
   at Microsoft.AspNetCore.Http.RequestDelegateFactory.Log.InvalidJsonRequestBody(HttpContext httpContext, String parameterTypeName, String parameterName, Exception exception, Boolean shouldThrow)
   at Microsoft.AspNetCore.Http.RequestDelegateFactory.<HandleRequestBodyAndCompileRequestDelegateForJson>g__TryReadBodyAsync|101_0(HttpContext httpContext, Type bodyType, String parameterTypeName, String parameterName, Boolean allowEmptyRequestBody, Boolean throwOnBadRequest, JsonTypeInfo jsonTypeInfo)
   at Microsoft.AspNetCore.Http.RequestDelegateFactory.<>c__DisplayClass101_2.<<HandleRequestBodyAndCompileRequestDelegateForJson>b__2>d.MoveNext()
--- End of stack trace from previous location ---
   at Program.<>c.<<<Main>$>b__0_9>d.MoveNext() in C:\Users\8-Bits\Desktop\Sys\SysAssist\src\SysAssist.Api\Program.cs:line 200
--- End of stack trace from previous location ---
   at Microsoft.AspNetCore.Authorization.AuthorizationMiddleware.Invoke(HttpContext context)
   at Microsoft.AspNetCore.RateLimiting.RateLimitingMiddleware.InvokeInternal(HttpContext context, EnableRateLimitingAttribute enableRateLimitingAttribute)
   at Microsoft.AspNetCore.Authentication.AuthenticationMiddleware.Invoke(HttpContext context)
   at Swashbuckle.AspNetCore.SwaggerUI.SwaggerUIMiddleware.Invoke(HttpContext httpContext)
   at Swashbuckle.AspNetCore.Swagger.SwaggerMiddleware.Invoke(HttpContext httpContext, ISwaggerProvider swaggerProvider)
   at Program.<>c.<<<Main>$>b__0_123>d.MoveNext() in C:\Users\8-Bits\Desktop\Sys\SysAssist\src\SysAssist.Api\Program.cs:line 802
--- End of stack trace from previous location ---
   at Serilog.AspNetCore.RequestLoggingMiddleware.Invoke(HttpContext httpContext)
[19:38:33 ERR] HTTP POST /api/auth/login responded 500 in 0.4625 ms
Microsoft.AspNetCore.Http.BadHttpRequestException: Failed to read parameter "LoginRequest request" from the request body as JSON.
 ---> System.Text.Json.JsonException: 'l' is an invalid start of a property name. Expected a '"'. Path: $ | LineNumber: 0 | BytePositionInLine: 1.
 ---> System.Text.Json.JsonReaderException: 'l' is an invalid start of a property name. Expected a '"'. LineNumber: 0 | BytePositionInLine: 1.
   at System.Text.Json.ThrowHelper.ThrowJsonReaderException(Utf8JsonReader& json, ExceptionResource resource, Byte nextByte, ReadOnlySpan`1 bytes)
   at System.Text.Json.Utf8JsonReader.ReadSingleSegment()
   at System.Text.Json.Utf8JsonReader.Read()
   at System.Text.Json.Serialization.Converters.ObjectWithParameterizedConstructorConverter`1.ReadConstructorArgumentsWithContinuation(ReadStack& state, Utf8JsonReader& reader, JsonSerializerOptions options)
   at System.Text.Json.Serialization.Converters.ObjectWithParameterizedConstructorConverter`1.OnTryRead(Utf8JsonReader& reader, Type typeToConvert, JsonSerializerOptions options, ReadStack& state, T& value)
   at System.Text.Json.Serialization.JsonConverter`1.TryRead(Utf8JsonReader& reader, Type typeToConvert, JsonSerializerOptions options, ReadStack& state, T& value, Boolean& isPopulatedValue)
   at System.Text.Json.Serialization.JsonConverter`1.ReadCore(Utf8JsonReader& reader, T& value, JsonSerializerOptions options, ReadStack& state)
   --- End of inner exception stack trace ---
   at System.Text.Json.ThrowHelper.ReThrowWithPath(ReadStack& state, JsonReaderException ex)
   at System.Text.Json.Serialization.JsonConverter`1.ReadCore(Utf8JsonReader& reader, T& value, JsonSerializerOptions options, ReadStack& state)
   at System.Text.Json.Serialization.Metadata.JsonTypeInfo`1.ContinueDeserialize(ReadBufferState& bufferState, JsonReaderState& jsonReaderState, ReadStack& readStack, T& value)
   at System.Text.Json.Serialization.Metadata.JsonTypeInfo`1.DeserializeAsync(Stream utf8Json, CancellationToken cancellationToken)
   at System.Text.Json.Serialization.Metadata.JsonTypeInfo`1.DeserializeAsObjectAsync(Stream utf8Json, CancellationToken cancellationToken)
   at Microsoft.AspNetCore.Http.HttpRequestJsonExtensions.ReadFromJsonAsync(HttpRequest request, JsonTypeInfo jsonTypeInfo, CancellationToken cancellationToken)
   at Microsoft.AspNetCore.Http.HttpRequestJsonExtensions.ReadFromJsonAsync(HttpRequest request, JsonTypeInfo jsonTypeInfo, CancellationToken cancellationToken)
   at Microsoft.AspNetCore.Http.RequestDelegateFactory.<HandleRequestBodyAndCompileRequestDelegateForJson>g__TryReadBodyAsync|101_0(HttpContext httpContext, Type bodyType, String parameterTypeName, String parameterName, Boolean allowEmptyRequestBody, Boolean throwOnBadRequest, JsonTypeInfo jsonTypeInfo)
   --- End of inner exception stack trace ---
   at Microsoft.AspNetCore.Http.RequestDelegateFactory.Log.InvalidJsonRequestBody(HttpContext httpContext, String parameterTypeName, String parameterName, Exception exception, Boolean shouldThrow)
   at Microsoft.AspNetCore.Http.RequestDelegateFactory.<HandleRequestBodyAndCompileRequestDelegateForJson>g__TryReadBodyAsync|101_0(HttpContext httpContext, Type bodyType, String parameterTypeName, String parameterName, Boolean allowEmptyRequestBody, Boolean throwOnBadRequest, JsonTypeInfo jsonTypeInfo)
   at Microsoft.AspNetCore.Http.RequestDelegateFactory.<>c__DisplayClass101_2.<<HandleRequestBodyAndCompileRequestDelegateForJson>b__2>d.MoveNext()
--- End of stack trace from previous location ---
   at Program.<>c.<<<Main>$>b__0_9>d.MoveNext() in C:\Users\8-Bits\Desktop\Sys\SysAssist\src\SysAssist.Api\Program.cs:line 200
--- End of stack trace from previous location ---
   at Microsoft.AspNetCore.Authorization.AuthorizationMiddleware.Invoke(HttpContext context)
   at Microsoft.AspNetCore.RateLimiting.RateLimitingMiddleware.InvokeInternal(HttpContext context, EnableRateLimitingAttribute enableRateLimitingAttribute)
   at Microsoft.AspNetCore.Authentication.AuthenticationMiddleware.Invoke(HttpContext context)
   at Swashbuckle.AspNetCore.SwaggerUI.SwaggerUIMiddleware.Invoke(HttpContext httpContext)
   at Swashbuckle.AspNetCore.Swagger.SwaggerMiddleware.Invoke(HttpContext httpContext, ISwaggerProvider swaggerProvider)
   at Program.<>c.<<<Main>$>b__0_123>d.MoveNext() in C:\Users\8-Bits\Desktop\Sys\SysAssist\src\SysAssist.Api\Program.cs:line 802
--- End of stack trace from previous location ---
   at Serilog.AspNetCore.RequestLoggingMiddleware.Invoke(HttpContext httpContext)
[19:38:33 ERR] HTTP POST /api/auth/login responded 500 in 0.4051 ms
Microsoft.AspNetCore.Http.BadHttpRequestException: Failed to read parameter "LoginRequest request" from the request body as JSON.
 ---> System.Text.Json.JsonException: 'l' is an invalid start of a property name. Expected a '"'. Path: $ | LineNumber: 0 | BytePositionInLine: 1.
 ---> System.Text.Json.JsonReaderException: 'l' is an invalid start of a property name. Expected a '"'. LineNumber: 0 | BytePositionInLine: 1.
   at System.Text.Json.ThrowHelper.ThrowJsonReaderException(Utf8JsonReader& json, ExceptionResource resource, Byte nextByte, ReadOnlySpan`1 bytes)
   at System.Text.Json.Utf8JsonReader.ReadSingleSegment()
   at System.Text.Json.Utf8JsonReader.Read()
   at System.Text.Json.Serialization.Converters.ObjectWithParameterizedConstructorConverter`1.ReadConstructorArgumentsWithContinuation(ReadStack& state, Utf8JsonReader& reader, JsonSerializerOptions options)
   at System.Text.Json.Serialization.Converters.ObjectWithParameterizedConstructorConverter`1.OnTryRead(Utf8JsonReader& reader, Type typeToConvert, JsonSerializerOptions options, ReadStack& state, T& value)
   at System.Text.Json.Serialization.JsonConverter`1.TryRead(Utf8JsonReader& reader, Type typeToConvert, JsonSerializerOptions options, ReadStack& state, T& value, Boolean& isPopulatedValue)
   at System.Text.Json.Serialization.JsonConverter`1.ReadCore(Utf8JsonReader& reader, T& value, JsonSerializerOptions options, ReadStack& state)
   --- End of inner exception stack trace ---
   at System.Text.Json.ThrowHelper.ReThrowWithPath(ReadStack& state, JsonReaderException ex)
   at System.Text.Json.Serialization.JsonConverter`1.ReadCore(Utf8JsonReader& reader, T& value, JsonSerializerOptions options, ReadStack& state)
   at System.Text.Json.Serialization.Metadata.JsonTypeInfo`1.ContinueDeserialize(ReadBufferState& bufferState, JsonReaderState& jsonReaderState, ReadStack& readStack, T& value)
   at System.Text.Json.Serialization.Metadata.JsonTypeInfo`1.DeserializeAsync(Stream utf8Json, CancellationToken cancellationToken)
   at System.Text.Json.Serialization.Metadata.JsonTypeInfo`1.DeserializeAsObjectAsync(Stream utf8Json, CancellationToken cancellationToken)
   at Microsoft.AspNetCore.Http.HttpRequestJsonExtensions.ReadFromJsonAsync(HttpRequest request, JsonTypeInfo jsonTypeInfo, CancellationToken cancellationToken)
   at Microsoft.AspNetCore.Http.HttpRequestJsonExtensions.ReadFromJsonAsync(HttpRequest request, JsonTypeInfo jsonTypeInfo, CancellationToken cancellationToken)
   at Microsoft.AspNetCore.Http.RequestDelegateFactory.<HandleRequestBodyAndCompileRequestDelegateForJson>g__TryReadBodyAsync|101_0(HttpContext httpContext, Type bodyType, String parameterTypeName, String parameterName, Boolean allowEmptyRequestBody, Boolean throwOnBadRequest, JsonTypeInfo jsonTypeInfo)
   --- End of inner exception stack trace ---
   at Microsoft.AspNetCore.Http.RequestDelegateFactory.Log.InvalidJsonRequestBody(HttpContext httpContext, String parameterTypeName, String parameterName, Exception exception, Boolean shouldThrow)
   at Microsoft.AspNetCore.Http.RequestDelegateFactory.<HandleRequestBodyAndCompileRequestDelegateForJson>g__TryReadBodyAsync|101_0(HttpContext httpContext, Type bodyType, String parameterTypeName, String parameterName, Boolean allowEmptyRequestBody, Boolean throwOnBadRequest, JsonTypeInfo jsonTypeInfo)
   at Microsoft.AspNetCore.Http.RequestDelegateFactory.<>c__DisplayClass101_2.<<HandleRequestBodyAndCompileRequestDelegateForJson>b__2>d.MoveNext()
--- End of stack trace from previous location ---
   at Program.<>c.<<<Main>$>b__0_9>d.MoveNext() in C:\Users\8-Bits\Desktop\Sys\SysAssist\src\SysAssist.Api\Program.cs:line 200
--- End of stack trace from previous location ---
   at Microsoft.AspNetCore.Authorization.AuthorizationMiddleware.Invoke(HttpContext context)
   at Microsoft.AspNetCore.RateLimiting.RateLimitingMiddleware.InvokeInternal(HttpContext context, EnableRateLimitingAttribute enableRateLimitingAttribute)
   at Microsoft.AspNetCore.Authentication.AuthenticationMiddleware.Invoke(HttpContext context)
   at Swashbuckle.AspNetCore.SwaggerUI.SwaggerUIMiddleware.Invoke(HttpContext httpContext)
   at Swashbuckle.AspNetCore.Swagger.SwaggerMiddleware.Invoke(HttpContext httpContext, ISwaggerProvider swaggerProvider)
   at Program.<>c.<<<Main>$>b__0_123>d.MoveNext() in C:\Users\8-Bits\Desktop\Sys\SysAssist\src\SysAssist.Api\Program.cs:line 802
--- End of stack trace from previous location ---
   at Serilog.AspNetCore.RequestLoggingMiddleware.Invoke(HttpContext httpContext)
[19:38:34 ERR] HTTP POST /api/auth/login responded 500 in 0.4269 ms
Microsoft.AspNetCore.Http.BadHttpRequestException: Failed to read parameter "LoginRequest request" from the request body as JSON.
 ---> System.Text.Json.JsonException: 'l' is an invalid start of a property name. Expected a '"'. Path: $ | LineNumber: 0 | BytePositionInLine: 1.
 ---> System.Text.Json.JsonReaderException: 'l' is an invalid start of a property name. Expected a '"'. LineNumber: 0 | BytePositionInLine: 1.
   at System.Text.Json.ThrowHelper.ThrowJsonReaderException(Utf8JsonReader& json, ExceptionResource resource, Byte nextByte, ReadOnlySpan`1 bytes)
   at System.Text.Json.Utf8JsonReader.ReadSingleSegment()
   at System.Text.Json.Utf8JsonReader.Read()
   at System.Text.Json.Serialization.Converters.ObjectWithParameterizedConstructorConverter`1.ReadConstructorArgumentsWithContinuation(ReadStack& state, Utf8JsonReader& reader, JsonSerializerOptions options)
   at System.Text.Json.Serialization.Converters.ObjectWithParameterizedConstructorConverter`1.OnTryRead(Utf8JsonReader& reader, Type typeToConvert, JsonSerializerOptions options, ReadStack& state, T& value)
   at System.Text.Json.Serialization.JsonConverter`1.TryRead(Utf8JsonReader& reader, Type typeToConvert, JsonSerializerOptions options, ReadStack& state, T& value, Boolean& isPopulatedValue)
   at System.Text.Json.Serialization.JsonConverter`1.ReadCore(Utf8JsonReader& reader, T& value, JsonSerializerOptions options, ReadStack& state)
   --- End of inner exception stack trace ---
   at System.Text.Json.ThrowHelper.ReThrowWithPath(ReadStack& state, JsonReaderException ex)
   at System.Text.Json.Serialization.JsonConverter`1.ReadCore(Utf8JsonReader& reader, T& value, JsonSerializerOptions options, ReadStack& state)
   at System.Text.Json.Serialization.Metadata.JsonTypeInfo`1.ContinueDeserialize(ReadBufferState& bufferState, JsonReaderState& jsonReaderState, ReadStack& readStack, T& value)
   at System.Text.Json.Serialization.Metadata.JsonTypeInfo`1.DeserializeAsync(Stream utf8Json, CancellationToken cancellationToken)
   at System.Text.Json.Serialization.Metadata.JsonTypeInfo`1.DeserializeAsObjectAsync(Stream utf8Json, CancellationToken cancellationToken)
   at Microsoft.AspNetCore.Http.HttpRequestJsonExtensions.ReadFromJsonAsync(HttpRequest request, JsonTypeInfo jsonTypeInfo, CancellationToken cancellationToken)
   at Microsoft.AspNetCore.Http.HttpRequestJsonExtensions.ReadFromJsonAsync(HttpRequest request, JsonTypeInfo jsonTypeInfo, CancellationToken cancellationToken)
   at Microsoft.AspNetCore.Http.RequestDelegateFactory.<HandleRequestBodyAndCompileRequestDelegateForJson>g__TryReadBodyAsync|101_0(HttpContext httpContext, Type bodyType, String parameterTypeName, String parameterName, Boolean allowEmptyRequestBody, Boolean throwOnBadRequest, JsonTypeInfo jsonTypeInfo)
   --- End of inner exception stack trace ---
   at Microsoft.AspNetCore.Http.RequestDelegateFactory.Log.InvalidJsonRequestBody(HttpContext httpContext, String parameterTypeName, String parameterName, Exception exception, Boolean shouldThrow)
   at Microsoft.AspNetCore.Http.RequestDelegateFactory.<HandleRequestBodyAndCompileRequestDelegateForJson>g__TryReadBodyAsync|101_0(HttpContext httpContext, Type bodyType, String parameterTypeName, String parameterName, Boolean allowEmptyRequestBody, Boolean throwOnBadRequest, JsonTypeInfo jsonTypeInfo)
   at Microsoft.AspNetCore.Http.RequestDelegateFactory.<>c__DisplayClass101_2.<<HandleRequestBodyAndCompileRequestDelegateForJson>b__2>d.MoveNext()
--- End of stack trace from previous location ---
   at Program.<>c.<<<Main>$>b__0_9>d.MoveNext() in C:\Users\8-Bits\Desktop\Sys\SysAssist\src\SysAssist.Api\Program.cs:line 200
--- End of stack trace from previous location ---
   at Microsoft.AspNetCore.Authorization.AuthorizationMiddleware.Invoke(HttpContext context)
   at Microsoft.AspNetCore.RateLimiting.RateLimitingMiddleware.InvokeInternal(HttpContext context, EnableRateLimitingAttribute enableRateLimitingAttribute)
   at Microsoft.AspNetCore.Authentication.AuthenticationMiddleware.Invoke(HttpContext context)
   at Swashbuckle.AspNetCore.SwaggerUI.SwaggerUIMiddleware.Invoke(HttpContext httpContext)
   at Swashbuckle.AspNetCore.Swagger.SwaggerMiddleware.Invoke(HttpContext httpContext, ISwaggerProvider swaggerProvider)
   at Program.<>c.<<<Main>$>b__0_123>d.MoveNext() in C:\Users\8-Bits\Desktop\Sys\SysAssist\src\SysAssist.Api\Program.cs:line 802
--- End of stack trace from previous location ---
   at Serilog.AspNetCore.RequestLoggingMiddleware.Invoke(HttpContext httpContext)
[19:38:34 ERR] HTTP POST /api/auth/login responded 500 in 0.5670 ms
Microsoft.AspNetCore.Http.BadHttpRequestException: Failed to read parameter "LoginRequest request" from the request body as JSON.
 ---> System.Text.Json.JsonException: 'l' is an invalid start of a property name. Expected a '"'. Path: $ | LineNumber: 0 | BytePositionInLine: 1.
 ---> System.Text.Json.JsonReaderException: 'l' is an invalid start of a property name. Expected a '"'. LineNumber: 0 | BytePositionInLine: 1.
   at System.Text.Json.ThrowHelper.ThrowJsonReaderException(Utf8JsonReader& json, ExceptionResource resource, Byte nextByte, ReadOnlySpan`1 bytes)
   at System.Text.Json.Utf8JsonReader.ReadSingleSegment()
   at System.Text.Json.Utf8JsonReader.Read()
   at System.Text.Json.Serialization.Converters.ObjectWithParameterizedConstructorConverter`1.ReadConstructorArgumentsWithContinuation(ReadStack& state, Utf8JsonReader& reader, JsonSerializerOptions options)
   at System.Text.Json.Serialization.Converters.ObjectWithParameterizedConstructorConverter`1.OnTryRead(Utf8JsonReader& reader, Type typeToConvert, JsonSerializerOptions options, ReadStack& state, T& value)
   at System.Text.Json.Serialization.JsonConverter`1.TryRead(Utf8JsonReader& reader, Type typeToConvert, JsonSerializerOptions options, ReadStack& state, T& value, Boolean& isPopulatedValue)
   at System.Text.Json.Serialization.JsonConverter`1.ReadCore(Utf8JsonReader& reader, T& value, JsonSerializerOptions options, ReadStack& state)
   --- End of inner exception stack trace ---
   at System.Text.Json.ThrowHelper.ReThrowWithPath(ReadStack& state, JsonReaderException ex)
   at System.Text.Json.Serialization.JsonConverter`1.ReadCore(Utf8JsonReader& reader, T& value, JsonSerializerOptions options, ReadStack& state)
   at System.Text.Json.Serialization.Metadata.JsonTypeInfo`1.ContinueDeserialize(ReadBufferState& bufferState, JsonReaderState& jsonReaderState, ReadStack& readStack, T& value)
   at System.Text.Json.Serialization.Metadata.JsonTypeInfo`1.DeserializeAsync(Stream utf8Json, CancellationToken cancellationToken)
   at System.Text.Json.Serialization.Metadata.JsonTypeInfo`1.DeserializeAsObjectAsync(Stream utf8Json, CancellationToken cancellationToken)
   at Microsoft.AspNetCore.Http.HttpRequestJsonExtensions.ReadFromJsonAsync(HttpRequest request, JsonTypeInfo jsonTypeInfo, CancellationToken cancellationToken)
   at Microsoft.AspNetCore.Http.HttpRequestJsonExtensions.ReadFromJsonAsync(HttpRequest request, JsonTypeInfo jsonTypeInfo, CancellationToken cancellationToken)
   at Microsoft.AspNetCore.Http.RequestDelegateFactory.<HandleRequestBodyAndCompileRequestDelegateForJson>g__TryReadBodyAsync|101_0(HttpContext httpContext, Type bodyType, String parameterTypeName, String parameterName, Boolean allowEmptyRequestBody, Boolean throwOnBadRequest, JsonTypeInfo jsonTypeInfo)
   --- End of inner exception stack trace ---
   at Microsoft.AspNetCore.Http.RequestDelegateFactory.Log.InvalidJsonRequestBody(HttpContext httpContext, String parameterTypeName, String parameterName, Exception exception, Boolean shouldThrow)
   at Microsoft.AspNetCore.Http.RequestDelegateFactory.<HandleRequestBodyAndCompileRequestDelegateForJson>g__TryReadBodyAsync|101_0(HttpContext httpContext, Type bodyType, String parameterTypeName, String parameterName, Boolean allowEmptyRequestBody, Boolean throwOnBadRequest, JsonTypeInfo jsonTypeInfo)
   at Microsoft.AspNetCore.Http.RequestDelegateFactory.<>c__DisplayClass101_2.<<HandleRequestBodyAndCompileRequestDelegateForJson>b__2>d.MoveNext()
--- End of stack trace from previous location ---
   at Program.<>c.<<<Main>$>b__0_9>d.MoveNext() in C:\Users\8-Bits\Desktop\Sys\SysAssist\src\SysAssist.Api\Program.cs:line 200
--- End of stack trace from previous location ---
   at Microsoft.AspNetCore.Authorization.AuthorizationMiddleware.Invoke(HttpContext context)
   at Microsoft.AspNetCore.RateLimiting.RateLimitingMiddleware.InvokeInternal(HttpContext context, EnableRateLimitingAttribute enableRateLimitingAttribute)
   at Microsoft.AspNetCore.Authentication.AuthenticationMiddleware.Invoke(HttpContext context)
   at Swashbuckle.AspNetCore.SwaggerUI.SwaggerUIMiddleware.Invoke(HttpContext httpContext)
   at Swashbuckle.AspNetCore.Swagger.SwaggerMiddleware.Invoke(HttpContext httpContext, ISwaggerProvider swaggerProvider)
   at Program.<>c.<<<Main>$>b__0_123>d.MoveNext() in C:\Users\8-Bits\Desktop\Sys\SysAssist\src\SysAssist.Api\Program.cs:line 802
--- End of stack trace from previous location ---
   at Serilog.AspNetCore.RequestLoggingMiddleware.Invoke(HttpContext httpContext)
[19:38:35 ERR] HTTP POST /api/auth/login responded 500 in 0.3807 ms
Microsoft.AspNetCore.Http.BadHttpRequestException: Failed to read parameter "LoginRequest request" from the request body as JSON.
 ---> System.Text.Json.JsonException: 'l' is an invalid start of a property name. Expected a '"'. Path: $ | LineNumber: 0 | BytePositionInLine: 1.
 ---> System.Text.Json.JsonReaderException: 'l' is an invalid start of a property name. Expected a '"'. LineNumber: 0 | BytePositionInLine: 1.
   at System.Text.Json.ThrowHelper.ThrowJsonReaderException(Utf8JsonReader& json, ExceptionResource resource, Byte nextByte, ReadOnlySpan`1 bytes)
   at System.Text.Json.Utf8JsonReader.ReadSingleSegment()
   at System.Text.Json.Utf8JsonReader.Read()
   at System.Text.Json.Serialization.Converters.ObjectWithParameterizedConstructorConverter`1.ReadConstructorArgumentsWithContinuation(ReadStack& state, Utf8JsonReader& reader, JsonSerializerOptions options)
   at System.Text.Json.Serialization.Converters.ObjectWithParameterizedConstructorConverter`1.OnTryRead(Utf8JsonReader& reader, Type typeToConvert, JsonSerializerOptions options, ReadStack& state, T& value)
   at System.Text.Json.Serialization.JsonConverter`1.TryRead(Utf8JsonReader& reader, Type typeToConvert, JsonSerializerOptions options, ReadStack& state, T& value, Boolean& isPopulatedValue)
   at System.Text.Json.Serialization.JsonConverter`1.ReadCore(Utf8JsonReader& reader, T& value, JsonSerializerOptions options, ReadStack& state)
   --- End of inner exception stack trace ---
   at System.Text.Json.ThrowHelper.ReThrowWithPath(ReadStack& state, JsonReaderException ex)
   at System.Text.Json.Serialization.JsonConverter`1.ReadCore(Utf8JsonReader& reader, T& value, JsonSerializerOptions options, ReadStack& state)
   at System.Text.Json.Serialization.Metadata.JsonTypeInfo`1.ContinueDeserialize(ReadBufferState& bufferState, JsonReaderState& jsonReaderState, ReadStack& readStack, T& value)
   at System.Text.Json.Serialization.Metadata.JsonTypeInfo`1.DeserializeAsync(Stream utf8Json, CancellationToken cancellationToken)
   at System.Text.Json.Serialization.Metadata.JsonTypeInfo`1.DeserializeAsObjectAsync(Stream utf8Json, CancellationToken cancellationToken)
   at Microsoft.AspNetCore.Http.HttpRequestJsonExtensions.ReadFromJsonAsync(HttpRequest request, JsonTypeInfo jsonTypeInfo, CancellationToken cancellationToken)
   at Microsoft.AspNetCore.Http.HttpRequestJsonExtensions.ReadFromJsonAsync(HttpRequest request, JsonTypeInfo jsonTypeInfo, CancellationToken cancellationToken)
   at Microsoft.AspNetCore.Http.RequestDelegateFactory.<HandleRequestBodyAndCompileRequestDelegateForJson>g__TryReadBodyAsync|101_0(HttpContext httpContext, Type bodyType, String parameterTypeName, String parameterName, Boolean allowEmptyRequestBody, Boolean throwOnBadRequest, JsonTypeInfo jsonTypeInfo)
   --- End of inner exception stack trace ---
   at Microsoft.AspNetCore.Http.RequestDelegateFactory.Log.InvalidJsonRequestBody(HttpContext httpContext, String parameterTypeName, String parameterName, Exception exception, Boolean shouldThrow)
   at Microsoft.AspNetCore.Http.RequestDelegateFactory.<HandleRequestBodyAndCompileRequestDelegateForJson>g__TryReadBodyAsync|101_0(HttpContext httpContext, Type bodyType, String parameterTypeName, String parameterName, Boolean allowEmptyRequestBody, Boolean throwOnBadRequest, JsonTypeInfo jsonTypeInfo)
   at Microsoft.AspNetCore.Http.RequestDelegateFactory.<>c__DisplayClass101_2.<<HandleRequestBodyAndCompileRequestDelegateForJson>b__2>d.MoveNext()
--- End of stack trace from previous location ---
   at Program.<>c.<<<Main>$>b__0_9>d.MoveNext() in C:\Users\8-Bits\Desktop\Sys\SysAssist\src\SysAssist.Api\Program.cs:line 200
--- End of stack trace from previous location ---
   at Microsoft.AspNetCore.Authorization.AuthorizationMiddleware.Invoke(HttpContext context)
   at Microsoft.AspNetCore.RateLimiting.RateLimitingMiddleware.InvokeInternal(HttpContext context, EnableRateLimitingAttribute enableRateLimitingAttribute)
   at Microsoft.AspNetCore.Authentication.AuthenticationMiddleware.Invoke(HttpContext context)
   at Swashbuckle.AspNetCore.SwaggerUI.SwaggerUIMiddleware.Invoke(HttpContext httpContext)
   at Swashbuckle.AspNetCore.Swagger.SwaggerMiddleware.Invoke(HttpContext httpContext, ISwaggerProvider swaggerProvider)
   at Program.<>c.<<<Main>$>b__0_123>d.MoveNext() in C:\Users\8-Bits\Desktop\Sys\SysAssist\src\SysAssist.Api\Program.cs:line 802
--- End of stack trace from previous location ---
   at Serilog.AspNetCore.RequestLoggingMiddleware.Invoke(HttpContext httpContext)
[19:38:35 ERR] HTTP POST /api/auth/login responded 500 in 0.4102 ms
Microsoft.AspNetCore.Http.BadHttpRequestException: Failed to read parameter "LoginRequest request" from the request body as JSON.
 ---> System.Text.Json.JsonException: 'l' is an invalid start of a property name. Expected a '"'. Path: $ | LineNumber: 0 | BytePositionInLine: 1.
 ---> System.Text.Json.JsonReaderException: 'l' is an invalid start of a property name. Expected a '"'. LineNumber: 0 | BytePositionInLine: 1.
   at System.Text.Json.ThrowHelper.ThrowJsonReaderException(Utf8JsonReader& json, ExceptionResource resource, Byte nextByte, ReadOnlySpan`1 bytes)
   at System.Text.Json.Utf8JsonReader.ReadSingleSegment()
   at System.Text.Json.Utf8JsonReader.Read()
   at System.Text.Json.Serialization.Converters.ObjectWithParameterizedConstructorConverter`1.ReadConstructorArgumentsWithContinuation(ReadStack& state, Utf8JsonReader& reader, JsonSerializerOptions options)
   at System.Text.Json.Serialization.Converters.ObjectWithParameterizedConstructorConverter`1.OnTryRead(Utf8JsonReader& reader, Type typeToConvert, JsonSerializerOptions options, ReadStack& state, T& value)
   at System.Text.Json.Serialization.JsonConverter`1.TryRead(Utf8JsonReader& reader, Type typeToConvert, JsonSerializerOptions options, ReadStack& state, T& value, Boolean& isPopulatedValue)
   at System.Text.Json.Serialization.JsonConverter`1.ReadCore(Utf8JsonReader& reader, T& value, JsonSerializerOptions options, ReadStack& state)
   --- End of inner exception stack trace ---
   at System.Text.Json.ThrowHelper.ReThrowWithPath(ReadStack& state, JsonReaderException ex)
   at System.Text.Json.Serialization.JsonConverter`1.ReadCore(Utf8JsonReader& reader, T& value, JsonSerializerOptions options, ReadStack& state)
   at System.Text.Json.Serialization.Metadata.JsonTypeInfo`1.ContinueDeserialize(ReadBufferState& bufferState, JsonReaderState& jsonReaderState, ReadStack& readStack, T& value)
   at System.Text.Json.Serialization.Metadata.JsonTypeInfo`1.DeserializeAsync(Stream utf8Json, CancellationToken cancellationToken)
   at System.Text.Json.Serialization.Metadata.JsonTypeInfo`1.DeserializeAsObjectAsync(Stream utf8Json, CancellationToken cancellationToken)
   at Microsoft.AspNetCore.Http.HttpRequestJsonExtensions.ReadFromJsonAsync(HttpRequest request, JsonTypeInfo jsonTypeInfo, CancellationToken cancellationToken)
   at Microsoft.AspNetCore.Http.HttpRequestJsonExtensions.ReadFromJsonAsync(HttpRequest request, JsonTypeInfo jsonTypeInfo, CancellationToken cancellationToken)
   at Microsoft.AspNetCore.Http.RequestDelegateFactory.<HandleRequestBodyAndCompileRequestDelegateForJson>g__TryReadBodyAsync|101_0(HttpContext httpContext, Type bodyType, String parameterTypeName, String parameterName, Boolean allowEmptyRequestBody, Boolean throwOnBadRequest, JsonTypeInfo jsonTypeInfo)
   --- End of inner exception stack trace ---
   at Microsoft.AspNetCore.Http.RequestDelegateFactory.Log.InvalidJsonRequestBody(HttpContext httpContext, String parameterTypeName, String parameterName, Exception exception, Boolean shouldThrow)
   at Microsoft.AspNetCore.Http.RequestDelegateFactory.<HandleRequestBodyAndCompileRequestDelegateForJson>g__TryReadBodyAsync|101_0(HttpContext httpContext, Type bodyType, String parameterTypeName, String parameterName, Boolean allowEmptyRequestBody, Boolean throwOnBadRequest, JsonTypeInfo jsonTypeInfo)
   at Microsoft.AspNetCore.Http.RequestDelegateFactory.<>c__DisplayClass101_2.<<HandleRequestBodyAndCompileRequestDelegateForJson>b__2>d.MoveNext()
--- End of stack trace from previous location ---
   at Program.<>c.<<<Main>$>b__0_9>d.MoveNext() in C:\Users\8-Bits\Desktop\Sys\SysAssist\src\SysAssist.Api\Program.cs:line 200
--- End of stack trace from previous location ---
   at Microsoft.AspNetCore.Authorization.AuthorizationMiddleware.Invoke(HttpContext context)
   at Microsoft.AspNetCore.RateLimiting.RateLimitingMiddleware.InvokeInternal(HttpContext context, EnableRateLimitingAttribute enableRateLimitingAttribute)
   at Microsoft.AspNetCore.Authentication.AuthenticationMiddleware.Invoke(HttpContext context)
   at Swashbuckle.AspNetCore.SwaggerUI.SwaggerUIMiddleware.Invoke(HttpContext httpContext)
   at Swashbuckle.AspNetCore.Swagger.SwaggerMiddleware.Invoke(HttpContext httpContext, ISwaggerProvider swaggerProvider)
   at Program.<>c.<<<Main>$>b__0_123>d.MoveNext() in C:\Users\8-Bits\Desktop\Sys\SysAssist\src\SysAssist.Api\Program.cs:line 802
--- End of stack trace from previous location ---
   at Serilog.AspNetCore.RequestLoggingMiddleware.Invoke(HttpContext httpContext)
[19:38:36 ERR] HTTP POST /api/auth/login responded 500 in 0.4264 ms
Microsoft.AspNetCore.Http.BadHttpRequestException: Failed to read parameter "LoginRequest request" from the request body as JSON.
 ---> System.Text.Json.JsonException: 'l' is an invalid start of a property name. Expected a '"'. Path: $ | LineNumber: 0 | BytePositionInLine: 1.
 ---> System.Text.Json.JsonReaderException: 'l' is an invalid start of a property name. Expected a '"'. LineNumber: 0 | BytePositionInLine: 1.
   at System.Text.Json.ThrowHelper.ThrowJsonReaderException(Utf8JsonReader& json, ExceptionResource resource, Byte nextByte, ReadOnlySpan`1 bytes)
   at System.Text.Json.Utf8JsonReader.ReadSingleSegment()
   at System.Text.Json.Utf8JsonReader.Read()
   at System.Text.Json.Serialization.Converters.ObjectWithParameterizedConstructorConverter`1.ReadConstructorArgumentsWithContinuation(ReadStack& state, Utf8JsonReader& reader, JsonSerializerOptions options)
   at System.Text.Json.Serialization.Converters.ObjectWithParameterizedConstructorConverter`1.OnTryRead(Utf8JsonReader& reader, Type typeToConvert, JsonSerializerOptions options, ReadStack& state, T& value)
   at System.Text.Json.Serialization.JsonConverter`1.TryRead(Utf8JsonReader& reader, Type typeToConvert, JsonSerializerOptions options, ReadStack& state, T& value, Boolean& isPopulatedValue)
   at System.Text.Json.Serialization.JsonConverter`1.ReadCore(Utf8JsonReader& reader, T& value, JsonSerializerOptions options, ReadStack& state)
   --- End of inner exception stack trace ---
   at System.Text.Json.ThrowHelper.ReThrowWithPath(ReadStack& state, JsonReaderException ex)
   at System.Text.Json.Serialization.JsonConverter`1.ReadCore(Utf8JsonReader& reader, T& value, JsonSerializerOptions options, ReadStack& state)
   at System.Text.Json.Serialization.Metadata.JsonTypeInfo`1.ContinueDeserialize(ReadBufferState& bufferState, JsonReaderState& jsonReaderState, ReadStack& readStack, T& value)
   at System.Text.Json.Serialization.Metadata.JsonTypeInfo`1.DeserializeAsync(Stream utf8Json, CancellationToken cancellationToken)
   at System.Text.Json.Serialization.Metadata.JsonTypeInfo`1.DeserializeAsObjectAsync(Stream utf8Json, CancellationToken cancellationToken)
   at Microsoft.AspNetCore.Http.HttpRequestJsonExtensions.ReadFromJsonAsync(HttpRequest request, JsonTypeInfo jsonTypeInfo, CancellationToken cancellationToken)
   at Microsoft.AspNetCore.Http.HttpRequestJsonExtensions.ReadFromJsonAsync(HttpRequest request, JsonTypeInfo jsonTypeInfo, CancellationToken cancellationToken)
   at Microsoft.AspNetCore.Http.RequestDelegateFactory.<HandleRequestBodyAndCompileRequestDelegateForJson>g__TryReadBodyAsync|101_0(HttpContext httpContext, Type bodyType, String parameterTypeName, String parameterName, Boolean allowEmptyRequestBody, Boolean throwOnBadRequest, JsonTypeInfo jsonTypeInfo)
   --- End of inner exception stack trace ---
   at Microsoft.AspNetCore.Http.RequestDelegateFactory.Log.InvalidJsonRequestBody(HttpContext httpContext, String parameterTypeName, String parameterName, Exception exception, Boolean shouldThrow)
   at Microsoft.AspNetCore.Http.RequestDelegateFactory.<HandleRequestBodyAndCompileRequestDelegateForJson>g__TryReadBodyAsync|101_0(HttpContext httpContext, Type bodyType, String parameterTypeName, String parameterName, Boolean allowEmptyRequestBody, Boolean throwOnBadRequest, JsonTypeInfo jsonTypeInfo)
   at Microsoft.AspNetCore.Http.RequestDelegateFactory.<>c__DisplayClass101_2.<<HandleRequestBodyAndCompileRequestDelegateForJson>b__2>d.MoveNext()
--- End of stack trace from previous location ---
   at Program.<>c.<<<Main>$>b__0_9>d.MoveNext() in C:\Users\8-Bits\Desktop\Sys\SysAssist\src\SysAssist.Api\Program.cs:line 200
--- End of stack trace from previous location ---
   at Microsoft.AspNetCore.Authorization.AuthorizationMiddleware.Invoke(HttpContext context)
   at Microsoft.AspNetCore.RateLimiting.RateLimitingMiddleware.InvokeInternal(HttpContext context, EnableRateLimitingAttribute enableRateLimitingAttribute)
   at Microsoft.AspNetCore.Authentication.AuthenticationMiddleware.Invoke(HttpContext context)
   at Swashbuckle.AspNetCore.SwaggerUI.SwaggerUIMiddleware.Invoke(HttpContext httpContext)
   at Swashbuckle.AspNetCore.Swagger.SwaggerMiddleware.Invoke(HttpContext httpContext, ISwaggerProvider swaggerProvider)
   at Program.<>c.<<<Main>$>b__0_123>d.MoveNext() in C:\Users\8-Bits\Desktop\Sys\SysAssist\src\SysAssist.Api\Program.cs:line 802
--- End of stack trace from previous location ---
   at Serilog.AspNetCore.RequestLoggingMiddleware.Invoke(HttpContext httpContext)
[19:38:37 ERR] HTTP POST /api/auth/login responded 500 in 0.3934 ms
Microsoft.AspNetCore.Http.BadHttpRequestException: Failed to read parameter "LoginRequest request" from the request body as JSON.
 ---> System.Text.Json.JsonException: 'l' is an invalid start of a property name. Expected a '"'. Path: $ | LineNumber: 0 | BytePositionInLine: 1.
 ---> System.Text.Json.JsonReaderException: 'l' is an invalid start of a property name. Expected a '"'. LineNumber: 0 | BytePositionInLine: 1.
   at System.Text.Json.ThrowHelper.ThrowJsonReaderException(Utf8JsonReader& json, ExceptionResource resource, Byte nextByte, ReadOnlySpan`1 bytes)
   at System.Text.Json.Utf8JsonReader.ReadSingleSegment()
   at System.Text.Json.Utf8JsonReader.Read()
   at System.Text.Json.Serialization.Converters.ObjectWithParameterizedConstructorConverter`1.ReadConstructorArgumentsWithContinuation(ReadStack& state, Utf8JsonReader& reader, JsonSerializerOptions options)
   at System.Text.Json.Serialization.Converters.ObjectWithParameterizedConstructorConverter`1.OnTryRead(Utf8JsonReader& reader, Type typeToConvert, JsonSerializerOptions options, ReadStack& state, T& value)
   at System.Text.Json.Serialization.JsonConverter`1.TryRead(Utf8JsonReader& reader, Type typeToConvert, JsonSerializerOptions options, ReadStack& state, T& value, Boolean& isPopulatedValue)
   at System.Text.Json.Serialization.JsonConverter`1.ReadCore(Utf8JsonReader& reader, T& value, JsonSerializerOptions options, ReadStack& state)
   --- End of inner exception stack trace ---
   at System.Text.Json.ThrowHelper.ReThrowWithPath(ReadStack& state, JsonReaderException ex)
   at System.Text.Json.Serialization.JsonConverter`1.ReadCore(Utf8JsonReader& reader, T& value, JsonSerializerOptions options, ReadStack& state)
   at System.Text.Json.Serialization.Metadata.JsonTypeInfo`1.ContinueDeserialize(ReadBufferState& bufferState, JsonReaderState& jsonReaderState, ReadStack& readStack, T& value)
   at System.Text.Json.Serialization.Metadata.JsonTypeInfo`1.DeserializeAsync(Stream utf8Json, CancellationToken cancellationToken)
   at System.Text.Json.Serialization.Metadata.JsonTypeInfo`1.DeserializeAsObjectAsync(Stream utf8Json, CancellationToken cancellationToken)
   at Microsoft.AspNetCore.Http.HttpRequestJsonExtensions.ReadFromJsonAsync(HttpRequest request, JsonTypeInfo jsonTypeInfo, CancellationToken cancellationToken)
   at Microsoft.AspNetCore.Http.HttpRequestJsonExtensions.ReadFromJsonAsync(HttpRequest request, JsonTypeInfo jsonTypeInfo, CancellationToken cancellationToken)
   at Microsoft.AspNetCore.Http.RequestDelegateFactory.<HandleRequestBodyAndCompileRequestDelegateForJson>g__TryReadBodyAsync|101_0(HttpContext httpContext, Type bodyType, String parameterTypeName, String parameterName, Boolean allowEmptyRequestBody, Boolean throwOnBadRequest, JsonTypeInfo jsonTypeInfo)
   --- End of inner exception stack trace ---
   at Microsoft.AspNetCore.Http.RequestDelegateFactory.Log.InvalidJsonRequestBody(HttpContext httpContext, String parameterTypeName, String parameterName, Exception exception, Boolean shouldThrow)
   at Microsoft.AspNetCore.Http.RequestDelegateFactory.<HandleRequestBodyAndCompileRequestDelegateForJson>g__TryReadBodyAsync|101_0(HttpContext httpContext, Type bodyType, String parameterTypeName, String parameterName, Boolean allowEmptyRequestBody, Boolean throwOnBadRequest, JsonTypeInfo jsonTypeInfo)
   at Microsoft.AspNetCore.Http.RequestDelegateFactory.<>c__DisplayClass101_2.<<HandleRequestBodyAndCompileRequestDelegateForJson>b__2>d.MoveNext()
--- End of stack trace from previous location ---
   at Program.<>c.<<<Main>$>b__0_9>d.MoveNext() in C:\Users\8-Bits\Desktop\Sys\SysAssist\src\SysAssist.Api\Program.cs:line 200
--- End of stack trace from previous location ---
   at Microsoft.AspNetCore.Authorization.AuthorizationMiddleware.Invoke(HttpContext context)
   at Microsoft.AspNetCore.RateLimiting.RateLimitingMiddleware.InvokeInternal(HttpContext context, EnableRateLimitingAttribute enableRateLimitingAttribute)
   at Microsoft.AspNetCore.Authentication.AuthenticationMiddleware.Invoke(HttpContext context)
   at Swashbuckle.AspNetCore.SwaggerUI.SwaggerUIMiddleware.Invoke(HttpContext httpContext)
   at Swashbuckle.AspNetCore.Swagger.SwaggerMiddleware.Invoke(HttpContext httpContext, ISwaggerProvider swaggerProvider)
   at Program.<>c.<<<Main>$>b__0_123>d.MoveNext() in C:\Users\8-Bits\Desktop\Sys\SysAssist\src\SysAssist.Api\Program.cs:line 802
--- End of stack trace from previous location ---
   at Serilog.AspNetCore.RequestLoggingMiddleware.Invoke(HttpContext httpContext)
[19:38:37 ERR] HTTP POST /api/auth/login responded 500 in 0.3572 ms
Microsoft.AspNetCore.Http.BadHttpRequestException: Failed to read parameter "LoginRequest request" from the request body as JSON.
 ---> System.Text.Json.JsonException: 'l' is an invalid start of a property name. Expected a '"'. Path: $ | LineNumber: 0 | BytePositionInLine: 1.
 ---> System.Text.Json.JsonReaderException: 'l' is an invalid start of a property name. Expected a '"'. LineNumber: 0 | BytePositionInLine: 1.
   at System.Text.Json.ThrowHelper.ThrowJsonReaderException(Utf8JsonReader& json, ExceptionResource resource, Byte nextByte, ReadOnlySpan`1 bytes)
   at System.Text.Json.Utf8JsonReader.ReadSingleSegment()
   at System.Text.Json.Utf8JsonReader.Read()
   at System.Text.Json.Serialization.Converters.ObjectWithParameterizedConstructorConverter`1.ReadConstructorArgumentsWithContinuation(ReadStack& state, Utf8JsonReader& reader, JsonSerializerOptions options)
   at System.Text.Json.Serialization.Converters.ObjectWithParameterizedConstructorConverter`1.OnTryRead(Utf8JsonReader& reader, Type typeToConvert, JsonSerializerOptions options, ReadStack& state, T& value)
   at System.Text.Json.Serialization.JsonConverter`1.TryRead(Utf8JsonReader& reader, Type typeToConvert, JsonSerializerOptions options, ReadStack& state, T& value, Boolean& isPopulatedValue)
   at System.Text.Json.Serialization.JsonConverter`1.ReadCore(Utf8JsonReader& reader, T& value, JsonSerializerOptions options, ReadStack& state)
   --- End of inner exception stack trace ---
   at System.Text.Json.ThrowHelper.ReThrowWithPath(ReadStack& state, JsonReaderException ex)
   at System.Text.Json.Serialization.JsonConverter`1.ReadCore(Utf8JsonReader& reader, T& value, JsonSerializerOptions options, ReadStack& state)
   at System.Text.Json.Serialization.Metadata.JsonTypeInfo`1.ContinueDeserialize(ReadBufferState& bufferState, JsonReaderState& jsonReaderState, ReadStack& readStack, T& value)
   at System.Text.Json.Serialization.Metadata.JsonTypeInfo`1.DeserializeAsync(Stream utf8Json, CancellationToken cancellationToken)
   at System.Text.Json.Serialization.Metadata.JsonTypeInfo`1.DeserializeAsObjectAsync(Stream utf8Json, CancellationToken cancellationToken)
   at Microsoft.AspNetCore.Http.HttpRequestJsonExtensions.ReadFromJsonAsync(HttpRequest request, JsonTypeInfo jsonTypeInfo, CancellationToken cancellationToken)
   at Microsoft.AspNetCore.Http.HttpRequestJsonExtensions.ReadFromJsonAsync(HttpRequest request, JsonTypeInfo jsonTypeInfo, CancellationToken cancellationToken)
   at Microsoft.AspNetCore.Http.RequestDelegateFactory.<HandleRequestBodyAndCompileRequestDelegateForJson>g__TryReadBodyAsync|101_0(HttpContext httpContext, Type bodyType, String parameterTypeName, String parameterName, Boolean allowEmptyRequestBody, Boolean throwOnBadRequest, JsonTypeInfo jsonTypeInfo)
   --- End of inner exception stack trace ---
   at Microsoft.AspNetCore.Http.RequestDelegateFactory.Log.InvalidJsonRequestBody(HttpContext httpContext, String parameterTypeName, String parameterName, Exception exception, Boolean shouldThrow)
   at Microsoft.AspNetCore.Http.RequestDelegateFactory.<HandleRequestBodyAndCompileRequestDelegateForJson>g__TryReadBodyAsync|101_0(HttpContext httpContext, Type bodyType, String parameterTypeName, String parameterName, Boolean allowEmptyRequestBody, Boolean throwOnBadRequest, JsonTypeInfo jsonTypeInfo)
   at Microsoft.AspNetCore.Http.RequestDelegateFactory.<>c__DisplayClass101_2.<<HandleRequestBodyAndCompileRequestDelegateForJson>b__2>d.MoveNext()
--- End of stack trace from previous location ---
   at Program.<>c.<<<Main>$>b__0_9>d.MoveNext() in C:\Users\8-Bits\Desktop\Sys\SysAssist\src\SysAssist.Api\Program.cs:line 200
--- End of stack trace from previous location ---
   at Microsoft.AspNetCore.Authorization.AuthorizationMiddleware.Invoke(HttpContext context)
   at Microsoft.AspNetCore.RateLimiting.RateLimitingMiddleware.InvokeInternal(HttpContext context, EnableRateLimitingAttribute enableRateLimitingAttribute)
   at Microsoft.AspNetCore.Authentication.AuthenticationMiddleware.Invoke(HttpContext context)
   at Swashbuckle.AspNetCore.SwaggerUI.SwaggerUIMiddleware.Invoke(HttpContext httpContext)
   at Swashbuckle.AspNetCore.Swagger.SwaggerMiddleware.Invoke(HttpContext httpContext, ISwaggerProvider swaggerProvider)
   at Program.<>c.<<<Main>$>b__0_123>d.MoveNext() in C:\Users\8-Bits\Desktop\Sys\SysAssist\src\SysAssist.Api\Program.cs:line 802
--- End of stack trace from previous location ---
   at Serilog.AspNetCore.RequestLoggingMiddleware.Invoke(HttpContext httpContext)
[19:38:38 ERR] HTTP POST /api/auth/login responded 500 in 0.3555 ms
Microsoft.AspNetCore.Http.BadHttpRequestException: Failed to read parameter "LoginRequest request" from the request body as JSON.
 ---> System.Text.Json.JsonException: 'l' is an invalid start of a property name. Expected a '"'. Path: $ | LineNumber: 0 | BytePositionInLine: 1.
 ---> System.Text.Json.JsonReaderException: 'l' is an invalid start of a property name. Expected a '"'. LineNumber: 0 | BytePositionInLine: 1.
   at System.Text.Json.ThrowHelper.ThrowJsonReaderException(Utf8JsonReader& json, ExceptionResource resource, Byte nextByte, ReadOnlySpan`1 bytes)
   at System.Text.Json.Utf8JsonReader.ReadSingleSegment()
   at System.Text.Json.Utf8JsonReader.Read()
   at System.Text.Json.Serialization.Converters.ObjectWithParameterizedConstructorConverter`1.ReadConstructorArgumentsWithContinuation(ReadStack& state, Utf8JsonReader& reader, JsonSerializerOptions options)
   at System.Text.Json.Serialization.Converters.ObjectWithParameterizedConstructorConverter`1.OnTryRead(Utf8JsonReader& reader, Type typeToConvert, JsonSerializerOptions options, ReadStack& state, T& value)
   at System.Text.Json.Serialization.JsonConverter`1.TryRead(Utf8JsonReader& reader, Type typeToConvert, JsonSerializerOptions options, ReadStack& state, T& value, Boolean& isPopulatedValue)
   at System.Text.Json.Serialization.JsonConverter`1.ReadCore(Utf8JsonReader& reader, T& value, JsonSerializerOptions options, ReadStack& state)
   --- End of inner exception stack trace ---
   at System.Text.Json.ThrowHelper.ReThrowWithPath(ReadStack& state, JsonReaderException ex)
   at System.Text.Json.Serialization.JsonConverter`1.ReadCore(Utf8JsonReader& reader, T& value, JsonSerializerOptions options, ReadStack& state)
   at System.Text.Json.Serialization.Metadata.JsonTypeInfo`1.ContinueDeserialize(ReadBufferState& bufferState, JsonReaderState& jsonReaderState, ReadStack& readStack, T& value)
   at System.Text.Json.Serialization.Metadata.JsonTypeInfo`1.DeserializeAsync(Stream utf8Json, CancellationToken cancellationToken)
   at System.Text.Json.Serialization.Metadata.JsonTypeInfo`1.DeserializeAsObjectAsync(Stream utf8Json, CancellationToken cancellationToken)
   at Microsoft.AspNetCore.Http.HttpRequestJsonExtensions.ReadFromJsonAsync(HttpRequest request, JsonTypeInfo jsonTypeInfo, CancellationToken cancellationToken)
   at Microsoft.AspNetCore.Http.HttpRequestJsonExtensions.ReadFromJsonAsync(HttpRequest request, JsonTypeInfo jsonTypeInfo, CancellationToken cancellationToken)
   at Microsoft.AspNetCore.Http.RequestDelegateFactory.<HandleRequestBodyAndCompileRequestDelegateForJson>g__TryReadBodyAsync|101_0(HttpContext httpContext, Type bodyType, String parameterTypeName, String parameterName, Boolean allowEmptyRequestBody, Boolean throwOnBadRequest, JsonTypeInfo jsonTypeInfo)
   --- End of inner exception stack trace ---
   at Microsoft.AspNetCore.Http.RequestDelegateFactory.Log.InvalidJsonRequestBody(HttpContext httpContext, String parameterTypeName, String parameterName, Exception exception, Boolean shouldThrow)
   at Microsoft.AspNetCore.Http.RequestDelegateFactory.<HandleRequestBodyAndCompileRequestDelegateForJson>g__TryReadBodyAsync|101_0(HttpContext httpContext, Type bodyType, String parameterTypeName, String parameterName, Boolean allowEmptyRequestBody, Boolean throwOnBadRequest, JsonTypeInfo jsonTypeInfo)
   at Microsoft.AspNetCore.Http.RequestDelegateFactory.<>c__DisplayClass101_2.<<HandleRequestBodyAndCompileRequestDelegateForJson>b__2>d.MoveNext()
--- End of stack trace from previous location ---
   at Program.<>c.<<<Main>$>b__0_9>d.MoveNext() in C:\Users\8-Bits\Desktop\Sys\SysAssist\src\SysAssist.Api\Program.cs:line 200
--- End of stack trace from previous location ---
   at Microsoft.AspNetCore.Authorization.AuthorizationMiddleware.Invoke(HttpContext context)
   at Microsoft.AspNetCore.RateLimiting.RateLimitingMiddleware.InvokeInternal(HttpContext context, EnableRateLimitingAttribute enableRateLimitingAttribute)
   at Microsoft.AspNetCore.Authentication.AuthenticationMiddleware.Invoke(HttpContext context)
   at Swashbuckle.AspNetCore.SwaggerUI.SwaggerUIMiddleware.Invoke(HttpContext httpContext)
   at Swashbuckle.AspNetCore.Swagger.SwaggerMiddleware.Invoke(HttpContext httpContext, ISwaggerProvider swaggerProvider)
   at Program.<>c.<<<Main>$>b__0_123>d.MoveNext() in C:\Users\8-Bits\Desktop\Sys\SysAssist\src\SysAssist.Api\Program.cs:line 802
--- End of stack trace from previous location ---
   at Serilog.AspNetCore.RequestLoggingMiddleware.Invoke(HttpContext httpContext)
[19:38:38 ERR] HTTP POST /api/auth/login responded 500 in 0.4883 ms
Microsoft.AspNetCore.Http.BadHttpRequestException: Failed to read parameter "LoginRequest request" from the request body as JSON.
 ---> System.Text.Json.JsonException: 'l' is an invalid start of a property name. Expected a '"'. Path: $ | LineNumber: 0 | BytePositionInLine: 1.
 ---> System.Text.Json.JsonReaderException: 'l' is an invalid start of a property name. Expected a '"'. LineNumber: 0 | BytePositionInLine: 1.
   at System.Text.Json.ThrowHelper.ThrowJsonReaderException(Utf8JsonReader& json, ExceptionResource resource, Byte nextByte, ReadOnlySpan`1 bytes)
   at System.Text.Json.Utf8JsonReader.ReadSingleSegment()
   at System.Text.Json.Utf8JsonReader.Read()
   at System.Text.Json.Serialization.Converters.ObjectWithParameterizedConstructorConverter`1.ReadConstructorArgumentsWithContinuation(ReadStack& state, Utf8JsonReader& reader, JsonSerializerOptions options)
   at System.Text.Json.Serialization.Converters.ObjectWithParameterizedConstructorConverter`1.OnTryRead(Utf8JsonReader& reader, Type typeToConvert, JsonSerializerOptions options, ReadStack& state, T& value)
   at System.Text.Json.Serialization.JsonConverter`1.TryRead(Utf8JsonReader& reader, Type typeToConvert, JsonSerializerOptions options, ReadStack& state, T& value, Boolean& isPopulatedValue)
   at System.Text.Json.Serialization.JsonConverter`1.ReadCore(Utf8JsonReader& reader, T& value, JsonSerializerOptions options, ReadStack& state)
   --- End of inner exception stack trace ---
   at System.Text.Json.ThrowHelper.ReThrowWithPath(ReadStack& state, JsonReaderException ex)
   at System.Text.Json.Serialization.JsonConverter`1.ReadCore(Utf8JsonReader& reader, T& value, JsonSerializerOptions options, ReadStack& state)
   at System.Text.Json.Serialization.Metadata.JsonTypeInfo`1.ContinueDeserialize(ReadBufferState& bufferState, JsonReaderState& jsonReaderState, ReadStack& readStack, T& value)
   at System.Text.Json.Serialization.Metadata.JsonTypeInfo`1.DeserializeAsync(Stream utf8Json, CancellationToken cancellationToken)
   at System.Text.Json.Serialization.Metadata.JsonTypeInfo`1.DeserializeAsObjectAsync(Stream utf8Json, CancellationToken cancellationToken)
   at Microsoft.AspNetCore.Http.HttpRequestJsonExtensions.ReadFromJsonAsync(HttpRequest request, JsonTypeInfo jsonTypeInfo, CancellationToken cancellationToken)
   at Microsoft.AspNetCore.Http.HttpRequestJsonExtensions.ReadFromJsonAsync(HttpRequest request, JsonTypeInfo jsonTypeInfo, CancellationToken cancellationToken)
   at Microsoft.AspNetCore.Http.RequestDelegateFactory.<HandleRequestBodyAndCompileRequestDelegateForJson>g__TryReadBodyAsync|101_0(HttpContext httpContext, Type bodyType, String parameterTypeName, String parameterName, Boolean allowEmptyRequestBody, Boolean throwOnBadRequest, JsonTypeInfo jsonTypeInfo)
   --- End of inner exception stack trace ---
   at Microsoft.AspNetCore.Http.RequestDelegateFactory.Log.InvalidJsonRequestBody(HttpContext httpContext, String parameterTypeName, String parameterName, Exception exception, Boolean shouldThrow)
   at Microsoft.AspNetCore.Http.RequestDelegateFactory.<HandleRequestBodyAndCompileRequestDelegateForJson>g__TryReadBodyAsync|101_0(HttpContext httpContext, Type bodyType, String parameterTypeName, String parameterName, Boolean allowEmptyRequestBody, Boolean throwOnBadRequest, JsonTypeInfo jsonTypeInfo)
   at Microsoft.AspNetCore.Http.RequestDelegateFactory.<>c__DisplayClass101_2.<<HandleRequestBodyAndCompileRequestDelegateForJson>b__2>d.MoveNext()
--- End of stack trace from previous location ---
   at Program.<>c.<<<Main>$>b__0_9>d.MoveNext() in C:\Users\8-Bits\Desktop\Sys\SysAssist\src\SysAssist.Api\Program.cs:line 200
--- End of stack trace from previous location ---
   at Microsoft.AspNetCore.Authorization.AuthorizationMiddleware.Invoke(HttpContext context)
   at Microsoft.AspNetCore.RateLimiting.RateLimitingMiddleware.InvokeInternal(HttpContext context, EnableRateLimitingAttribute enableRateLimitingAttribute)
   at Microsoft.AspNetCore.Authentication.AuthenticationMiddleware.Invoke(HttpContext context)
   at Swashbuckle.AspNetCore.SwaggerUI.SwaggerUIMiddleware.Invoke(HttpContext httpContext)
   at Swashbuckle.AspNetCore.Swagger.SwaggerMiddleware.Invoke(HttpContext httpContext, ISwaggerProvider swaggerProvider)
   at Program.<>c.<<<Main>$>b__0_123>d.MoveNext() in C:\Users\8-Bits\Desktop\Sys\SysAssist\src\SysAssist.Api\Program.cs:line 802
--- End of stack trace from previous location ---
   at Serilog.AspNetCore.RequestLoggingMiddleware.Invoke(HttpContext httpContext)
[19:38:39 ERR] HTTP POST /api/auth/login responded 500 in 0.3834 ms
Microsoft.AspNetCore.Http.BadHttpRequestException: Failed to read parameter "LoginRequest request" from the request body as JSON.
 ---> System.Text.Json.JsonException: 'l' is an invalid start of a property name. Expected a '"'. Path: $ | LineNumber: 0 | BytePositionInLine: 1.
 ---> System.Text.Json.JsonReaderException: 'l' is an invalid start of a property name. Expected a '"'. LineNumber: 0 | BytePositionInLine: 1.
   at System.Text.Json.ThrowHelper.ThrowJsonReaderException(Utf8JsonReader& json, ExceptionResource resource, Byte nextByte, ReadOnlySpan`1 bytes)
   at System.Text.Json.Utf8JsonReader.ReadSingleSegment()
   at System.Text.Json.Utf8JsonReader.Read()
   at System.Text.Json.Serialization.Converters.ObjectWithParameterizedConstructorConverter`1.ReadConstructorArgumentsWithContinuation(ReadStack& state, Utf8JsonReader& reader, JsonSerializerOptions options)
   at System.Text.Json.Serialization.Converters.ObjectWithParameterizedConstructorConverter`1.OnTryRead(Utf8JsonReader& reader, Type typeToConvert, JsonSerializerOptions options, ReadStack& state, T& value)
   at System.Text.Json.Serialization.JsonConverter`1.TryRead(Utf8JsonReader& reader, Type typeToConvert, JsonSerializerOptions options, ReadStack& state, T& value, Boolean& isPopulatedValue)
   at System.Text.Json.Serialization.JsonConverter`1.ReadCore(Utf8JsonReader& reader, T& value, JsonSerializerOptions options, ReadStack& state)
   --- End of inner exception stack trace ---
   at System.Text.Json.ThrowHelper.ReThrowWithPath(ReadStack& state, JsonReaderException ex)
   at System.Text.Json.Serialization.JsonConverter`1.ReadCore(Utf8JsonReader& reader, T& value, JsonSerializerOptions options, ReadStack& state)
   at System.Text.Json.Serialization.Metadata.JsonTypeInfo`1.ContinueDeserialize(ReadBufferState& bufferState, JsonReaderState& jsonReaderState, ReadStack& readStack, T& value)
   at System.Text.Json.Serialization.Metadata.JsonTypeInfo`1.DeserializeAsync(Stream utf8Json, CancellationToken cancellationToken)
   at System.Text.Json.Serialization.Metadata.JsonTypeInfo`1.DeserializeAsObjectAsync(Stream utf8Json, CancellationToken cancellationToken)
   at Microsoft.AspNetCore.Http.HttpRequestJsonExtensions.ReadFromJsonAsync(HttpRequest request, JsonTypeInfo jsonTypeInfo, CancellationToken cancellationToken)
   at Microsoft.AspNetCore.Http.HttpRequestJsonExtensions.ReadFromJsonAsync(HttpRequest request, JsonTypeInfo jsonTypeInfo, CancellationToken cancellationToken)
   at Microsoft.AspNetCore.Http.RequestDelegateFactory.<HandleRequestBodyAndCompileRequestDelegateForJson>g__TryReadBodyAsync|101_0(HttpContext httpContext, Type bodyType, String parameterTypeName, String parameterName, Boolean allowEmptyRequestBody, Boolean throwOnBadRequest, JsonTypeInfo jsonTypeInfo)
   --- End of inner exception stack trace ---
   at Microsoft.AspNetCore.Http.RequestDelegateFactory.Log.InvalidJsonRequestBody(HttpContext httpContext, String parameterTypeName, String parameterName, Exception exception, Boolean shouldThrow)
   at Microsoft.AspNetCore.Http.RequestDelegateFactory.<HandleRequestBodyAndCompileRequestDelegateForJson>g__TryReadBodyAsync|101_0(HttpContext httpContext, Type bodyType, String parameterTypeName, String parameterName, Boolean allowEmptyRequestBody, Boolean throwOnBadRequest, JsonTypeInfo jsonTypeInfo)
   at Microsoft.AspNetCore.Http.RequestDelegateFactory.<>c__DisplayClass101_2.<<HandleRequestBodyAndCompileRequestDelegateForJson>b__2>d.MoveNext()
--- End of stack trace from previous location ---
   at Program.<>c.<<<Main>$>b__0_9>d.MoveNext() in C:\Users\8-Bits\Desktop\Sys\SysAssist\src\SysAssist.Api\Program.cs:line 200
--- End of stack trace from previous location ---
   at Microsoft.AspNetCore.Authorization.AuthorizationMiddleware.Invoke(HttpContext context)
   at Microsoft.AspNetCore.RateLimiting.RateLimitingMiddleware.InvokeInternal(HttpContext context, EnableRateLimitingAttribute enableRateLimitingAttribute)
   at Microsoft.AspNetCore.Authentication.AuthenticationMiddleware.Invoke(HttpContext context)
   at Swashbuckle.AspNetCore.SwaggerUI.SwaggerUIMiddleware.Invoke(HttpContext httpContext)
   at Swashbuckle.AspNetCore.Swagger.SwaggerMiddleware.Invoke(HttpContext httpContext, ISwaggerProvider swaggerProvider)
   at Program.<>c.<<<Main>$>b__0_123>d.MoveNext() in C:\Users\8-Bits\Desktop\Sys\SysAssist\src\SysAssist.Api\Program.cs:line 802
--- End of stack trace from previous location ---
   at Serilog.AspNetCore.RequestLoggingMiddleware.Invoke(HttpContext httpContext)
[19:38:39 ERR] HTTP POST /api/auth/login responded 500 in 0.4491 ms
Microsoft.AspNetCore.Http.BadHttpRequestException: Failed to read parameter "LoginRequest request" from the request body as JSON.
 ---> System.Text.Json.JsonException: 'l' is an invalid start of a property name. Expected a '"'. Path: $ | LineNumber: 0 | BytePositionInLine: 1.
 ---> System.Text.Json.JsonReaderException: 'l' is an invalid start of a property name. Expected a '"'. LineNumber: 0 | BytePositionInLine: 1.
   at System.Text.Json.ThrowHelper.ThrowJsonReaderException(Utf8JsonReader& json, ExceptionResource resource, Byte nextByte, ReadOnlySpan`1 bytes)
   at System.Text.Json.Utf8JsonReader.ReadSingleSegment()
   at System.Text.Json.Utf8JsonReader.Read()
   at System.Text.Json.Serialization.Converters.ObjectWithParameterizedConstructorConverter`1.ReadConstructorArgumentsWithContinuation(ReadStack& state, Utf8JsonReader& reader, JsonSerializerOptions options)
   at System.Text.Json.Serialization.Converters.ObjectWithParameterizedConstructorConverter`1.OnTryRead(Utf8JsonReader& reader, Type typeToConvert, JsonSerializerOptions options, ReadStack& state, T& value)
   at System.Text.Json.Serialization.JsonConverter`1.TryRead(Utf8JsonReader& reader, Type typeToConvert, JsonSerializerOptions options, ReadStack& state, T& value, Boolean& isPopulatedValue)
   at System.Text.Json.Serialization.JsonConverter`1.ReadCore(Utf8JsonReader& reader, T& value, JsonSerializerOptions options, ReadStack& state)
   --- End of inner exception stack trace ---
   at System.Text.Json.ThrowHelper.ReThrowWithPath(ReadStack& state, JsonReaderException ex)
   at System.Text.Json.Serialization.JsonConverter`1.ReadCore(Utf8JsonReader& reader, T& value, JsonSerializerOptions options, ReadStack& state)
   at System.Text.Json.Serialization.Metadata.JsonTypeInfo`1.ContinueDeserialize(ReadBufferState& bufferState, JsonReaderState& jsonReaderState, ReadStack& readStack, T& value)
   at System.Text.Json.Serialization.Metadata.JsonTypeInfo`1.DeserializeAsync(Stream utf8Json, CancellationToken cancellationToken)
   at System.Text.Json.Serialization.Metadata.JsonTypeInfo`1.DeserializeAsObjectAsync(Stream utf8Json, CancellationToken cancellationToken)
   at Microsoft.AspNetCore.Http.HttpRequestJsonExtensions.ReadFromJsonAsync(HttpRequest request, JsonTypeInfo jsonTypeInfo, CancellationToken cancellationToken)
   at Microsoft.AspNetCore.Http.HttpRequestJsonExtensions.ReadFromJsonAsync(HttpRequest request, JsonTypeInfo jsonTypeInfo, CancellationToken cancellationToken)
   at Microsoft.AspNetCore.Http.RequestDelegateFactory.<HandleRequestBodyAndCompileRequestDelegateForJson>g__TryReadBodyAsync|101_0(HttpContext httpContext, Type bodyType, String parameterTypeName, String parameterName, Boolean allowEmptyRequestBody, Boolean throwOnBadRequest, JsonTypeInfo jsonTypeInfo)
   --- End of inner exception stack trace ---
   at Microsoft.AspNetCore.Http.RequestDelegateFactory.Log.InvalidJsonRequestBody(HttpContext httpContext, String parameterTypeName, String parameterName, Exception exception, Boolean shouldThrow)
   at Microsoft.AspNetCore.Http.RequestDelegateFactory.<HandleRequestBodyAndCompileRequestDelegateForJson>g__TryReadBodyAsync|101_0(HttpContext httpContext, Type bodyType, String parameterTypeName, String parameterName, Boolean allowEmptyRequestBody, Boolean throwOnBadRequest, JsonTypeInfo jsonTypeInfo)
   at Microsoft.AspNetCore.Http.RequestDelegateFactory.<>c__DisplayClass101_2.<<HandleRequestBodyAndCompileRequestDelegateForJson>b__2>d.MoveNext()
--- End of stack trace from previous location ---
   at Program.<>c.<<<Main>$>b__0_9>d.MoveNext() in C:\Users\8-Bits\Desktop\Sys\SysAssist\src\SysAssist.Api\Program.cs:line 200
--- End of stack trace from previous location ---
   at Microsoft.AspNetCore.Authorization.AuthorizationMiddleware.Invoke(HttpContext context)
   at Microsoft.AspNetCore.RateLimiting.RateLimitingMiddleware.InvokeInternal(HttpContext context, EnableRateLimitingAttribute enableRateLimitingAttribute)
   at Microsoft.AspNetCore.Authentication.AuthenticationMiddleware.Invoke(HttpContext context)
   at Swashbuckle.AspNetCore.SwaggerUI.SwaggerUIMiddleware.Invoke(HttpContext httpContext)
   at Swashbuckle.AspNetCore.Swagger.SwaggerMiddleware.Invoke(HttpContext httpContext, ISwaggerProvider swaggerProvider)
   at Program.<>c.<<<Main>$>b__0_123>d.MoveNext() in C:\Users\8-Bits\Desktop\Sys\SysAssist\src\SysAssist.Api\Program.cs:line 802
--- End of stack trace from previous location ---
   at Serilog.AspNetCore.RequestLoggingMiddleware.Invoke(HttpContext httpContext)
[19:38:40 ERR] HTTP POST /api/auth/login responded 500 in 0.4058 ms
Microsoft.AspNetCore.Http.BadHttpRequestException: Failed to read parameter "LoginRequest request" from the request body as JSON.
 ---> System.Text.Json.JsonException: 'l' is an invalid start of a property name. Expected a '"'. Path: $ | LineNumber: 0 | BytePositionInLine: 1.
 ---> System.Text.Json.JsonReaderException: 'l' is an invalid start of a property name. Expected a '"'. LineNumber: 0 | BytePositionInLine: 1.
   at System.Text.Json.ThrowHelper.ThrowJsonReaderException(Utf8JsonReader& json, ExceptionResource resource, Byte nextByte, ReadOnlySpan`1 bytes)
   at System.Text.Json.Utf8JsonReader.ReadSingleSegment()
   at System.Text.Json.Utf8JsonReader.Read()
   at System.Text.Json.Serialization.Converters.ObjectWithParameterizedConstructorConverter`1.ReadConstructorArgumentsWithContinuation(ReadStack& state, Utf8JsonReader& reader, JsonSerializerOptions options)
   at System.Text.Json.Serialization.Converters.ObjectWithParameterizedConstructorConverter`1.OnTryRead(Utf8JsonReader& reader, Type typeToConvert, JsonSerializerOptions options, ReadStack& state, T& value)
   at System.Text.Json.Serialization.JsonConverter`1.TryRead(Utf8JsonReader& reader, Type typeToConvert, JsonSerializerOptions options, ReadStack& state, T& value, Boolean& isPopulatedValue)
   at System.Text.Json.Serialization.JsonConverter`1.ReadCore(Utf8JsonReader& reader, T& value, JsonSerializerOptions options, ReadStack& state)
   --- End of inner exception stack trace ---
   at System.Text.Json.ThrowHelper.ReThrowWithPath(ReadStack& state, JsonReaderException ex)
   at System.Text.Json.Serialization.JsonConverter`1.ReadCore(Utf8JsonReader& reader, T& value, JsonSerializerOptions options, ReadStack& state)
   at System.Text.Json.Serialization.Metadata.JsonTypeInfo`1.ContinueDeserialize(ReadBufferState& bufferState, JsonReaderState& jsonReaderState, ReadStack& readStack, T& value)
   at System.Text.Json.Serialization.Metadata.JsonTypeInfo`1.DeserializeAsync(Stream utf8Json, CancellationToken cancellationToken)
   at System.Text.Json.Serialization.Metadata.JsonTypeInfo`1.DeserializeAsObjectAsync(Stream utf8Json, CancellationToken cancellationToken)
   at Microsoft.AspNetCore.Http.HttpRequestJsonExtensions.ReadFromJsonAsync(HttpRequest request, JsonTypeInfo jsonTypeInfo, CancellationToken cancellationToken)
   at Microsoft.AspNetCore.Http.HttpRequestJsonExtensions.ReadFromJsonAsync(HttpRequest request, JsonTypeInfo jsonTypeInfo, CancellationToken cancellationToken)
   at Microsoft.AspNetCore.Http.RequestDelegateFactory.<HandleRequestBodyAndCompileRequestDelegateForJson>g__TryReadBodyAsync|101_0(HttpContext httpContext, Type bodyType, String parameterTypeName, String parameterName, Boolean allowEmptyRequestBody, Boolean throwOnBadRequest, JsonTypeInfo jsonTypeInfo)
   --- End of inner exception stack trace ---
   at Microsoft.AspNetCore.Http.RequestDelegateFactory.Log.InvalidJsonRequestBody(HttpContext httpContext, String parameterTypeName, String parameterName, Exception exception, Boolean shouldThrow)
   at Microsoft.AspNetCore.Http.RequestDelegateFactory.<HandleRequestBodyAndCompileRequestDelegateForJson>g__TryReadBodyAsync|101_0(HttpContext httpContext, Type bodyType, String parameterTypeName, String parameterName, Boolean allowEmptyRequestBody, Boolean throwOnBadRequest, JsonTypeInfo jsonTypeInfo)
   at Microsoft.AspNetCore.Http.RequestDelegateFactory.<>c__DisplayClass101_2.<<HandleRequestBodyAndCompileRequestDelegateForJson>b__2>d.MoveNext()
--- End of stack trace from previous location ---
   at Program.<>c.<<<Main>$>b__0_9>d.MoveNext() in C:\Users\8-Bits\Desktop\Sys\SysAssist\src\SysAssist.Api\Program.cs:line 200
--- End of stack trace from previous location ---
   at Microsoft.AspNetCore.Authorization.AuthorizationMiddleware.Invoke(HttpContext context)
   at Microsoft.AspNetCore.RateLimiting.RateLimitingMiddleware.InvokeInternal(HttpContext context, EnableRateLimitingAttribute enableRateLimitingAttribute)
   at Microsoft.AspNetCore.Authentication.AuthenticationMiddleware.Invoke(HttpContext context)
   at Swashbuckle.AspNetCore.SwaggerUI.SwaggerUIMiddleware.Invoke(HttpContext httpContext)
   at Swashbuckle.AspNetCore.Swagger.SwaggerMiddleware.Invoke(HttpContext httpContext, ISwaggerProvider swaggerProvider)
   at Program.<>c.<<<Main>$>b__0_123>d.MoveNext() in C:\Users\8-Bits\Desktop\Sys\SysAssist\src\SysAssist.Api\Program.cs:line 802
--- End of stack trace from previous location ---
   at Serilog.AspNetCore.RequestLoggingMiddleware.Invoke(HttpContext httpContext)
[19:38:41 ERR] HTTP POST /api/auth/login responded 500 in 0.3254 ms
Microsoft.AspNetCore.Http.BadHttpRequestException: Failed to read parameter "LoginRequest request" from the request body as JSON.
 ---> System.Text.Json.JsonException: 'l' is an invalid start of a property name. Expected a '"'. Path: $ | LineNumber: 0 | BytePositionInLine: 1.
 ---> System.Text.Json.JsonReaderException: 'l' is an invalid start of a property name. Expected a '"'. LineNumber: 0 | BytePositionInLine: 1.
   at System.Text.Json.ThrowHelper.ThrowJsonReaderException(Utf8JsonReader& json, ExceptionResource resource, Byte nextByte, ReadOnlySpan`1 bytes)
   at System.Text.Json.Utf8JsonReader.ReadSingleSegment()
   at System.Text.Json.Utf8JsonReader.Read()
   at System.Text.Json.Serialization.Converters.ObjectWithParameterizedConstructorConverter`1.ReadConstructorArgumentsWithContinuation(ReadStack& state, Utf8JsonReader& reader, JsonSerializerOptions options)
   at System.Text.Json.Serialization.Converters.ObjectWithParameterizedConstructorConverter`1.OnTryRead(Utf8JsonReader& reader, Type typeToConvert, JsonSerializerOptions options, ReadStack& state, T& value)
   at System.Text.Json.Serialization.JsonConverter`1.TryRead(Utf8JsonReader& reader, Type typeToConvert, JsonSerializerOptions options, ReadStack& state, T& value, Boolean& isPopulatedValue)
   at System.Text.Json.Serialization.JsonConverter`1.ReadCore(Utf8JsonReader& reader, T& value, JsonSerializerOptions options, ReadStack& state)
   --- End of inner exception stack trace ---
   at System.Text.Json.ThrowHelper.ReThrowWithPath(ReadStack& state, JsonReaderException ex)
   at System.Text.Json.Serialization.JsonConverter`1.ReadCore(Utf8JsonReader& reader, T& value, JsonSerializerOptions options, ReadStack& state)
   at System.Text.Json.Serialization.Metadata.JsonTypeInfo`1.ContinueDeserialize(ReadBufferState& bufferState, JsonReaderState& jsonReaderState, ReadStack& readStack, T& value)
   at System.Text.Json.Serialization.Metadata.JsonTypeInfo`1.DeserializeAsync(Stream utf8Json, CancellationToken cancellationToken)
   at System.Text.Json.Serialization.Metadata.JsonTypeInfo`1.DeserializeAsObjectAsync(Stream utf8Json, CancellationToken cancellationToken)
   at Microsoft.AspNetCore.Http.HttpRequestJsonExtensions.ReadFromJsonAsync(HttpRequest request, JsonTypeInfo jsonTypeInfo, CancellationToken cancellationToken)
   at Microsoft.AspNetCore.Http.HttpRequestJsonExtensions.ReadFromJsonAsync(HttpRequest request, JsonTypeInfo jsonTypeInfo, CancellationToken cancellationToken)
   at Microsoft.AspNetCore.Http.RequestDelegateFactory.<HandleRequestBodyAndCompileRequestDelegateForJson>g__TryReadBodyAsync|101_0(HttpContext httpContext, Type bodyType, String parameterTypeName, String parameterName, Boolean allowEmptyRequestBody, Boolean throwOnBadRequest, JsonTypeInfo jsonTypeInfo)
   --- End of inner exception stack trace ---
   at Microsoft.AspNetCore.Http.RequestDelegateFactory.Log.InvalidJsonRequestBody(HttpContext httpContext, String parameterTypeName, String parameterName, Exception exception, Boolean shouldThrow)
   at Microsoft.AspNetCore.Http.RequestDelegateFactory.<HandleRequestBodyAndCompileRequestDelegateForJson>g__TryReadBodyAsync|101_0(HttpContext httpContext, Type bodyType, String parameterTypeName, String parameterName, Boolean allowEmptyRequestBody, Boolean throwOnBadRequest, JsonTypeInfo jsonTypeInfo)
   at Microsoft.AspNetCore.Http.RequestDelegateFactory.<>c__DisplayClass101_2.<<HandleRequestBodyAndCompileRequestDelegateForJson>b__2>d.MoveNext()
--- End of stack trace from previous location ---
   at Program.<>c.<<<Main>$>b__0_9>d.MoveNext() in C:\Users\8-Bits\Desktop\Sys\SysAssist\src\SysAssist.Api\Program.cs:line 200
--- End of stack trace from previous location ---
   at Microsoft.AspNetCore.Authorization.AuthorizationMiddleware.Invoke(HttpContext context)
   at Microsoft.AspNetCore.RateLimiting.RateLimitingMiddleware.InvokeInternal(HttpContext context, EnableRateLimitingAttribute enableRateLimitingAttribute)
   at Microsoft.AspNetCore.Authentication.AuthenticationMiddleware.Invoke(HttpContext context)
   at Swashbuckle.AspNetCore.SwaggerUI.SwaggerUIMiddleware.Invoke(HttpContext httpContext)
   at Swashbuckle.AspNetCore.Swagger.SwaggerMiddleware.Invoke(HttpContext httpContext, ISwaggerProvider swaggerProvider)
   at Program.<>c.<<<Main>$>b__0_123>d.MoveNext() in C:\Users\8-Bits\Desktop\Sys\SysAssist\src\SysAssist.Api\Program.cs:line 802
--- End of stack trace from previous location ---
   at Serilog.AspNetCore.RequestLoggingMiddleware.Invoke(HttpContext httpContext)
[19:38:41 ERR] HTTP POST /api/auth/login responded 500 in 0.4848 ms
Microsoft.AspNetCore.Http.BadHttpRequestException: Failed to read parameter "LoginRequest request" from the request body as JSON.
 ---> System.Text.Json.JsonException: 'l' is an invalid start of a property name. Expected a '"'. Path: $ | LineNumber: 0 | BytePositionInLine: 1.
 ---> System.Text.Json.JsonReaderException: 'l' is an invalid start of a property name. Expected a '"'. LineNumber: 0 | BytePositionInLine: 1.
   at System.Text.Json.ThrowHelper.ThrowJsonReaderException(Utf8JsonReader& json, ExceptionResource resource, Byte nextByte, ReadOnlySpan`1 bytes)
   at System.Text.Json.Utf8JsonReader.ReadSingleSegment()
   at System.Text.Json.Utf8JsonReader.Read()
   at System.Text.Json.Serialization.Converters.ObjectWithParameterizedConstructorConverter`1.ReadConstructorArgumentsWithContinuation(ReadStack& state, Utf8JsonReader& reader, JsonSerializerOptions options)
   at System.Text.Json.Serialization.Converters.ObjectWithParameterizedConstructorConverter`1.OnTryRead(Utf8JsonReader& reader, Type typeToConvert, JsonSerializerOptions options, ReadStack& state, T& value)
   at System.Text.Json.Serialization.JsonConverter`1.TryRead(Utf8JsonReader& reader, Type typeToConvert, JsonSerializerOptions options, ReadStack& state, T& value, Boolean& isPopulatedValue)
   at System.Text.Json.Serialization.JsonConverter`1.ReadCore(Utf8JsonReader& reader, T& value, JsonSerializerOptions options, ReadStack& state)
   --- End of inner exception stack trace ---
   at System.Text.Json.ThrowHelper.ReThrowWithPath(ReadStack& state, JsonReaderException ex)
   at System.Text.Json.Serialization.JsonConverter`1.ReadCore(Utf8JsonReader& reader, T& value, JsonSerializerOptions options, ReadStack& state)
   at System.Text.Json.Serialization.Metadata.JsonTypeInfo`1.ContinueDeserialize(ReadBufferState& bufferState, JsonReaderState& jsonReaderState, ReadStack& readStack, T& value)
   at System.Text.Json.Serialization.Metadata.JsonTypeInfo`1.DeserializeAsync(Stream utf8Json, CancellationToken cancellationToken)
   at System.Text.Json.Serialization.Metadata.JsonTypeInfo`1.DeserializeAsObjectAsync(Stream utf8Json, CancellationToken cancellationToken)
   at Microsoft.AspNetCore.Http.HttpRequestJsonExtensions.ReadFromJsonAsync(HttpRequest request, JsonTypeInfo jsonTypeInfo, CancellationToken cancellationToken)
   at Microsoft.AspNetCore.Http.HttpRequestJsonExtensions.ReadFromJsonAsync(HttpRequest request, JsonTypeInfo jsonTypeInfo, CancellationToken cancellationToken)
   at Microsoft.AspNetCore.Http.RequestDelegateFactory.<HandleRequestBodyAndCompileRequestDelegateForJson>g__TryReadBodyAsync|101_0(HttpContext httpContext, Type bodyType, String parameterTypeName, String parameterName, Boolean allowEmptyRequestBody, Boolean throwOnBadRequest, JsonTypeInfo jsonTypeInfo)
   --- End of inner exception stack trace ---
   at Microsoft.AspNetCore.Http.RequestDelegateFactory.Log.InvalidJsonRequestBody(HttpContext httpContext, String parameterTypeName, String parameterName, Exception exception, Boolean shouldThrow)
   at Microsoft.AspNetCore.Http.RequestDelegateFactory.<HandleRequestBodyAndCompileRequestDelegateForJson>g__TryReadBodyAsync|101_0(HttpContext httpContext, Type bodyType, String parameterTypeName, String parameterName, Boolean allowEmptyRequestBody, Boolean throwOnBadRequest, JsonTypeInfo jsonTypeInfo)
   at Microsoft.AspNetCore.Http.RequestDelegateFactory.<>c__DisplayClass101_2.<<HandleRequestBodyAndCompileRequestDelegateForJson>b__2>d.MoveNext()
--- End of stack trace from previous location ---
   at Program.<>c.<<<Main>$>b__0_9>d.MoveNext() in C:\Users\8-Bits\Desktop\Sys\SysAssist\src\SysAssist.Api\Program.cs:line 200
--- End of stack trace from previous location ---
   at Microsoft.AspNetCore.Authorization.AuthorizationMiddleware.Invoke(HttpContext context)
   at Microsoft.AspNetCore.RateLimiting.RateLimitingMiddleware.InvokeInternal(HttpContext context, EnableRateLimitingAttribute enableRateLimitingAttribute)
   at Microsoft.AspNetCore.Authentication.AuthenticationMiddleware.Invoke(HttpContext context)
   at Swashbuckle.AspNetCore.SwaggerUI.SwaggerUIMiddleware.Invoke(HttpContext httpContext)
   at Swashbuckle.AspNetCore.Swagger.SwaggerMiddleware.Invoke(HttpContext httpContext, ISwaggerProvider swaggerProvider)
   at Program.<>c.<<<Main>$>b__0_123>d.MoveNext() in C:\Users\8-Bits\Desktop\Sys\SysAssist\src\SysAssist.Api\Program.cs:line 802
--- End of stack trace from previous location ---
   at Serilog.AspNetCore.RequestLoggingMiddleware.Invoke(HttpContext httpContext)
[19:38:42 ERR] HTTP POST /api/auth/login responded 500 in 0.5258 ms
Microsoft.AspNetCore.Http.BadHttpRequestException: Failed to read parameter "LoginRequest request" from the request body as JSON.
 ---> System.Text.Json.JsonException: 'l' is an invalid start of a property name. Expected a '"'. Path: $ | LineNumber: 0 | BytePositionInLine: 1.
 ---> System.Text.Json.JsonReaderException: 'l' is an invalid start of a property name. Expected a '"'. LineNumber: 0 | BytePositionInLine: 1.
   at System.Text.Json.ThrowHelper.ThrowJsonReaderException(Utf8JsonReader& json, ExceptionResource resource, Byte nextByte, ReadOnlySpan`1 bytes)
   at System.Text.Json.Utf8JsonReader.ReadSingleSegment()
   at System.Text.Json.Utf8JsonReader.Read()
   at System.Text.Json.Serialization.Converters.ObjectWithParameterizedConstructorConverter`1.ReadConstructorArgumentsWithContinuation(ReadStack& state, Utf8JsonReader& reader, JsonSerializerOptions options)
   at System.Text.Json.Serialization.Converters.ObjectWithParameterizedConstructorConverter`1.OnTryRead(Utf8JsonReader& reader, Type typeToConvert, JsonSerializerOptions options, ReadStack& state, T& value)
   at System.Text.Json.Serialization.JsonConverter`1.TryRead(Utf8JsonReader& reader, Type typeToConvert, JsonSerializerOptions options, ReadStack& state, T& value, Boolean& isPopulatedValue)
   at System.Text.Json.Serialization.JsonConverter`1.ReadCore(Utf8JsonReader& reader, T& value, JsonSerializerOptions options, ReadStack& state)
   --- End of inner exception stack trace ---
   at System.Text.Json.ThrowHelper.ReThrowWithPath(ReadStack& state, JsonReaderException ex)
   at System.Text.Json.Serialization.JsonConverter`1.ReadCore(Utf8JsonReader& reader, T& value, JsonSerializerOptions options, ReadStack& state)
   at System.Text.Json.Serialization.Metadata.JsonTypeInfo`1.ContinueDeserialize(ReadBufferState& bufferState, JsonReaderState& jsonReaderState, ReadStack& readStack, T& value)
   at System.Text.Json.Serialization.Metadata.JsonTypeInfo`1.DeserializeAsync(Stream utf8Json, CancellationToken cancellationToken)
   at System.Text.Json.Serialization.Metadata.JsonTypeInfo`1.DeserializeAsObjectAsync(Stream utf8Json, CancellationToken cancellationToken)
   at Microsoft.AspNetCore.Http.HttpRequestJsonExtensions.ReadFromJsonAsync(HttpRequest request, JsonTypeInfo jsonTypeInfo, CancellationToken cancellationToken)
   at Microsoft.AspNetCore.Http.HttpRequestJsonExtensions.ReadFromJsonAsync(HttpRequest request, JsonTypeInfo jsonTypeInfo, CancellationToken cancellationToken)
   at Microsoft.AspNetCore.Http.RequestDelegateFactory.<HandleRequestBodyAndCompileRequestDelegateForJson>g__TryReadBodyAsync|101_0(HttpContext httpContext, Type bodyType, String parameterTypeName, String parameterName, Boolean allowEmptyRequestBody, Boolean throwOnBadRequest, JsonTypeInfo jsonTypeInfo)
   --- End of inner exception stack trace ---
   at Microsoft.AspNetCore.Http.RequestDelegateFactory.Log.InvalidJsonRequestBody(HttpContext httpContext, String parameterTypeName, String parameterName, Exception exception, Boolean shouldThrow)
   at Microsoft.AspNetCore.Http.RequestDelegateFactory.<HandleRequestBodyAndCompileRequestDelegateForJson>g__TryReadBodyAsync|101_0(HttpContext httpContext, Type bodyType, String parameterTypeName, String parameterName, Boolean allowEmptyRequestBody, Boolean throwOnBadRequest, JsonTypeInfo jsonTypeInfo)
   at Microsoft.AspNetCore.Http.RequestDelegateFactory.<>c__DisplayClass101_2.<<HandleRequestBodyAndCompileRequestDelegateForJson>b__2>d.MoveNext()
--- End of stack trace from previous location ---
   at Program.<>c.<<<Main>$>b__0_9>d.MoveNext() in C:\Users\8-Bits\Desktop\Sys\SysAssist\src\SysAssist.Api\Program.cs:line 200
--- End of stack trace from previous location ---
   at Microsoft.AspNetCore.Authorization.AuthorizationMiddleware.Invoke(HttpContext context)
   at Microsoft.AspNetCore.RateLimiting.RateLimitingMiddleware.InvokeInternal(HttpContext context, EnableRateLimitingAttribute enableRateLimitingAttribute)
   at Microsoft.AspNetCore.Authentication.AuthenticationMiddleware.Invoke(HttpContext context)
   at Swashbuckle.AspNetCore.SwaggerUI.SwaggerUIMiddleware.Invoke(HttpContext httpContext)
   at Swashbuckle.AspNetCore.Swagger.SwaggerMiddleware.Invoke(HttpContext httpContext, ISwaggerProvider swaggerProvider)
   at Program.<>c.<<<Main>$>b__0_123>d.MoveNext() in C:\Users\8-Bits\Desktop\Sys\SysAssist\src\SysAssist.Api\Program.cs:line 802
--- End of stack trace from previous location ---
   at Serilog.AspNetCore.RequestLoggingMiddleware.Invoke(HttpContext httpContext)
[19:38:42 ERR] HTTP POST /api/auth/login responded 500 in 0.3697 ms
Microsoft.AspNetCore.Http.BadHttpRequestException: Failed to read parameter "LoginRequest request" from the request body as JSON.
 ---> System.Text.Json.JsonException: 'l' is an invalid start of a property name. Expected a '"'. Path: $ | LineNumber: 0 | BytePositionInLine: 1.
 ---> System.Text.Json.JsonReaderException: 'l' is an invalid start of a property name. Expected a '"'. LineNumber: 0 | BytePositionInLine: 1.
   at System.Text.Json.ThrowHelper.ThrowJsonReaderException(Utf8JsonReader& json, ExceptionResource resource, Byte nextByte, ReadOnlySpan`1 bytes)
   at System.Text.Json.Utf8JsonReader.ReadSingleSegment()
   at System.Text.Json.Utf8JsonReader.Read()
   at System.Text.Json.Serialization.Converters.ObjectWithParameterizedConstructorConverter`1.ReadConstructorArgumentsWithContinuation(ReadStack& state, Utf8JsonReader& reader, JsonSerializerOptions options)
   at System.Text.Json.Serialization.Converters.ObjectWithParameterizedConstructorConverter`1.OnTryRead(Utf8JsonReader& reader, Type typeToConvert, JsonSerializerOptions options, ReadStack& state, T& value)
   at System.Text.Json.Serialization.JsonConverter`1.TryRead(Utf8JsonReader& reader, Type typeToConvert, JsonSerializerOptions options, ReadStack& state, T& value, Boolean& isPopulatedValue)
   at System.Text.Json.Serialization.JsonConverter`1.ReadCore(Utf8JsonReader& reader, T& value, JsonSerializerOptions options, ReadStack& state)
   --- End of inner exception stack trace ---
   at System.Text.Json.ThrowHelper.ReThrowWithPath(ReadStack& state, JsonReaderException ex)
   at System.Text.Json.Serialization.JsonConverter`1.ReadCore(Utf8JsonReader& reader, T& value, JsonSerializerOptions options, ReadStack& state)
   at System.Text.Json.Serialization.Metadata.JsonTypeInfo`1.ContinueDeserialize(ReadBufferState& bufferState, JsonReaderState& jsonReaderState, ReadStack& readStack, T& value)
   at System.Text.Json.Serialization.Metadata.JsonTypeInfo`1.DeserializeAsync(Stream utf8Json, CancellationToken cancellationToken)
   at System.Text.Json.Serialization.Metadata.JsonTypeInfo`1.DeserializeAsObjectAsync(Stream utf8Json, CancellationToken cancellationToken)
   at Microsoft.AspNetCore.Http.HttpRequestJsonExtensions.ReadFromJsonAsync(HttpRequest request, JsonTypeInfo jsonTypeInfo, CancellationToken cancellationToken)
   at Microsoft.AspNetCore.Http.HttpRequestJsonExtensions.ReadFromJsonAsync(HttpRequest request, JsonTypeInfo jsonTypeInfo, CancellationToken cancellationToken)
   at Microsoft.AspNetCore.Http.RequestDelegateFactory.<HandleRequestBodyAndCompileRequestDelegateForJson>g__TryReadBodyAsync|101_0(HttpContext httpContext, Type bodyType, String parameterTypeName, String parameterName, Boolean allowEmptyRequestBody, Boolean throwOnBadRequest, JsonTypeInfo jsonTypeInfo)
   --- End of inner exception stack trace ---
   at Microsoft.AspNetCore.Http.RequestDelegateFactory.Log.InvalidJsonRequestBody(HttpContext httpContext, String parameterTypeName, String parameterName, Exception exception, Boolean shouldThrow)
   at Microsoft.AspNetCore.Http.RequestDelegateFactory.<HandleRequestBodyAndCompileRequestDelegateForJson>g__TryReadBodyAsync|101_0(HttpContext httpContext, Type bodyType, String parameterTypeName, String parameterName, Boolean allowEmptyRequestBody, Boolean throwOnBadRequest, JsonTypeInfo jsonTypeInfo)
   at Microsoft.AspNetCore.Http.RequestDelegateFactory.<>c__DisplayClass101_2.<<HandleRequestBodyAndCompileRequestDelegateForJson>b__2>d.MoveNext()
--- End of stack trace from previous location ---
   at Program.<>c.<<<Main>$>b__0_9>d.MoveNext() in C:\Users\8-Bits\Desktop\Sys\SysAssist\src\SysAssist.Api\Program.cs:line 200
--- End of stack trace from previous location ---
   at Microsoft.AspNetCore.Authorization.AuthorizationMiddleware.Invoke(HttpContext context)
   at Microsoft.AspNetCore.RateLimiting.RateLimitingMiddleware.InvokeInternal(HttpContext context, EnableRateLimitingAttribute enableRateLimitingAttribute)
   at Microsoft.AspNetCore.Authentication.AuthenticationMiddleware.Invoke(HttpContext context)
   at Swashbuckle.AspNetCore.SwaggerUI.SwaggerUIMiddleware.Invoke(HttpContext httpContext)
   at Swashbuckle.AspNetCore.Swagger.SwaggerMiddleware.Invoke(HttpContext httpContext, ISwaggerProvider swaggerProvider)
   at Program.<>c.<<<Main>$>b__0_123>d.MoveNext() in C:\Users\8-Bits\Desktop\Sys\SysAssist\src\SysAssist.Api\Program.cs:line 802
--- End of stack trace from previous location ---
   at Serilog.AspNetCore.RequestLoggingMiddleware.Invoke(HttpContext httpContext)
[19:38:43 ERR] HTTP POST /api/auth/login responded 500 in 0.3453 ms
Microsoft.AspNetCore.Http.BadHttpRequestException: Failed to read parameter "LoginRequest request" from the request body as JSON.
 ---> System.Text.Json.JsonException: 'l' is an invalid start of a property name. Expected a '"'. Path: $ | LineNumber: 0 | BytePositionInLine: 1.
 ---> System.Text.Json.JsonReaderException: 'l' is an invalid start of a property name. Expected a '"'. LineNumber: 0 | BytePositionInLine: 1.
   at System.Text.Json.ThrowHelper.ThrowJsonReaderException(Utf8JsonReader& json, ExceptionResource resource, Byte nextByte, ReadOnlySpan`1 bytes)
   at System.Text.Json.Utf8JsonReader.ReadSingleSegment()
   at System.Text.Json.Utf8JsonReader.Read()
   at System.Text.Json.Serialization.Converters.ObjectWithParameterizedConstructorConverter`1.ReadConstructorArgumentsWithContinuation(ReadStack& state, Utf8JsonReader& reader, JsonSerializerOptions options)
   at System.Text.Json.Serialization.Converters.ObjectWithParameterizedConstructorConverter`1.OnTryRead(Utf8JsonReader& reader, Type typeToConvert, JsonSerializerOptions options, ReadStack& state, T& value)
   at System.Text.Json.Serialization.JsonConverter`1.TryRead(Utf8JsonReader& reader, Type typeToConvert, JsonSerializerOptions options, ReadStack& state, T& value, Boolean& isPopulatedValue)
   at System.Text.Json.Serialization.JsonConverter`1.ReadCore(Utf8JsonReader& reader, T& value, JsonSerializerOptions options, ReadStack& state)
   --- End of inner exception stack trace ---
   at System.Text.Json.ThrowHelper.ReThrowWithPath(ReadStack& state, JsonReaderException ex)
   at System.Text.Json.Serialization.JsonConverter`1.ReadCore(Utf8JsonReader& reader, T& value, JsonSerializerOptions options, ReadStack& state)
   at System.Text.Json.Serialization.Metadata.JsonTypeInfo`1.ContinueDeserialize(ReadBufferState& bufferState, JsonReaderState& jsonReaderState, ReadStack& readStack, T& value)
   at System.Text.Json.Serialization.Metadata.JsonTypeInfo`1.DeserializeAsync(Stream utf8Json, CancellationToken cancellationToken)
   at System.Text.Json.Serialization.Metadata.JsonTypeInfo`1.DeserializeAsObjectAsync(Stream utf8Json, CancellationToken cancellationToken)
   at Microsoft.AspNetCore.Http.HttpRequestJsonExtensions.ReadFromJsonAsync(HttpRequest request, JsonTypeInfo jsonTypeInfo, CancellationToken cancellationToken)
   at Microsoft.AspNetCore.Http.HttpRequestJsonExtensions.ReadFromJsonAsync(HttpRequest request, JsonTypeInfo jsonTypeInfo, CancellationToken cancellationToken)
   at Microsoft.AspNetCore.Http.RequestDelegateFactory.<HandleRequestBodyAndCompileRequestDelegateForJson>g__TryReadBodyAsync|101_0(HttpContext httpContext, Type bodyType, String parameterTypeName, String parameterName, Boolean allowEmptyRequestBody, Boolean throwOnBadRequest, JsonTypeInfo jsonTypeInfo)
   --- End of inner exception stack trace ---
   at Microsoft.AspNetCore.Http.RequestDelegateFactory.Log.InvalidJsonRequestBody(HttpContext httpContext, String parameterTypeName, String parameterName, Exception exception, Boolean shouldThrow)
   at Microsoft.AspNetCore.Http.RequestDelegateFactory.<HandleRequestBodyAndCompileRequestDelegateForJson>g__TryReadBodyAsync|101_0(HttpContext httpContext, Type bodyType, String parameterTypeName, String parameterName, Boolean allowEmptyRequestBody, Boolean throwOnBadRequest, JsonTypeInfo jsonTypeInfo)
   at Microsoft.AspNetCore.Http.RequestDelegateFactory.<>c__DisplayClass101_2.<<HandleRequestBodyAndCompileRequestDelegateForJson>b__2>d.MoveNext()
--- End of stack trace from previous location ---
   at Program.<>c.<<<Main>$>b__0_9>d.MoveNext() in C:\Users\8-Bits\Desktop\Sys\SysAssist\src\SysAssist.Api\Program.cs:line 200
--- End of stack trace from previous location ---
   at Microsoft.AspNetCore.Authorization.AuthorizationMiddleware.Invoke(HttpContext context)
   at Microsoft.AspNetCore.RateLimiting.RateLimitingMiddleware.InvokeInternal(HttpContext context, EnableRateLimitingAttribute enableRateLimitingAttribute)
   at Microsoft.AspNetCore.Authentication.AuthenticationMiddleware.Invoke(HttpContext context)
   at Swashbuckle.AspNetCore.SwaggerUI.SwaggerUIMiddleware.Invoke(HttpContext httpContext)
   at Swashbuckle.AspNetCore.Swagger.SwaggerMiddleware.Invoke(HttpContext httpContext, ISwaggerProvider swaggerProvider)
   at Program.<>c.<<<Main>$>b__0_123>d.MoveNext() in C:\Users\8-Bits\Desktop\Sys\SysAssist\src\SysAssist.Api\Program.cs:line 802
--- End of stack trace from previous location ---
   at Serilog.AspNetCore.RequestLoggingMiddleware.Invoke(HttpContext httpContext)
[19:38:43 ERR] HTTP POST /api/auth/login responded 500 in 0.3197 ms
Microsoft.AspNetCore.Http.BadHttpRequestException: Failed to read parameter "LoginRequest request" from the request body as JSON.
 ---> System.Text.Json.JsonException: 'l' is an invalid start of a property name. Expected a '"'. Path: $ | LineNumber: 0 | BytePositionInLine: 1.
 ---> System.Text.Json.JsonReaderException: 'l' is an invalid start of a property name. Expected a '"'. LineNumber: 0 | BytePositionInLine: 1.
   at System.Text.Json.ThrowHelper.ThrowJsonReaderException(Utf8JsonReader& json, ExceptionResource resource, Byte nextByte, ReadOnlySpan`1 bytes)
   at System.Text.Json.Utf8JsonReader.ReadSingleSegment()
   at System.Text.Json.Utf8JsonReader.Read()
   at System.Text.Json.Serialization.Converters.ObjectWithParameterizedConstructorConverter`1.ReadConstructorArgumentsWithContinuation(ReadStack& state, Utf8JsonReader& reader, JsonSerializerOptions options)
   at System.Text.Json.Serialization.Converters.ObjectWithParameterizedConstructorConverter`1.OnTryRead(Utf8JsonReader& reader, Type typeToConvert, JsonSerializerOptions options, ReadStack& state, T& value)
   at System.Text.Json.Serialization.JsonConverter`1.TryRead(Utf8JsonReader& reader, Type typeToConvert, JsonSerializerOptions options, ReadStack& state, T& value, Boolean& isPopulatedValue)
   at System.Text.Json.Serialization.JsonConverter`1.ReadCore(Utf8JsonReader& reader, T& value, JsonSerializerOptions options, ReadStack& state)
   --- End of inner exception stack trace ---
   at System.Text.Json.ThrowHelper.ReThrowWithPath(ReadStack& state, JsonReaderException ex)
   at System.Text.Json.Serialization.JsonConverter`1.ReadCore(Utf8JsonReader& reader, T& value, JsonSerializerOptions options, ReadStack& state)
   at System.Text.Json.Serialization.Metadata.JsonTypeInfo`1.ContinueDeserialize(ReadBufferState& bufferState, JsonReaderState& jsonReaderState, ReadStack& readStack, T& value)
   at System.Text.Json.Serialization.Metadata.JsonTypeInfo`1.DeserializeAsync(Stream utf8Json, CancellationToken cancellationToken)
   at System.Text.Json.Serialization.Metadata.JsonTypeInfo`1.DeserializeAsObjectAsync(Stream utf8Json, CancellationToken cancellationToken)
   at Microsoft.AspNetCore.Http.HttpRequestJsonExtensions.ReadFromJsonAsync(HttpRequest request, JsonTypeInfo jsonTypeInfo, CancellationToken cancellationToken)
   at Microsoft.AspNetCore.Http.HttpRequestJsonExtensions.ReadFromJsonAsync(HttpRequest request, JsonTypeInfo jsonTypeInfo, CancellationToken cancellationToken)
   at Microsoft.AspNetCore.Http.RequestDelegateFactory.<HandleRequestBodyAndCompileRequestDelegateForJson>g__TryReadBodyAsync|101_0(HttpContext httpContext, Type bodyType, String parameterTypeName, String parameterName, Boolean allowEmptyRequestBody, Boolean throwOnBadRequest, JsonTypeInfo jsonTypeInfo)
   --- End of inner exception stack trace ---
   at Microsoft.AspNetCore.Http.RequestDelegateFactory.Log.InvalidJsonRequestBody(HttpContext httpContext, String parameterTypeName, String parameterName, Exception exception, Boolean shouldThrow)
   at Microsoft.AspNetCore.Http.RequestDelegateFactory.<HandleRequestBodyAndCompileRequestDelegateForJson>g__TryReadBodyAsync|101_0(HttpContext httpContext, Type bodyType, String parameterTypeName, String parameterName, Boolean allowEmptyRequestBody, Boolean throwOnBadRequest, JsonTypeInfo jsonTypeInfo)
   at Microsoft.AspNetCore.Http.RequestDelegateFactory.<>c__DisplayClass101_2.<<HandleRequestBodyAndCompileRequestDelegateForJson>b__2>d.MoveNext()
--- End of stack trace from previous location ---
   at Program.<>c.<<<Main>$>b__0_9>d.MoveNext() in C:\Users\8-Bits\Desktop\Sys\SysAssist\src\SysAssist.Api\Program.cs:line 200
--- End of stack trace from previous location ---
   at Microsoft.AspNetCore.Authorization.AuthorizationMiddleware.Invoke(HttpContext context)
   at Microsoft.AspNetCore.RateLimiting.RateLimitingMiddleware.InvokeInternal(HttpContext context, EnableRateLimitingAttribute enableRateLimitingAttribute)
   at Microsoft.AspNetCore.Authentication.AuthenticationMiddleware.Invoke(HttpContext context)
   at Swashbuckle.AspNetCore.SwaggerUI.SwaggerUIMiddleware.Invoke(HttpContext httpContext)
   at Swashbuckle.AspNetCore.Swagger.SwaggerMiddleware.Invoke(HttpContext httpContext, ISwaggerProvider swaggerProvider)
   at Program.<>c.<<<Main>$>b__0_123>d.MoveNext() in C:\Users\8-Bits\Desktop\Sys\SysAssist\src\SysAssist.Api\Program.cs:line 802
--- End of stack trace from previous location ---
   at Serilog.AspNetCore.RequestLoggingMiddleware.Invoke(HttpContext httpContext)
[19:38:44 ERR] HTTP POST /api/auth/login responded 500 in 0.3068 ms
Microsoft.AspNetCore.Http.BadHttpRequestException: Failed to read parameter "LoginRequest request" from the request body as JSON.
 ---> System.Text.Json.JsonException: 'l' is an invalid start of a property name. Expected a '"'. Path: $ | LineNumber: 0 | BytePositionInLine: 1.
 ---> System.Text.Json.JsonReaderException: 'l' is an invalid start of a property name. Expected a '"'. LineNumber: 0 | BytePositionInLine: 1.
   at System.Text.Json.ThrowHelper.ThrowJsonReaderException(Utf8JsonReader& json, ExceptionResource resource, Byte nextByte, ReadOnlySpan`1 bytes)
   at System.Text.Json.Utf8JsonReader.ReadSingleSegment()
   at System.Text.Json.Utf8JsonReader.Read()
   at System.Text.Json.Serialization.Converters.ObjectWithParameterizedConstructorConverter`1.ReadConstructorArgumentsWithContinuation(ReadStack& state, Utf8JsonReader& reader, JsonSerializerOptions options)
   at System.Text.Json.Serialization.Converters.ObjectWithParameterizedConstructorConverter`1.OnTryRead(Utf8JsonReader& reader, Type typeToConvert, JsonSerializerOptions options, ReadStack& state, T& value)
   at System.Text.Json.Serialization.JsonConverter`1.TryRead(Utf8JsonReader& reader, Type typeToConvert, JsonSerializerOptions options, ReadStack& state, T& value, Boolean& isPopulatedValue)
   at System.Text.Json.Serialization.JsonConverter`1.ReadCore(Utf8JsonReader& reader, T& value, JsonSerializerOptions options, ReadStack& state)
   --- End of inner exception stack trace ---
   at System.Text.Json.ThrowHelper.ReThrowWithPath(ReadStack& state, JsonReaderException ex)
   at System.Text.Json.Serialization.JsonConverter`1.ReadCore(Utf8JsonReader& reader, T& value, JsonSerializerOptions options, ReadStack& state)
   at System.Text.Json.Serialization.Metadata.JsonTypeInfo`1.ContinueDeserialize(ReadBufferState& bufferState, JsonReaderState& jsonReaderState, ReadStack& readStack, T& value)
   at System.Text.Json.Serialization.Metadata.JsonTypeInfo`1.DeserializeAsync(Stream utf8Json, CancellationToken cancellationToken)
   at System.Text.Json.Serialization.Metadata.JsonTypeInfo`1.DeserializeAsObjectAsync(Stream utf8Json, CancellationToken cancellationToken)
   at Microsoft.AspNetCore.Http.HttpRequestJsonExtensions.ReadFromJsonAsync(HttpRequest request, JsonTypeInfo jsonTypeInfo, CancellationToken cancellationToken)
   at Microsoft.AspNetCore.Http.HttpRequestJsonExtensions.ReadFromJsonAsync(HttpRequest request, JsonTypeInfo jsonTypeInfo, CancellationToken cancellationToken)
   at Microsoft.AspNetCore.Http.RequestDelegateFactory.<HandleRequestBodyAndCompileRequestDelegateForJson>g__TryReadBodyAsync|101_0(HttpContext httpContext, Type bodyType, String parameterTypeName, String parameterName, Boolean allowEmptyRequestBody, Boolean throwOnBadRequest, JsonTypeInfo jsonTypeInfo)
   --- End of inner exception stack trace ---
   at Microsoft.AspNetCore.Http.RequestDelegateFactory.Log.InvalidJsonRequestBody(HttpContext httpContext, String parameterTypeName, String parameterName, Exception exception, Boolean shouldThrow)
   at Microsoft.AspNetCore.Http.RequestDelegateFactory.<HandleRequestBodyAndCompileRequestDelegateForJson>g__TryReadBodyAsync|101_0(HttpContext httpContext, Type bodyType, String parameterTypeName, String parameterName, Boolean allowEmptyRequestBody, Boolean throwOnBadRequest, JsonTypeInfo jsonTypeInfo)
   at Microsoft.AspNetCore.Http.RequestDelegateFactory.<>c__DisplayClass101_2.<<HandleRequestBodyAndCompileRequestDelegateForJson>b__2>d.MoveNext()
--- End of stack trace from previous location ---
   at Program.<>c.<<<Main>$>b__0_9>d.MoveNext() in C:\Users\8-Bits\Desktop\Sys\SysAssist\src\SysAssist.Api\Program.cs:line 200
--- End of stack trace from previous location ---
   at Microsoft.AspNetCore.Authorization.AuthorizationMiddleware.Invoke(HttpContext context)
   at Microsoft.AspNetCore.RateLimiting.RateLimitingMiddleware.InvokeInternal(HttpContext context, EnableRateLimitingAttribute enableRateLimitingAttribute)
   at Microsoft.AspNetCore.Authentication.AuthenticationMiddleware.Invoke(HttpContext context)
   at Swashbuckle.AspNetCore.SwaggerUI.SwaggerUIMiddleware.Invoke(HttpContext httpContext)
   at Swashbuckle.AspNetCore.Swagger.SwaggerMiddleware.Invoke(HttpContext httpContext, ISwaggerProvider swaggerProvider)
   at Program.<>c.<<<Main>$>b__0_123>d.MoveNext() in C:\Users\8-Bits\Desktop\Sys\SysAssist\src\SysAssist.Api\Program.cs:line 802
--- End of stack trace from previous location ---
   at Serilog.AspNetCore.RequestLoggingMiddleware.Invoke(HttpContext httpContext)
[19:38:44 ERR] HTTP POST /api/auth/login responded 500 in 0.4274 ms
Microsoft.AspNetCore.Http.BadHttpRequestException: Failed to read parameter "LoginRequest request" from the request body as JSON.
 ---> System.Text.Json.JsonException: 'l' is an invalid start of a property name. Expected a '"'. Path: $ | LineNumber: 0 | BytePositionInLine: 1.
 ---> System.Text.Json.JsonReaderException: 'l' is an invalid start of a property name. Expected a '"'. LineNumber: 0 | BytePositionInLine: 1.
   at System.Text.Json.ThrowHelper.ThrowJsonReaderException(Utf8JsonReader& json, ExceptionResource resource, Byte nextByte, ReadOnlySpan`1 bytes)
   at System.Text.Json.Utf8JsonReader.ReadSingleSegment()
   at System.Text.Json.Utf8JsonReader.Read()
   at System.Text.Json.Serialization.Converters.ObjectWithParameterizedConstructorConverter`1.ReadConstructorArgumentsWithContinuation(ReadStack& state, Utf8JsonReader& reader, JsonSerializerOptions options)
   at System.Text.Json.Serialization.Converters.ObjectWithParameterizedConstructorConverter`1.OnTryRead(Utf8JsonReader& reader, Type typeToConvert, JsonSerializerOptions options, ReadStack& state, T& value)
   at System.Text.Json.Serialization.JsonConverter`1.TryRead(Utf8JsonReader& reader, Type typeToConvert, JsonSerializerOptions options, ReadStack& state, T& value, Boolean& isPopulatedValue)
   at System.Text.Json.Serialization.JsonConverter`1.ReadCore(Utf8JsonReader& reader, T& value, JsonSerializerOptions options, ReadStack& state)
   --- End of inner exception stack trace ---
   at System.Text.Json.ThrowHelper.ReThrowWithPath(ReadStack& state, JsonReaderException ex)
   at System.Text.Json.Serialization.JsonConverter`1.ReadCore(Utf8JsonReader& reader, T& value, JsonSerializerOptions options, ReadStack& state)
   at System.Text.Json.Serialization.Metadata.JsonTypeInfo`1.ContinueDeserialize(ReadBufferState& bufferState, JsonReaderState& jsonReaderState, ReadStack& readStack, T& value)
   at System.Text.Json.Serialization.Metadata.JsonTypeInfo`1.DeserializeAsync(Stream utf8Json, CancellationToken cancellationToken)
   at System.Text.Json.Serialization.Metadata.JsonTypeInfo`1.DeserializeAsObjectAsync(Stream utf8Json, CancellationToken cancellationToken)
   at Microsoft.AspNetCore.Http.HttpRequestJsonExtensions.ReadFromJsonAsync(HttpRequest request, JsonTypeInfo jsonTypeInfo, CancellationToken cancellationToken)
   at Microsoft.AspNetCore.Http.HttpRequestJsonExtensions.ReadFromJsonAsync(HttpRequest request, JsonTypeInfo jsonTypeInfo, CancellationToken cancellationToken)
   at Microsoft.AspNetCore.Http.RequestDelegateFactory.<HandleRequestBodyAndCompileRequestDelegateForJson>g__TryReadBodyAsync|101_0(HttpContext httpContext, Type bodyType, String parameterTypeName, String parameterName, Boolean allowEmptyRequestBody, Boolean throwOnBadRequest, JsonTypeInfo jsonTypeInfo)
   --- End of inner exception stack trace ---
   at Microsoft.AspNetCore.Http.RequestDelegateFactory.Log.InvalidJsonRequestBody(HttpContext httpContext, String parameterTypeName, String parameterName, Exception exception, Boolean shouldThrow)
   at Microsoft.AspNetCore.Http.RequestDelegateFactory.<HandleRequestBodyAndCompileRequestDelegateForJson>g__TryReadBodyAsync|101_0(HttpContext httpContext, Type bodyType, String parameterTypeName, String parameterName, Boolean allowEmptyRequestBody, Boolean throwOnBadRequest, JsonTypeInfo jsonTypeInfo)
   at Microsoft.AspNetCore.Http.RequestDelegateFactory.<>c__DisplayClass101_2.<<HandleRequestBodyAndCompileRequestDelegateForJson>b__2>d.MoveNext()
--- End of stack trace from previous location ---
   at Program.<>c.<<<Main>$>b__0_9>d.MoveNext() in C:\Users\8-Bits\Desktop\Sys\SysAssist\src\SysAssist.Api\Program.cs:line 200
--- End of stack trace from previous location ---
   at Microsoft.AspNetCore.Authorization.AuthorizationMiddleware.Invoke(HttpContext context)
   at Microsoft.AspNetCore.RateLimiting.RateLimitingMiddleware.InvokeInternal(HttpContext context, EnableRateLimitingAttribute enableRateLimitingAttribute)
   at Microsoft.AspNetCore.Authentication.AuthenticationMiddleware.Invoke(HttpContext context)
   at Swashbuckle.AspNetCore.SwaggerUI.SwaggerUIMiddleware.Invoke(HttpContext httpContext)
   at Swashbuckle.AspNetCore.Swagger.SwaggerMiddleware.Invoke(HttpContext httpContext, ISwaggerProvider swaggerProvider)
   at Program.<>c.<<<Main>$>b__0_123>d.MoveNext() in C:\Users\8-Bits\Desktop\Sys\SysAssist\src\SysAssist.Api\Program.cs:line 802
--- End of stack trace from previous location ---
   at Serilog.AspNetCore.RequestLoggingMiddleware.Invoke(HttpContext httpContext)
[19:38:45 ERR] HTTP POST /api/auth/login responded 500 in 0.3346 ms
Microsoft.AspNetCore.Http.BadHttpRequestException: Failed to read parameter "LoginRequest request" from the request body as JSON.
 ---> System.Text.Json.JsonException: 'l' is an invalid start of a property name. Expected a '"'. Path: $ | LineNumber: 0 | BytePositionInLine: 1.
 ---> System.Text.Json.JsonReaderException: 'l' is an invalid start of a property name. Expected a '"'. LineNumber: 0 | BytePositionInLine: 1.
   at System.Text.Json.ThrowHelper.ThrowJsonReaderException(Utf8JsonReader& json, ExceptionResource resource, Byte nextByte, ReadOnlySpan`1 bytes)
   at System.Text.Json.Utf8JsonReader.ReadSingleSegment()
   at System.Text.Json.Utf8JsonReader.Read()
   at System.Text.Json.Serialization.Converters.ObjectWithParameterizedConstructorConverter`1.ReadConstructorArgumentsWithContinuation(ReadStack& state, Utf8JsonReader& reader, JsonSerializerOptions options)
   at System.Text.Json.Serialization.Converters.ObjectWithParameterizedConstructorConverter`1.OnTryRead(Utf8JsonReader& reader, Type typeToConvert, JsonSerializerOptions options, ReadStack& state, T& value)
   at System.Text.Json.Serialization.JsonConverter`1.TryRead(Utf8JsonReader& reader, Type typeToConvert, JsonSerializerOptions options, ReadStack& state, T& value, Boolean& isPopulatedValue)
   at System.Text.Json.Serialization.JsonConverter`1.ReadCore(Utf8JsonReader& reader, T& value, JsonSerializerOptions options, ReadStack& state)
   --- End of inner exception stack trace ---
   at System.Text.Json.ThrowHelper.ReThrowWithPath(ReadStack& state, JsonReaderException ex)
   at System.Text.Json.Serialization.JsonConverter`1.ReadCore(Utf8JsonReader& reader, T& value, JsonSerializerOptions options, ReadStack& state)
   at System.Text.Json.Serialization.Metadata.JsonTypeInfo`1.ContinueDeserialize(ReadBufferState& bufferState, JsonReaderState& jsonReaderState, ReadStack& readStack, T& value)
   at System.Text.Json.Serialization.Metadata.JsonTypeInfo`1.DeserializeAsync(Stream utf8Json, CancellationToken cancellationToken)
   at System.Text.Json.Serialization.Metadata.JsonTypeInfo`1.DeserializeAsObjectAsync(Stream utf8Json, CancellationToken cancellationToken)
   at Microsoft.AspNetCore.Http.HttpRequestJsonExtensions.ReadFromJsonAsync(HttpRequest request, JsonTypeInfo jsonTypeInfo, CancellationToken cancellationToken)
   at Microsoft.AspNetCore.Http.HttpRequestJsonExtensions.ReadFromJsonAsync(HttpRequest request, JsonTypeInfo jsonTypeInfo, CancellationToken cancellationToken)
   at Microsoft.AspNetCore.Http.RequestDelegateFactory.<HandleRequestBodyAndCompileRequestDelegateForJson>g__TryReadBodyAsync|101_0(HttpContext httpContext, Type bodyType, String parameterTypeName, String parameterName, Boolean allowEmptyRequestBody, Boolean throwOnBadRequest, JsonTypeInfo jsonTypeInfo)
   --- End of inner exception stack trace ---
   at Microsoft.AspNetCore.Http.RequestDelegateFactory.Log.InvalidJsonRequestBody(HttpContext httpContext, String parameterTypeName, String parameterName, Exception exception, Boolean shouldThrow)
   at Microsoft.AspNetCore.Http.RequestDelegateFactory.<HandleRequestBodyAndCompileRequestDelegateForJson>g__TryReadBodyAsync|101_0(HttpContext httpContext, Type bodyType, String parameterTypeName, String parameterName, Boolean allowEmptyRequestBody, Boolean throwOnBadRequest, JsonTypeInfo jsonTypeInfo)
   at Microsoft.AspNetCore.Http.RequestDelegateFactory.<>c__DisplayClass101_2.<<HandleRequestBodyAndCompileRequestDelegateForJson>b__2>d.MoveNext()
--- End of stack trace from previous location ---
   at Program.<>c.<<<Main>$>b__0_9>d.MoveNext() in C:\Users\8-Bits\Desktop\Sys\SysAssist\src\SysAssist.Api\Program.cs:line 200
--- End of stack trace from previous location ---
   at Microsoft.AspNetCore.Authorization.AuthorizationMiddleware.Invoke(HttpContext context)
   at Microsoft.AspNetCore.RateLimiting.RateLimitingMiddleware.InvokeInternal(HttpContext context, EnableRateLimitingAttribute enableRateLimitingAttribute)
   at Microsoft.AspNetCore.Authentication.AuthenticationMiddleware.Invoke(HttpContext context)
   at Swashbuckle.AspNetCore.SwaggerUI.SwaggerUIMiddleware.Invoke(HttpContext httpContext)
   at Swashbuckle.AspNetCore.Swagger.SwaggerMiddleware.Invoke(HttpContext httpContext, ISwaggerProvider swaggerProvider)
   at Program.<>c.<<<Main>$>b__0_123>d.MoveNext() in C:\Users\8-Bits\Desktop\Sys\SysAssist\src\SysAssist.Api\Program.cs:line 802
--- End of stack trace from previous location ---
   at Serilog.AspNetCore.RequestLoggingMiddleware.Invoke(HttpContext httpContext)
[19:38:46 ERR] HTTP POST /api/auth/login responded 500 in 0.4935 ms
Microsoft.AspNetCore.Http.BadHttpRequestException: Failed to read parameter "LoginRequest request" from the request body as JSON.
 ---> System.Text.Json.JsonException: 'l' is an invalid start of a property name. Expected a '"'. Path: $ | LineNumber: 0 | BytePositionInLine: 1.
 ---> System.Text.Json.JsonReaderException: 'l' is an invalid start of a property name. Expected a '"'. LineNumber: 0 | BytePositionInLine: 1.
   at System.Text.Json.ThrowHelper.ThrowJsonReaderException(Utf8JsonReader& json, ExceptionResource resource, Byte nextByte, ReadOnlySpan`1 bytes)
   at System.Text.Json.Utf8JsonReader.ReadSingleSegment()
   at System.Text.Json.Utf8JsonReader.Read()
   at System.Text.Json.Serialization.Converters.ObjectWithParameterizedConstructorConverter`1.ReadConstructorArgumentsWithContinuation(ReadStack& state, Utf8JsonReader& reader, JsonSerializerOptions options)
   at System.Text.Json.Serialization.Converters.ObjectWithParameterizedConstructorConverter`1.OnTryRead(Utf8JsonReader& reader, Type typeToConvert, JsonSerializerOptions options, ReadStack& state, T& value)
   at System.Text.Json.Serialization.JsonConverter`1.TryRead(Utf8JsonReader& reader, Type typeToConvert, JsonSerializerOptions options, ReadStack& state, T& value, Boolean& isPopulatedValue)
   at System.Text.Json.Serialization.JsonConverter`1.ReadCore(Utf8JsonReader& reader, T& value, JsonSerializerOptions options, ReadStack& state)
   --- End of inner exception stack trace ---
   at System.Text.Json.ThrowHelper.ReThrowWithPath(ReadStack& state, JsonReaderException ex)
   at System.Text.Json.Serialization.JsonConverter`1.ReadCore(Utf8JsonReader& reader, T& value, JsonSerializerOptions options, ReadStack& state)
   at System.Text.Json.Serialization.Metadata.JsonTypeInfo`1.ContinueDeserialize(ReadBufferState& bufferState, JsonReaderState& jsonReaderState, ReadStack& readStack, T& value)
   at System.Text.Json.Serialization.Metadata.JsonTypeInfo`1.DeserializeAsync(Stream utf8Json, CancellationToken cancellationToken)
   at System.Text.Json.Serialization.Metadata.JsonTypeInfo`1.DeserializeAsObjectAsync(Stream utf8Json, CancellationToken cancellationToken)
   at Microsoft.AspNetCore.Http.HttpRequestJsonExtensions.ReadFromJsonAsync(HttpRequest request, JsonTypeInfo jsonTypeInfo, CancellationToken cancellationToken)
   at Microsoft.AspNetCore.Http.HttpRequestJsonExtensions.ReadFromJsonAsync(HttpRequest request, JsonTypeInfo jsonTypeInfo, CancellationToken cancellationToken)
   at Microsoft.AspNetCore.Http.RequestDelegateFactory.<HandleRequestBodyAndCompileRequestDelegateForJson>g__TryReadBodyAsync|101_0(HttpContext httpContext, Type bodyType, String parameterTypeName, String parameterName, Boolean allowEmptyRequestBody, Boolean throwOnBadRequest, JsonTypeInfo jsonTypeInfo)
   --- End of inner exception stack trace ---
   at Microsoft.AspNetCore.Http.RequestDelegateFactory.Log.InvalidJsonRequestBody(HttpContext httpContext, String parameterTypeName, String parameterName, Exception exception, Boolean shouldThrow)
   at Microsoft.AspNetCore.Http.RequestDelegateFactory.<HandleRequestBodyAndCompileRequestDelegateForJson>g__TryReadBodyAsync|101_0(HttpContext httpContext, Type bodyType, String parameterTypeName, String parameterName, Boolean allowEmptyRequestBody, Boolean throwOnBadRequest, JsonTypeInfo jsonTypeInfo)
   at Microsoft.AspNetCore.Http.RequestDelegateFactory.<>c__DisplayClass101_2.<<HandleRequestBodyAndCompileRequestDelegateForJson>b__2>d.MoveNext()
--- End of stack trace from previous location ---
   at Program.<>c.<<<Main>$>b__0_9>d.MoveNext() in C:\Users\8-Bits\Desktop\Sys\SysAssist\src\SysAssist.Api\Program.cs:line 200
--- End of stack trace from previous location ---
   at Microsoft.AspNetCore.Authorization.AuthorizationMiddleware.Invoke(HttpContext context)
   at Microsoft.AspNetCore.RateLimiting.RateLimitingMiddleware.InvokeInternal(HttpContext context, EnableRateLimitingAttribute enableRateLimitingAttribute)
   at Microsoft.AspNetCore.Authentication.AuthenticationMiddleware.Invoke(HttpContext context)
   at Swashbuckle.AspNetCore.SwaggerUI.SwaggerUIMiddleware.Invoke(HttpContext httpContext)
   at Swashbuckle.AspNetCore.Swagger.SwaggerMiddleware.Invoke(HttpContext httpContext, ISwaggerProvider swaggerProvider)
   at Program.<>c.<<<Main>$>b__0_123>d.MoveNext() in C:\Users\8-Bits\Desktop\Sys\SysAssist\src\SysAssist.Api\Program.cs:line 802
--- End of stack trace from previous location ---
   at Serilog.AspNetCore.RequestLoggingMiddleware.Invoke(HttpContext httpContext)
[19:38:46 INF] HTTP POST /api/auth/login responded 429 in 0.5629 ms
[19:38:46 INF] HTTP POST /api/auth/login responded 429 in 0.1294 ms
[19:38:46 INF] HTTP POST /api/auth/login responded 429 in 0.1092 ms
[19:38:46 INF] HTTP POST /api/auth/login responded 429 in 0.1138 ms
[19:38:46 INF] HTTP POST /api/auth/login responded 429 in 0.1202 ms
