[2m18:43:35[22m [33m[1m[vite][22m[39m [33m[2m(client)[22m[39m [2m[console.warn] [22mThe width(-1) and height(-1) of chart should be greater than 0,
       please check the style of container, or the props width(100%) and height(100%),
       or add a minWidth(0) or minHeight(undefined) or use aspect(undefined) to control the
       height and width.
[2m18:43:35[22m [33m[1m[vite][22m[39m [33m[2m(client)[22m[39m [2m[console.warn] [22mThe width(-1) and height(-1) of chart should be greater than 0,
       please check the style of container, or the props width(100%) and height(100%),
       or add a minWidth(0) or minHeight(undefined) or use aspect(undefined) to control the
       height and width.
[2m18:43:35[22m [33m[1m[vite][22m[39m [33m[2m(client)[22m[39m [2m[console.warn] [22mThe width(-1) and height(-1) of chart should be greater than 0,
       please check the style of container, or the props width(100%) and height(100%),
       or add a minWidth(0) or minHeight(undefined) or use aspect(undefined) to control the
       height and width.
[2m18:43:35[22m [33m[1m[vite][22m[39m [33m[2m(client)[22m[39m [2m[console.warn] [22mThe width(-1) and height(-1) of chart should be greater than 0,
       please check the style of container, or the props width(100%) and height(100%),
       or add a minWidth(0) or minHeight(undefined) or use aspect(undefined) to control the
       height and width.
[2m18:43:35[22m [33m[1m[vite][22m[39m [33m[2m(client)[22m[39m [2m[console.warn] [22m[React Flow]: It looks like you've created a new nodeTypes or edgeTypes object. If this wasn't on purpose please define the nodeTypes/edgeTypes outside of the component or memoize them. Help: https://reactflow.dev/error#002
[2m18:43:35[22m [33m[1m[vite][22m[39m [33m[2m(client)[22m[39m [2m[console.warn] [22m[React Flow]: It looks like you've created a new nodeTypes or edgeTypes object. If this wasn't on purpose please define the nodeTypes/edgeTypes outside of the component or memoize them. Help: https://reactflow.dev/error#002
[2m18:43:35[22m [33m[1m[vite][22m[39m [33m[2m(client)[22m[39m [2m[console.warn] [22mThe width(-1) and height(-1) of chart should be greater than 0,
       please check the style of container, or the props width(100%) and height(100%),
       or add a minWidth(0) or minHeight(undefined) or use aspect(undefined) to control the
       height and width.
[2m18:43:35[22m [33m[1m[vite][22m[39m [33m[2m(client)[22m[39m [2m[console.warn] [22mThe width(-1) and height(-1) of chart should be greater than 0,
       please check the style of container, or the props width(100%) and height(100%),
       or add a minWidth(0) or minHeight(undefined) or use aspect(undefined) to control the
       height and width.
[2m18:43:51[22m [33m[1m[vite][22m[39m [33m[2m(client)[22m[39m [2m[console.warn] [22mThe width(-1) and height(-1) of chart should be greater than 0,
       please check the style of container, or the props width(100%) and height(100%),
       or add a minWidth(0) or minHeight(undefined) or use aspect(undefined) to control the
       height and width.
[2m18:43:51[22m [33m[1m[vite][22m[39m [33m[2m(client)[22m[39m [2m[console.warn] [22mThe width(-1) and height(-1) of chart should be greater than 0,
       please check the style of container, or the props width(100%) and height(100%),
       or add a minWidth(0) or minHeight(undefined) or use aspect(undefined) to control the
       height and width.
[2m18:43:51[22m [33m[1m[vite][22m[39m [33m[2m(client)[22m[39m [2m[console.warn] [22mThe width(-1) and height(-1) of chart should be greater than 0,
       please check the style of container, or the props width(100%) and height(100%),
       or add a minWidth(0) or minHeight(undefined) or use aspect(undefined) to control the
       height and width.
[2m18:43:51[22m [33m[1m[vite][22m[39m [33m[2m(client)[22m[39m [2m[console.warn] [22mThe width(-1) and height(-1) of chart should be greater than 0,
       please check the style of container, or the props width(100%) and height(100%),
       or add a minWidth(0) or minHeight(undefined) or use aspect(undefined) to control the
       height and width.
[2m18:43:51[22m [33m[1m[vite][22m[39m [33m[2m(client)[22m[39m [2m[console.warn] [22m[React Flow]: It looks like you've created a new nodeTypes or edgeTypes object. If this wasn't on purpose please define the nodeTypes/edgeTypes outside of the component or memoize them. Help: https://reactflow.dev/error#002
[2m18:43:51[22m [33m[1m[vite][22m[39m [33m[2m(client)[22m[39m [2m[console.warn] [22m[React Flow]: It looks like you've created a new nodeTypes or edgeTypes object. If this wasn't on purpose please define the nodeTypes/edgeTypes outside of the component or memoize them. Help: https://reactflow.dev/error#002
[2m18:43:51[22m [33m[1m[vite][22m[39m [33m[2m(client)[22m[39m [2m[console.warn] [22mThe width(-1) and height(-1) of chart should be greater than 0,
       please check the style of container, or the props width(100%) and height(100%),
       or add a minWidth(0) or minHeight(undefined) or use aspect(undefined) to control the
       height and width.
[2m18:43:51[22m [33m[1m[vite][22m[39m [33m[2m(client)[22m[39m [2m[console.warn] [22mThe width(-1) and height(-1) of chart should be greater than 0,
       please check the style of container, or the props width(100%) and height(100%),
       or add a minWidth(0) or minHeight(undefined) or use aspect(undefined) to control the
       height and width.
[2m18:44:39[22m [31m[1m[vite][22m[39m [31m[2m(client)[22m[39m [2m[console.error] [22mIn HTML, <button> cannot be a descendant of <button>.
This will cause a hydration error.

  ...
    <div className="flex min-w...">
      <Topbar>
      <PageSwitch>
        <ApprovalsPage>
          <PageFrame icon={{...}} title="Approval C...">
            <motion.main ref={{...}} className="min-w-0 fl..." initial={{opacity:0,y:10}} animate={{opacity:1,y:0}} ...>
              <main className="min-w-0 fl..." style={{opacity:0, ...}} ref={function}>
                <div className="mx-auto fl...">
                  <section>
                  <section className="grid gap-5...">
                    <div className="space-y-4">
                      <section>
                      <Panel>
                        <section data-gsap="reveal" className="glass-pane...">
                          <div>
                          <div className="space-y-3">
>                           <button
>                             className="w-full rounded-lg border bg-slate-950/45 p-4 text-left transition hover:borde..."
>                             onClick={function onClick}
>                             type="button"
>                           >
                              <div className="flex flex-...">
                                <div>
                                <div className="flex gap-2">
                                  <Button className="h-9" onClick={function onClick} variant="primary">
>                                   <button
>                                     className="inline-flex items-center justify-center gap-2 rounded-md px-3 text-sm..."
>                                     onClick={function onClick}
>                                   >
                                  ...
                    ...

[2m18:44:39[22m [31m[1m[vite][22m[39m [31m[2m(client)[22m[39m [2m[console.error] [22m<button> cannot contain a nested <button>.
See this log for the ancestor stack trace.
[2m18:44:51[22m [33m[1m[vite][22m[39m [33m[2m(client)[22m[39m [2m[console.warn] [22mGSAP target [data-gsap="reveal"] not found. https://gsap.com
[2m18:44:51[22m [33m[1m[vite][22m[39m [33m[2m(client)[22m[39m [2m[console.warn] [22mGSAP target  not found. https://gsap.com
[2m18:44:51[22m [33m[1m[vite][22m[39m [33m[2m(client)[22m[39m [2m[console.warn] [22mGSAP target  not found. https://gsap.com
[2m18:44:51[22m [33m[1m[vite][22m[39m [33m[2m(client)[22m[39m [2m[console.warn] [22mGSAP target [data-gsap="reveal"] not found. https://gsap.com
[2m18:44:51[22m [33m[1m[vite][22m[39m [33m[2m(client)[22m[39m [2m[console.warn] [22mGSAP target  not found. https://gsap.com
[2m18:44:51[22m [33m[1m[vite][22m[39m [33m[2m(client)[22m[39m [2m[console.warn] [22mGSAP target  not found. https://gsap.com
[2m18:44:53[22m [33m[1m[vite][22m[39m [33m[2m(client)[22m[39m [2m[console.warn] [22m[React Flow]: It looks like you've created a new nodeTypes or edgeTypes object. If this wasn't on purpose please define the nodeTypes/edgeTypes outside of the component or memoize them. Help: https://reactflow.dev/error#002
[2m18:44:53[22m [33m[1m[vite][22m[39m [33m[2m(client)[22m[39m [2m[console.warn] [22m[React Flow]: It looks like you've created a new nodeTypes or edgeTypes object. If this wasn't on purpose please define the nodeTypes/edgeTypes outside of the component or memoize them. Help: https://reactflow.dev/error#002
[2m18:47:30[22m [31m[1m[vite][22m[39m [31m[2m(client)[22m[39m [31m[Unhandled error] [1mReferenceError[22m: flowNodes is not defined
[39m > DashboardPage src/app/AppShell.tsx:671:30
    669 |            </div>
    670 |            <div className="h-80 overflow-hidden rounded-lg border border-slate-700/60 bg-[#060b14]">
    671 |              <ReactFlow nodes={flowNodes} edges={flowEdges} fitView nodesDraggable={false} zoomOnScroll={false}>
        |                                ^
    672 |                <Background color="#334155" gap={18} />
    673 |                <Controls showInteractive={false} />
 > Object.react_stack_bottom_frame node_modules/react-dom/cjs/react-dom-client.development.js:25904:19
 > renderWithHooks node_modules/react-dom/cjs/react-dom-client.development.js:7662:21
 > updateFunctionComponent node_modules/react-dom/cjs/react-dom-client.development.js:10166:18
 > beginWork node_modules/react-dom/cjs/react-dom-client.development.js:11778:17
 > runWithFiberInDEV node_modules/react-dom/cjs/react-dom-client.development.js:871:29
 > performUnitOfWork node_modules/react-dom/cjs/react-dom-client.development.js:17641:21
 > workLoopSync node_modules/react-dom/cjs/react-dom-client.development.js:17469:40
 > renderRootSync node_modules/react-dom/cjs/react-dom-client.development.js:17450:10
 > performWorkOnRoot node_modules/react-dom/cjs/react-dom-client.development.js:16583:34

[2m18:47:30[22m [33m[1m[vite][22m[39m [33m[2m(client)[22m[39m [2m[console.warn] [22mAn error occurred in the <DashboardPage> component.

Consider adding an error boundary to your tree to customize error handling behavior.
Visit https://react.dev/link/error-boundaries to learn more about error boundaries.

[2m18:47:30[22m [31m[1m[vite][22m[39m [31m[2m(client)[22m[39m [31m[Unhandled error] [1mReferenceError[22m: flowNodes is not defined
[39m > DashboardPage src/app/AppShell.tsx:671:30
    669 |            </div>
    670 |            <div className="h-80 overflow-hidden rounded-lg border border-slate-700/60 bg-[#060b14]">
    671 |              <ReactFlow nodes={flowNodes} edges={flowEdges} fitView nodesDraggable={false} zoomOnScroll={false}>
        |                                ^
    672 |                <Background color="#334155" gap={18} />
    673 |                <Controls showInteractive={false} />
 > Object.react_stack_bottom_frame node_modules/react-dom/cjs/react-dom-client.development.js:25904:19
 > renderWithHooks node_modules/react-dom/cjs/react-dom-client.development.js:7662:21
 > updateFunctionComponent node_modules/react-dom/cjs/react-dom-client.development.js:10166:18
 > beginWork node_modules/react-dom/cjs/react-dom-client.development.js:11778:17
 > runWithFiberInDEV node_modules/react-dom/cjs/react-dom-client.development.js:871:29
 > performUnitOfWork node_modules/react-dom/cjs/react-dom-client.development.js:17641:21
 > workLoopSync node_modules/react-dom/cjs/react-dom-client.development.js:17469:40
 > renderRootSync node_modules/react-dom/cjs/react-dom-client.development.js:17450:10
 > performWorkOnRoot node_modules/react-dom/cjs/react-dom-client.development.js:16583:34

[2m18:47:30[22m [33m[1m[vite][22m[39m [33m[2m(client)[22m[39m [2m[console.warn] [22mAn error occurred in the <DashboardPage> component.

Consider adding an error boundary to your tree to customize error handling behavior.
Visit https://react.dev/link/error-boundaries to learn more about error boundaries.

[2m18:48:02[22m [31m[1m[vite][22m[39m [31m[2m(client)[22m[39m [31m[Unhandled error] [1mReferenceError[22m: ReactFlow is not defined
[39m > DashboardPage src/app/AppShell.tsx:669:13
    667 |            </div>
    668 |            <div className="h-80 overflow-hidden rounded-lg border border-slate-700/60 bg-[#060b14]">
    669 |              <ReactFlow nodes={flowNodes} edges={flowEdges} fitView nodesDraggable={false} zoomOnScroll={false}>
        |               ^
    670 |                <Background color="#334155" gap={18} />
    671 |                <Controls showInteractive={false} />
 > Object.react_stack_bottom_frame node_modules/react-dom/cjs/react-dom-client.development.js:25904:19
 > renderWithHooks node_modules/react-dom/cjs/react-dom-client.development.js:7662:21
 > updateFunctionComponent node_modules/react-dom/cjs/react-dom-client.development.js:10166:18
 > beginWork node_modules/react-dom/cjs/react-dom-client.development.js:11778:17
 > runWithFiberInDEV node_modules/react-dom/cjs/react-dom-client.development.js:871:29
 > performUnitOfWork node_modules/react-dom/cjs/react-dom-client.development.js:17641:21
 > workLoopSync node_modules/react-dom/cjs/react-dom-client.development.js:17469:40
 > renderRootSync node_modules/react-dom/cjs/react-dom-client.development.js:17450:10
 > performWorkOnRoot node_modules/react-dom/cjs/react-dom-client.development.js:16583:34

[2m18:48:02[22m [33m[1m[vite][22m[39m [33m[2m(client)[22m[39m [2m[console.warn] [22mAn error occurred in the <DashboardPage> component.

Consider adding an error boundary to your tree to customize error handling behavior.
Visit https://react.dev/link/error-boundaries to learn more about error boundaries.

[2m18:48:03[22m [31m[1m[vite][22m[39m [31m[2m(client)[22m[39m [31m[Unhandled error] [1mReferenceError[22m: ReactFlow is not defined
[39m > DashboardPage src/app/AppShell.tsx:669:13
    667 |            </div>
    668 |            <div className="h-80 overflow-hidden rounded-lg border border-slate-700/60 bg-[#060b14]">
    669 |              <ReactFlow nodes={flowNodes} edges={flowEdges} fitView nodesDraggable={false} zoomOnScroll={false}>
        |               ^
    670 |                <Background color="#334155" gap={18} />
    671 |                <Controls showInteractive={false} />
 > Object.react_stack_bottom_frame node_modules/react-dom/cjs/react-dom-client.development.js:25904:19
 > renderWithHooks node_modules/react-dom/cjs/react-dom-client.development.js:7662:21
 > updateFunctionComponent node_modules/react-dom/cjs/react-dom-client.development.js:10166:18
 > beginWork node_modules/react-dom/cjs/react-dom-client.development.js:11778:17
 > runWithFiberInDEV node_modules/react-dom/cjs/react-dom-client.development.js:871:29
 > performUnitOfWork node_modules/react-dom/cjs/react-dom-client.development.js:17641:21
 > workLoopSync node_modules/react-dom/cjs/react-dom-client.development.js:17469:40
 > renderRootSync node_modules/react-dom/cjs/react-dom-client.development.js:17450:10
 > performWorkOnRoot node_modules/react-dom/cjs/react-dom-client.development.js:16583:34

[2m18:48:03[22m [33m[1m[vite][22m[39m [33m[2m(client)[22m[39m [2m[console.warn] [22mAn error occurred in the <DashboardPage> component.

Consider adding an error boundary to your tree to customize error handling behavior.
Visit https://react.dev/link/error-boundaries to learn more about error boundaries.

[2m18:48:44[22m [33m[1m[vite][22m[39m [33m[2m(client)[22m[39m [2m[console.warn] [22mThe width(-1) and height(-1) of chart should be greater than 0,
       please check the style of container, or the props width(100%) and height(100%),
       or add a minWidth(0) or minHeight(undefined) or use aspect(undefined) to control the
       height and width.
[2m18:48:44[22m [33m[1m[vite][22m[39m [33m[2m(client)[22m[39m [2m[console.warn] [22mThe width(-1) and height(-1) of chart should be greater than 0,
       please check the style of container, or the props width(100%) and height(100%),
       or add a minWidth(0) or minHeight(undefined) or use aspect(undefined) to control the
       height and width.
[2m18:48:44[22m [33m[1m[vite][22m[39m [33m[2m(client)[22m[39m [2m[console.warn] [22mThe width(-1) and height(-1) of chart should be greater than 0,
       please check the style of container, or the props width(100%) and height(100%),
       or add a minWidth(0) or minHeight(undefined) or use aspect(undefined) to control the
       height and width.
[2m18:48:44[22m [33m[1m[vite][22m[39m [33m[2m(client)[22m[39m [2m[console.warn] [22mThe width(-1) and height(-1) of chart should be greater than 0,
       please check the style of container, or the props width(100%) and height(100%),
       or add a minWidth(0) or minHeight(undefined) or use aspect(undefined) to control the
       height and width.
[2m18:48:44[22m [33m[1m[vite][22m[39m [33m[2m(client)[22m[39m [2m[console.warn] [22mThe width(-1) and height(-1) of chart should be greater than 0,
       please check the style of container, or the props width(100%) and height(100%),
       or add a minWidth(0) or minHeight(undefined) or use aspect(undefined) to control the
       height and width.
[2m18:48:44[22m [33m[1m[vite][22m[39m [33m[2m(client)[22m[39m [2m[console.warn] [22mThe width(-1) and height(-1) of chart should be greater than 0,
       please check the style of container, or the props width(100%) and height(100%),
       or add a minWidth(0) or minHeight(undefined) or use aspect(undefined) to control the
       height and width.
[2m18:48:45[22m [33m[1m[vite][22m[39m [33m[2m(client)[22m[39m [2m[console.warn] [22mThe width(-1) and height(-1) of chart should be greater than 0,
       please check the style of container, or the props width(100%) and height(100%),
       or add a minWidth(0) or minHeight(undefined) or use aspect(undefined) to control the
       height and width.
[2m18:48:45[22m [33m[1m[vite][22m[39m [33m[2m(client)[22m[39m [2m[console.warn] [22mThe width(-1) and height(-1) of chart should be greater than 0,
       please check the style of container, or the props width(100%) and height(100%),
       or add a minWidth(0) or minHeight(undefined) or use aspect(undefined) to control the
       height and width.
[2m18:48:45[22m [33m[1m[vite][22m[39m [33m[2m(client)[22m[39m [2m[console.warn] [22mThe width(-1) and height(-1) of chart should be greater than 0,
       please check the style of container, or the props width(100%) and height(100%),
       or add a minWidth(0) or minHeight(undefined) or use aspect(undefined) to control the
       height and width.
[2m18:48:45[22m [33m[1m[vite][22m[39m [33m[2m(client)[22m[39m [2m[console.warn] [22mThe width(-1) and height(-1) of chart should be greater than 0,
       please check the style of container, or the props width(100%) and height(100%),
       or add a minWidth(0) or minHeight(undefined) or use aspect(undefined) to control the
       height and width.
[2m18:48:45[22m [33m[1m[vite][22m[39m [33m[2m(client)[22m[39m [2m[console.warn] [22mThe width(-1) and height(-1) of chart should be greater than 0,
       please check the style of container, or the props width(100%) and height(100%),
       or add a minWidth(0) or minHeight(undefined) or use aspect(undefined) to control the
       height and width.
[2m18:48:45[22m [33m[1m[vite][22m[39m [33m[2m(client)[22m[39m [2m[console.warn] [22mThe width(-1) and height(-1) of chart should be greater than 0,
       please check the style of container, or the props width(100%) and height(100%),
       or add a minWidth(0) or minHeight(undefined) or use aspect(undefined) to control the
       height and width.
[2m18:49:11[22m [33m[1m[vite][22m[39m [33m[2m(client)[22m[39m [2m[console.warn] [22mThe width(-1) and height(-1) of chart should be greater than 0,
       please check the style of container, or the props width(100%) and height(100%),
       or add a minWidth(0) or minHeight(undefined) or use aspect(undefined) to control the
       height and width.
[2m18:49:11[22m [33m[1m[vite][22m[39m [33m[2m(client)[22m[39m [2m[console.warn] [22mThe width(-1) and height(-1) of chart should be greater than 0,
       please check the style of container, or the props width(100%) and height(100%),
       or add a minWidth(0) or minHeight(undefined) or use aspect(undefined) to control the
       height and width.
[2m18:49:11[22m [33m[1m[vite][22m[39m [33m[2m(client)[22m[39m [2m[console.warn] [22mThe width(-1) and height(-1) of chart should be greater than 0,
       please check the style of container, or the props width(100%) and height(100%),
       or add a minWidth(0) or minHeight(undefined) or use aspect(undefined) to control the
       height and width.
[2m18:49:11[22m [33m[1m[vite][22m[39m [33m[2m(client)[22m[39m [2m[console.warn] [22mThe width(-1) and height(-1) of chart should be greater than 0,
       please check the style of container, or the props width(100%) and height(100%),
       or add a minWidth(0) or minHeight(undefined) or use aspect(undefined) to control the
       height and width.
[2m18:49:11[22m [33m[1m[vite][22m[39m [33m[2m(client)[22m[39m [2m[console.warn] [22mThe width(-1) and height(-1) of chart should be greater than 0,
       please check the style of container, or the props width(100%) and height(100%),
       or add a minWidth(0) or minHeight(undefined) or use aspect(undefined) to control the
       height and width.
[2m18:49:11[22m [33m[1m[vite][22m[39m [33m[2m(client)[22m[39m [2m[console.warn] [22mThe width(-1) and height(-1) of chart should be greater than 0,
       please check the style of container, or the props width(100%) and height(100%),
       or add a minWidth(0) or minHeight(undefined) or use aspect(undefined) to control the
       height and width.
[2m18:49:11[22m [33m[1m[vite][22m[39m [33m[2m(client)[22m[39m [2m[console.warn] [22mThe width(-1) and height(-1) of chart should be greater than 0,
       please check the style of container, or the props width(100%) and height(100%),
       or add a minWidth(0) or minHeight(undefined) or use aspect(undefined) to control the
       height and width.
[2m18:49:11[22m [33m[1m[vite][22m[39m [33m[2m(client)[22m[39m [2m[console.warn] [22mThe width(-1) and height(-1) of chart should be greater than 0,
       please check the style of container, or the props width(100%) and height(100%),
       or add a minWidth(0) or minHeight(undefined) or use aspect(undefined) to control the
       height and width.
[2m18:49:11[22m [33m[1m[vite][22m[39m [33m[2m(client)[22m[39m [2m[console.warn] [22mThe width(-1) and height(-1) of chart should be greater than 0,
       please check the style of container, or the props width(100%) and height(100%),
       or add a minWidth(0) or minHeight(undefined) or use aspect(undefined) to control the
       height and width.
[2m18:49:11[22m [33m[1m[vite][22m[39m [33m[2m(client)[22m[39m [2m[console.warn] [22mThe width(-1) and height(-1) of chart should be greater than 0,
       please check the style of container, or the props width(100%) and height(100%),
       or add a minWidth(0) or minHeight(undefined) or use aspect(undefined) to control the
       height and width.
[2m18:49:11[22m [33m[1m[vite][22m[39m [33m[2m(client)[22m[39m [2m[console.warn] [22mThe width(-1) and height(-1) of chart should be greater than 0,
       please check the style of container, or the props width(100%) and height(100%),
       or add a minWidth(0) or minHeight(undefined) or use aspect(undefined) to control the
       height and width.
[2m18:49:11[22m [33m[1m[vite][22m[39m [33m[2m(client)[22m[39m [2m[console.warn] [22mThe width(-1) and height(-1) of chart should be greater than 0,
       please check the style of container, or the props width(100%) and height(100%),
       or add a minWidth(0) or minHeight(undefined) or use aspect(undefined) to control the
       height and width.
[2m18:50:04[22m [33m[1m[vite][22m[39m [33m[2m(client)[22m[39m [2m[console.warn] [22mThe width(-1) and height(-1) of chart should be greater than 0,
       please check the style of container, or the props width(100%) and height(100%),
       or add a minWidth(0) or minHeight(undefined) or use aspect(undefined) to control the
       height and width.
[2m18:50:04[22m [33m[1m[vite][22m[39m [33m[2m(client)[22m[39m [2m[console.warn] [22mThe width(-1) and height(-1) of chart should be greater than 0,
       please check the style of container, or the props width(100%) and height(100%),
       or add a minWidth(0) or minHeight(undefined) or use aspect(undefined) to control the
       height and width.
[2m18:50:04[22m [33m[1m[vite][22m[39m [33m[2m(client)[22m[39m [2m[console.warn] [22mThe width(-1) and height(-1) of chart should be greater than 0,
       please check the style of container, or the props width(100%) and height(100%),
       or add a minWidth(0) or minHeight(undefined) or use aspect(undefined) to control the
       height and width.
[2m18:50:04[22m [33m[1m[vite][22m[39m [33m[2m(client)[22m[39m [2m[console.warn] [22mThe width(-1) and height(-1) of chart should be greater than 0,
       please check the style of container, or the props width(100%) and height(100%),
       or add a minWidth(0) or minHeight(undefined) or use aspect(undefined) to control the
       height and width.
[2m18:50:04[22m [33m[1m[vite][22m[39m [33m[2m(client)[22m[39m [2m[console.warn] [22mThe width(-1) and height(-1) of chart should be greater than 0,
       please check the style of container, or the props width(100%) and height(100%),
       or add a minWidth(0) or minHeight(undefined) or use aspect(undefined) to control the
       height and width.
[2m18:50:04[22m [33m[1m[vite][22m[39m [33m[2m(client)[22m[39m [2m[console.warn] [22mThe width(-1) and height(-1) of chart should be greater than 0,
       please check the style of container, or the props width(100%) and height(100%),
       or add a minWidth(0) or minHeight(undefined) or use aspect(undefined) to control the
       height and width.
[2m18:50:33[22m [33m[1m[vite][22m[39m [33m[2m(client)[22m[39m [2m[console.warn] [22mThe width(-1) and height(-1) of chart should be greater than 0,
       please check the style of container, or the props width(100%) and height(100%),
       or add a minWidth(0) or minHeight(undefined) or use aspect(undefined) to control the
       height and width.
[2m18:50:33[22m [33m[1m[vite][22m[39m [33m[2m(client)[22m[39m [2m[console.warn] [22mThe width(-1) and height(-1) of chart should be greater than 0,
       please check the style of container, or the props width(100%) and height(100%),
       or add a minWidth(0) or minHeight(undefined) or use aspect(undefined) to control the
       height and width.
[2m18:50:33[22m [33m[1m[vite][22m[39m [33m[2m(client)[22m[39m [2m[console.warn] [22mThe width(-1) and height(-1) of chart should be greater than 0,
       please check the style of container, or the props width(100%) and height(100%),
       or add a minWidth(0) or minHeight(undefined) or use aspect(undefined) to control the
       height and width.
[2m18:50:33[22m [33m[1m[vite][22m[39m [33m[2m(client)[22m[39m [2m[console.warn] [22mThe width(-1) and height(-1) of chart should be greater than 0,
       please check the style of container, or the props width(100%) and height(100%),
       or add a minWidth(0) or minHeight(undefined) or use aspect(undefined) to control the
       height and width.
[2m18:50:33[22m [33m[1m[vite][22m[39m [33m[2m(client)[22m[39m [2m[console.warn] [22mThe width(-1) and height(-1) of chart should be greater than 0,
       please check the style of container, or the props width(100%) and height(100%),
       or add a minWidth(0) or minHeight(undefined) or use aspect(undefined) to control the
       height and width.
[2m18:50:33[22m [33m[1m[vite][22m[39m [33m[2m(client)[22m[39m [2m[console.warn] [22mThe width(-1) and height(-1) of chart should be greater than 0,
       please check the style of container, or the props width(100%) and height(100%),
       or add a minWidth(0) or minHeight(undefined) or use aspect(undefined) to control the
       height and width.
[2m18:51:21[22m [33m[1m[vite][22m[39m [33m[2m(client)[22m[39m [2m[console.warn] [22mThe width(-1) and height(-1) of chart should be greater than 0,
       please check the style of container, or the props width(100%) and height(100%),
       or add a minWidth(0) or minHeight(undefined) or use aspect(undefined) to control the
       height and width.
[2m18:51:21[22m [33m[1m[vite][22m[39m [33m[2m(client)[22m[39m [2m[console.warn] [22mThe width(-1) and height(-1) of chart should be greater than 0,
       please check the style of container, or the props width(100%) and height(100%),
       or add a minWidth(0) or minHeight(undefined) or use aspect(undefined) to control the
       height and width.
[2m18:51:21[22m [33m[1m[vite][22m[39m [33m[2m(client)[22m[39m [2m[console.warn] [22mThe width(-1) and height(-1) of chart should be greater than 0,
       please check the style of container, or the props width(100%) and height(100%),
       or add a minWidth(0) or minHeight(undefined) or use aspect(undefined) to control the
       height and width.
[2m18:51:21[22m [33m[1m[vite][22m[39m [33m[2m(client)[22m[39m [2m[console.warn] [22mThe width(-1) and height(-1) of chart should be greater than 0,
       please check the style of container, or the props width(100%) and height(100%),
       or add a minWidth(0) or minHeight(undefined) or use aspect(undefined) to control the
       height and width.
[2m18:51:21[22m [33m[1m[vite][22m[39m [33m[2m(client)[22m[39m [2m[console.warn] [22mThe width(-1) and height(-1) of chart should be greater than 0,
       please check the style of container, or the props width(100%) and height(100%),
       or add a minWidth(0) or minHeight(undefined) or use aspect(undefined) to control the
       height and width.
[2m18:51:21[22m [33m[1m[vite][22m[39m [33m[2m(client)[22m[39m [2m[console.warn] [22mThe width(-1) and height(-1) of chart should be greater than 0,
       please check the style of container, or the props width(100%) and height(100%),
       or add a minWidth(0) or minHeight(undefined) or use aspect(undefined) to control the
       height and width.
[2m18:52:01[22m [33m[1m[vite][22m[39m [33m[2m(client)[22m[39m [2m[console.warn] [22mThe width(-1) and height(-1) of chart should be greater than 0,
       please check the style of container, or the props width(100%) and height(100%),
       or add a minWidth(0) or minHeight(undefined) or use aspect(undefined) to control the
       height and width.
[2m18:52:01[22m [33m[1m[vite][22m[39m [33m[2m(client)[22m[39m [2m[console.warn] [22mThe width(-1) and height(-1) of chart should be greater than 0,
       please check the style of container, or the props width(100%) and height(100%),
       or add a minWidth(0) or minHeight(undefined) or use aspect(undefined) to control the
       height and width.
[2m18:52:01[22m [33m[1m[vite][22m[39m [33m[2m(client)[22m[39m [2m[console.warn] [22mThe width(-1) and height(-1) of chart should be greater than 0,
       please check the style of container, or the props width(100%) and height(100%),
       or add a minWidth(0) or minHeight(undefined) or use aspect(undefined) to control the
       height and width.
[2m18:52:01[22m [33m[1m[vite][22m[39m [33m[2m(client)[22m[39m [2m[console.warn] [22mThe width(-1) and height(-1) of chart should be greater than 0,
       please check the style of container, or the props width(100%) and height(100%),
       or add a minWidth(0) or minHeight(undefined) or use aspect(undefined) to control the
       height and width.
[2m18:52:01[22m [33m[1m[vite][22m[39m [33m[2m(client)[22m[39m [2m[console.warn] [22mThe width(-1) and height(-1) of chart should be greater than 0,
       please check the style of container, or the props width(100%) and height(100%),
       or add a minWidth(0) or minHeight(undefined) or use aspect(undefined) to control the
       height and width.
[2m18:52:01[22m [33m[1m[vite][22m[39m [33m[2m(client)[22m[39m [2m[console.warn] [22mThe width(-1) and height(-1) of chart should be greater than 0,
       please check the style of container, or the props width(100%) and height(100%),
       or add a minWidth(0) or minHeight(undefined) or use aspect(undefined) to control the
       height and width.
[2m18:52:22[22m [33m[1m[vite][22m[39m [33m[2m(client)[22m[39m [2m[console.warn] [22mThe width(-1) and height(-1) of chart should be greater than 0,
       please check the style of container, or the props width(100%) and height(100%),
       or add a minWidth(0) or minHeight(undefined) or use aspect(undefined) to control the
       height and width.
[2m18:52:22[22m [33m[1m[vite][22m[39m [33m[2m(client)[22m[39m [2m[console.warn] [22mThe width(-1) and height(-1) of chart should be greater than 0,
       please check the style of container, or the props width(100%) and height(100%),
       or add a minWidth(0) or minHeight(undefined) or use aspect(undefined) to control the
       height and width.
[2m18:52:22[22m [33m[1m[vite][22m[39m [33m[2m(client)[22m[39m [2m[console.warn] [22mThe width(-1) and height(-1) of chart should be greater than 0,
       please check the style of container, or the props width(100%) and height(100%),
       or add a minWidth(0) or minHeight(undefined) or use aspect(undefined) to control the
       height and width.
[2m18:52:22[22m [33m[1m[vite][22m[39m [33m[2m(client)[22m[39m [2m[console.warn] [22mThe width(-1) and height(-1) of chart should be greater than 0,
       please check the style of container, or the props width(100%) and height(100%),
       or add a minWidth(0) or minHeight(undefined) or use aspect(undefined) to control the
       height and width.
[2m18:52:22[22m [33m[1m[vite][22m[39m [33m[2m(client)[22m[39m [2m[console.warn] [22mThe width(-1) and height(-1) of chart should be greater than 0,
       please check the style of container, or the props width(100%) and height(100%),
       or add a minWidth(0) or minHeight(undefined) or use aspect(undefined) to control the
       height and width.
[2m18:52:22[22m [33m[1m[vite][22m[39m [33m[2m(client)[22m[39m [2m[console.warn] [22mThe width(-1) and height(-1) of chart should be greater than 0,
       please check the style of container, or the props width(100%) and height(100%),
       or add a minWidth(0) or minHeight(undefined) or use aspect(undefined) to control the
       height and width.
[2m18:52:32[22m [33m[1m[vite][22m[39m [33m[2m(client)[22m[39m [2m[console.warn] [22mGSAP target [data-gsap="reveal"] not found. https://gsap.com
[2m18:52:32[22m [33m[1m[vite][22m[39m [33m[2m(client)[22m[39m [2m[console.warn] [22mGSAP target  not found. https://gsap.com
[2m18:52:32[22m [33m[1m[vite][22m[39m [33m[2m(client)[22m[39m [2m[console.warn] [22mGSAP target  not found. https://gsap.com
[2m18:52:32[22m [33m[1m[vite][22m[39m [33m[2m(client)[22m[39m [2m[console.warn] [22mGSAP target [data-gsap="reveal"] not found. https://gsap.com
[2m18:52:32[22m [33m[1m[vite][22m[39m [33m[2m(client)[22m[39m [2m[console.warn] [22mGSAP target  not found. https://gsap.com
[2m18:52:32[22m [33m[1m[vite][22m[39m [33m[2m(client)[22m[39m [2m[console.warn] [22mGSAP target  not found. https://gsap.com
[2m18:52:37[22m [33m[1m[vite][22m[39m [33m[2m(client)[22m[39m [2m[console.warn] [22mThe width(-1) and height(-1) of chart should be greater than 0,
       please check the style of container, or the props width(100%) and height(100%),
       or add a minWidth(0) or minHeight(undefined) or use aspect(undefined) to control the
       height and width.
[2m18:52:37[22m [33m[1m[vite][22m[39m [33m[2m(client)[22m[39m [2m[console.warn] [22mThe width(-1) and height(-1) of chart should be greater than 0,
       please check the style of container, or the props width(100%) and height(100%),
       or add a minWidth(0) or minHeight(undefined) or use aspect(undefined) to control the
       height and width.
[2m18:52:37[22m [33m[1m[vite][22m[39m [33m[2m(client)[22m[39m [2m[console.warn] [22mThe width(-1) and height(-1) of chart should be greater than 0,
       please check the style of container, or the props width(100%) and height(100%),
       or add a minWidth(0) or minHeight(undefined) or use aspect(undefined) to control the
       height and width.
[2m18:52:37[22m [33m[1m[vite][22m[39m [33m[2m(client)[22m[39m [2m[console.warn] [22mThe width(-1) and height(-1) of chart should be greater than 0,
       please check the style of container, or the props width(100%) and height(100%),
       or add a minWidth(0) or minHeight(undefined) or use aspect(undefined) to control the
       height and width.
[2m18:52:37[22m [33m[1m[vite][22m[39m [33m[2m(client)[22m[39m [2m[console.warn] [22mThe width(-1) and height(-1) of chart should be greater than 0,
       please check the style of container, or the props width(100%) and height(100%),
       or add a minWidth(0) or minHeight(undefined) or use aspect(undefined) to control the
       height and width.
[2m18:52:37[22m [33m[1m[vite][22m[39m [33m[2m(client)[22m[39m [2m[console.warn] [22mThe width(-1) and height(-1) of chart should be greater than 0,
       please check the style of container, or the props width(100%) and height(100%),
       or add a minWidth(0) or minHeight(undefined) or use aspect(undefined) to control the
       height and width.
[2m18:53:24[22m [33m[1m[vite][22m[39m [33m[2m(client)[22m[39m [2m[console.warn] [22mThe width(-1) and height(-1) of chart should be greater than 0,
       please check the style of container, or the props width(100%) and height(100%),
       or add a minWidth(0) or minHeight(undefined) or use aspect(undefined) to control the
       height and width.
[2m18:53:24[22m [33m[1m[vite][22m[39m [33m[2m(client)[22m[39m [2m[console.warn] [22mThe width(-1) and height(-1) of chart should be greater than 0,
       please check the style of container, or the props width(100%) and height(100%),
       or add a minWidth(0) or minHeight(undefined) or use aspect(undefined) to control the
       height and width.
[2m18:53:24[22m [33m[1m[vite][22m[39m [33m[2m(client)[22m[39m [2m[console.warn] [22mThe width(-1) and height(-1) of chart should be greater than 0,
       please check the style of container, or the props width(100%) and height(100%),
       or add a minWidth(0) or minHeight(undefined) or use aspect(undefined) to control the
       height and width.
[2m18:53:24[22m [33m[1m[vite][22m[39m [33m[2m(client)[22m[39m [2m[console.warn] [22mThe width(-1) and height(-1) of chart should be greater than 0,
       please check the style of container, or the props width(100%) and height(100%),
       or add a minWidth(0) or minHeight(undefined) or use aspect(undefined) to control the
       height and width.
[2m18:53:24[22m [33m[1m[vite][22m[39m [33m[2m(client)[22m[39m [2m[console.warn] [22mThe width(-1) and height(-1) of chart should be greater than 0,
       please check the style of container, or the props width(100%) and height(100%),
       or add a minWidth(0) or minHeight(undefined) or use aspect(undefined) to control the
       height and width.
[2m18:53:24[22m [33m[1m[vite][22m[39m [33m[2m(client)[22m[39m [2m[console.warn] [22mThe width(-1) and height(-1) of chart should be greater than 0,
       please check the style of container, or the props width(100%) and height(100%),
       or add a minWidth(0) or minHeight(undefined) or use aspect(undefined) to control the
       height and width.
[2m19:00:27[22m [31m[1m[vite][22m[39m [31m[2m(client)[22m[39m [2m[console.error] [22mIn HTML, <button> cannot be a descendant of <button>.
This will cause a hydration error.

  ...
    <div className="flex min-w...">
      <Topbar>
      <PageSwitch>
        <ApprovalsPage>
          <PageFrame icon={{...}} title="Approval C...">
            <motion.main ref={{...}} className="min-w-0 fl..." initial={{opacity:0,y:10}} animate={{opacity:1,y:0}} ...>
              <main className="min-w-0 fl..." style={{opacity:0, ...}} ref={function}>
                <div className="mx-auto fl...">
                  <section>
                  <section className="grid gap-5...">
                    <div className="space-y-4">
                      <section>
                      <Panel>
                        <section data-gsap="reveal" className="glass-pane...">
                          <div>
                          <div className="space-y-3">
>                           <button
>                             className="w-full rounded-lg border bg-slate-950/45 p-4 text-left transition hover:borde..."
>                             onClick={function onClick}
>                             type="button"
>                           >
                              <div className="flex flex-...">
                                <div>
                                <div className="flex gap-2">
                                  <Button className="h-9" onClick={function onClick} variant="primary">
>                                   <button
>                                     className="inline-flex items-center justify-center gap-2 rounded-md px-3 text-sm..."
>                                     onClick={function onClick}
>                                   >
                                  ...
                    ...

[2m19:00:27[22m [31m[1m[vite][22m[39m [31m[2m(client)[22m[39m [2m[console.error] [22m<button> cannot contain a nested <button>.
See this log for the ancestor stack trace.
[2m19:00:34[22m [33m[1m[vite][22m[39m [33m[2m(client)[22m[39m [2m[console.warn] [22mGSAP target [data-gsap="reveal"] not found. https://gsap.com
[2m19:00:34[22m [33m[1m[vite][22m[39m [33m[2m(client)[22m[39m [2m[console.warn] [22mGSAP target  not found. https://gsap.com
[2m19:00:34[22m [33m[1m[vite][22m[39m [33m[2m(client)[22m[39m [2m[console.warn] [22mGSAP target  not found. https://gsap.com
[2m19:00:34[22m [33m[1m[vite][22m[39m [33m[2m(client)[22m[39m [2m[console.warn] [22mGSAP target [data-gsap="reveal"] not found. https://gsap.com
[2m19:00:34[22m [33m[1m[vite][22m[39m [33m[2m(client)[22m[39m [2m[console.warn] [22mGSAP target  not found. https://gsap.com
[2m19:00:34[22m [33m[1m[vite][22m[39m [33m[2m(client)[22m[39m [2m[console.warn] [22mGSAP target  not found. https://gsap.com
[2m19:06:34[22m [33m[1m[vite][22m[39m [33m[2m(client)[22m[39m [2m[console.warn] [22mThe width(-1) and height(-1) of chart should be greater than 0,
       please check the style of container, or the props width(100%) and height(100%),
       or add a minWidth(0) or minHeight(undefined) or use aspect(undefined) to control the
       height and width.
[2m19:06:34[22m [33m[1m[vite][22m[39m [33m[2m(client)[22m[39m [2m[console.warn] [22mThe width(-1) and height(-1) of chart should be greater than 0,
       please check the style of container, or the props width(100%) and height(100%),
       or add a minWidth(0) or minHeight(undefined) or use aspect(undefined) to control the
       height and width.
[2m19:06:34[22m [33m[1m[vite][22m[39m [33m[2m(client)[22m[39m [2m[console.warn] [22mThe width(-1) and height(-1) of chart should be greater than 0,
       please check the style of container, or the props width(100%) and height(100%),
       or add a minWidth(0) or minHeight(undefined) or use aspect(undefined) to control the
       height and width.
[2m19:06:34[22m [33m[1m[vite][22m[39m [33m[2m(client)[22m[39m [2m[console.warn] [22mThe width(-1) and height(-1) of chart should be greater than 0,
       please check the style of container, or the props width(100%) and height(100%),
       or add a minWidth(0) or minHeight(undefined) or use aspect(undefined) to control the
       height and width.
[2m19:06:34[22m [33m[1m[vite][22m[39m [33m[2m(client)[22m[39m [2m[console.warn] [22mThe width(-1) and height(-1) of chart should be greater than 0,
       please check the style of container, or the props width(100%) and height(100%),
       or add a minWidth(0) or minHeight(undefined) or use aspect(undefined) to control the
       height and width.
[2m19:06:34[22m [33m[1m[vite][22m[39m [33m[2m(client)[22m[39m [2m[console.warn] [22mThe width(-1) and height(-1) of chart should be greater than 0,
       please check the style of container, or the props width(100%) and height(100%),
       or add a minWidth(0) or minHeight(undefined) or use aspect(undefined) to control the
       height and width.
[2m19:07:22[22m [31m[1m[vite][22m[39m [31m[2m(client)[22m[39m [2m[console.error] [22mIn HTML, <button> cannot be a descendant of <button>.
This will cause a hydration error.

  ...
    <div className="flex min-w...">
      <Topbar>
      <PageSwitch>
        <ApprovalsPage>
          <PageFrame icon={{...}} title="Approval C...">
            <motion.main ref={{...}} className="min-w-0 fl..." initial={{opacity:0,y:10}} animate={{opacity:1,y:0}} ...>
              <main className="min-w-0 fl..." style={{opacity:0, ...}} ref={function}>
                <div className="mx-auto fl...">
                  <section>
                  <section className="grid gap-5...">
                    <div className="space-y-4">
                      <section>
                      <Panel>
                        <section data-gsap="reveal" className="glass-pane...">
                          <div>
                          <div className="space-y-3">
>                           <button
>                             className="w-full rounded-lg border bg-slate-950/45 p-4 text-left transition hover:borde..."
>                             onClick={function onClick}
>                             type="button"
>                           >
                              <div className="flex flex-...">
                                <div>
                                <div className="flex gap-2">
                                  <Button className="h-9" onClick={function onClick} variant="primary">
>                                   <button
>                                     className="inline-flex items-center justify-center gap-2 rounded-md px-3 text-sm..."
>                                     onClick={function onClick}
>                                   >
                                  ...
                    ...

[2m19:07:22[22m [31m[1m[vite][22m[39m [31m[2m(client)[22m[39m [2m[console.error] [22m<button> cannot contain a nested <button>.
See this log for the ancestor stack trace.
[2m19:07:34[22m [33m[1m[vite][22m[39m [33m[2m(client)[22m[39m [2m[console.warn] [22mGSAP target [data-gsap="reveal"] not found. https://gsap.com
[2m19:07:34[22m [33m[1m[vite][22m[39m [33m[2m(client)[22m[39m [2m[console.warn] [22mGSAP target  not found. https://gsap.com
[2m19:07:34[22m [33m[1m[vite][22m[39m [33m[2m(client)[22m[39m [2m[console.warn] [22mGSAP target  not found. https://gsap.com
[2m19:07:34[22m [33m[1m[vite][22m[39m [33m[2m(client)[22m[39m [2m[console.warn] [22mGSAP target [data-gsap="reveal"] not found. https://gsap.com
[2m19:07:34[22m [33m[1m[vite][22m[39m [33m[2m(client)[22m[39m [2m[console.warn] [22mGSAP target  not found. https://gsap.com
[2m19:07:35[22m [33m[1m[vite][22m[39m [33m[2m(client)[22m[39m [2m[console.warn] [22mGSAP target  not found. https://gsap.com
[2m19:08:31[22m [33m[1m[vite][22m[39m [33m[2m(client)[22m[39m [2m[console.warn] [22mThe width(-1) and height(-1) of chart should be greater than 0,
       please check the style of container, or the props width(100%) and height(100%),
       or add a minWidth(0) or minHeight(undefined) or use aspect(undefined) to control the
       height and width.
[2m19:08:31[22m [33m[1m[vite][22m[39m [33m[2m(client)[22m[39m [2m[console.warn] [22mThe width(-1) and height(-1) of chart should be greater than 0,
       please check the style of container, or the props width(100%) and height(100%),
       or add a minWidth(0) or minHeight(undefined) or use aspect(undefined) to control the
       height and width.
[2m19:08:31[22m [33m[1m[vite][22m[39m [33m[2m(client)[22m[39m [2m[console.warn] [22mThe width(-1) and height(-1) of chart should be greater than 0,
       please check the style of container, or the props width(100%) and height(100%),
       or add a minWidth(0) or minHeight(undefined) or use aspect(undefined) to control the
       height and width.
[2m19:08:31[22m [33m[1m[vite][22m[39m [33m[2m(client)[22m[39m [2m[console.warn] [22mThe width(-1) and height(-1) of chart should be greater than 0,
       please check the style of container, or the props width(100%) and height(100%),
       or add a minWidth(0) or minHeight(undefined) or use aspect(undefined) to control the
       height and width.
[2m19:08:31[22m [33m[1m[vite][22m[39m [33m[2m(client)[22m[39m [2m[console.warn] [22mThe width(-1) and height(-1) of chart should be greater than 0,
       please check the style of container, or the props width(100%) and height(100%),
       or add a minWidth(0) or minHeight(undefined) or use aspect(undefined) to control the
       height and width.
[2m19:08:31[22m [33m[1m[vite][22m[39m [33m[2m(client)[22m[39m [2m[console.warn] [22mThe width(-1) and height(-1) of chart should be greater than 0,
       please check the style of container, or the props width(100%) and height(100%),
       or add a minWidth(0) or minHeight(undefined) or use aspect(undefined) to control the
       height and width.
[2m19:29:36[22m [33m[1m[vite][22m[39m [33m[2m(client)[22m[39m [2m[console.warn] [22mThe width(-1) and height(-1) of chart should be greater than 0,
       please check the style of container, or the props width(100%) and height(100%),
       or add a minWidth(0) or minHeight(undefined) or use aspect(undefined) to control the
       height and width.
[2m19:29:36[22m [33m[1m[vite][22m[39m [33m[2m(client)[22m[39m [2m[console.warn] [22mThe width(-1) and height(-1) of chart should be greater than 0,
       please check the style of container, or the props width(100%) and height(100%),
       or add a minWidth(0) or minHeight(undefined) or use aspect(undefined) to control the
       height and width.
[2m19:29:36[22m [33m[1m[vite][22m[39m [33m[2m(client)[22m[39m [2m[console.warn] [22mThe width(-1) and height(-1) of chart should be greater than 0,
       please check the style of container, or the props width(100%) and height(100%),
       or add a minWidth(0) or minHeight(undefined) or use aspect(undefined) to control the
       height and width.
[2m19:29:36[22m [33m[1m[vite][22m[39m [33m[2m(client)[22m[39m [2m[console.warn] [22mThe width(-1) and height(-1) of chart should be greater than 0,
       please check the style of container, or the props width(100%) and height(100%),
       or add a minWidth(0) or minHeight(undefined) or use aspect(undefined) to control the
       height and width.
[2m19:29:36[22m [33m[1m[vite][22m[39m [33m[2m(client)[22m[39m [2m[console.warn] [22mThe width(-1) and height(-1) of chart should be greater than 0,
       please check the style of container, or the props width(100%) and height(100%),
       or add a minWidth(0) or minHeight(undefined) or use aspect(undefined) to control the
       height and width.
[2m19:29:36[22m [33m[1m[vite][22m[39m [33m[2m(client)[22m[39m [2m[console.warn] [22mThe width(-1) and height(-1) of chart should be greater than 0,
       please check the style of container, or the props width(100%) and height(100%),
       or add a minWidth(0) or minHeight(undefined) or use aspect(undefined) to control the
       height and width.
[2m19:32:40[22m [33m[1m[vite][22m[39m [33m[2m(client)[22m[39m [2m[console.warn] [22mThe width(-1) and height(-1) of chart should be greater than 0,
       please check the style of container, or the props width(100%) and height(100%),
       or add a minWidth(0) or minHeight(undefined) or use aspect(undefined) to control the
       height and width.
[2m19:32:40[22m [33m[1m[vite][22m[39m [33m[2m(client)[22m[39m [2m[console.warn] [22mThe width(-1) and height(-1) of chart should be greater than 0,
       please check the style of container, or the props width(100%) and height(100%),
       or add a minWidth(0) or minHeight(undefined) or use aspect(undefined) to control the
       height and width.
[2m19:32:40[22m [33m[1m[vite][22m[39m [33m[2m(client)[22m[39m [2m[console.warn] [22mThe width(-1) and height(-1) of chart should be greater than 0,
       please check the style of container, or the props width(100%) and height(100%),
       or add a minWidth(0) or minHeight(undefined) or use aspect(undefined) to control the
       height and width.
[2m19:32:40[22m [33m[1m[vite][22m[39m [33m[2m(client)[22m[39m [2m[console.warn] [22mThe width(-1) and height(-1) of chart should be greater than 0,
       please check the style of container, or the props width(100%) and height(100%),
       or add a minWidth(0) or minHeight(undefined) or use aspect(undefined) to control the
       height and width.
[2m19:32:40[22m [33m[1m[vite][22m[39m [33m[2m(client)[22m[39m [2m[console.warn] [22mThe width(-1) and height(-1) of chart should be greater than 0,
       please check the style of container, or the props width(100%) and height(100%),
       or add a minWidth(0) or minHeight(undefined) or use aspect(undefined) to control the
       height and width.
[2m19:32:40[22m [33m[1m[vite][22m[39m [33m[2m(client)[22m[39m [2m[console.warn] [22mThe width(-1) and height(-1) of chart should be greater than 0,
       please check the style of container, or the props width(100%) and height(100%),
       or add a minWidth(0) or minHeight(undefined) or use aspect(undefined) to control the
       height and width.
[2m19:32:40[22m [33m[1m[vite][22m[39m [33m[2m(client)[22m[39m [2m[console.warn] [22mThe width(-1) and height(-1) of chart should be greater than 0,
       please check the style of container, or the props width(100%) and height(100%),
       or add a minWidth(0) or minHeight(undefined) or use aspect(undefined) to control the
       height and width.
[2m19:32:40[22m [33m[1m[vite][22m[39m [33m[2m(client)[22m[39m [2m[console.warn] [22mThe width(-1) and height(-1) of chart should be greater than 0,
       please check the style of container, or the props width(100%) and height(100%),
       or add a minWidth(0) or minHeight(undefined) or use aspect(undefined) to control the
       height and width.
[2m19:32:40[22m [33m[1m[vite][22m[39m [33m[2m(client)[22m[39m [2m[console.warn] [22mThe width(-1) and height(-1) of chart should be greater than 0,
       please check the style of container, or the props width(100%) and height(100%),
       or add a minWidth(0) or minHeight(undefined) or use aspect(undefined) to control the
       height and width.
[2m19:32:40[22m [33m[1m[vite][22m[39m [33m[2m(client)[22m[39m [2m[console.warn] [22mThe width(-1) and height(-1) of chart should be greater than 0,
       please check the style of container, or the props width(100%) and height(100%),
       or add a minWidth(0) or minHeight(undefined) or use aspect(undefined) to control the
       height and width.
[2m19:32:40[22m [33m[1m[vite][22m[39m [33m[2m(client)[22m[39m [2m[console.warn] [22mThe width(-1) and height(-1) of chart should be greater than 0,
       please check the style of container, or the props width(100%) and height(100%),
       or add a minWidth(0) or minHeight(undefined) or use aspect(undefined) to control the
       height and width.
[2m19:32:40[22m [33m[1m[vite][22m[39m [33m[2m(client)[22m[39m [2m[console.warn] [22mThe width(-1) and height(-1) of chart should be greater than 0,
       please check the style of container, or the props width(100%) and height(100%),
       or add a minWidth(0) or minHeight(undefined) or use aspect(undefined) to control the
       height and width.
[2m19:33:24[22m [33m[1m[vite][22m[39m [33m[2m(client)[22m[39m [2m[console.warn] [22mThe width(-1) and height(-1) of chart should be greater than 0,
       please check the style of container, or the props width(100%) and height(100%),
       or add a minWidth(0) or minHeight(undefined) or use aspect(undefined) to control the
       height and width.
[2m19:33:24[22m [33m[1m[vite][22m[39m [33m[2m(client)[22m[39m [2m[console.warn] [22mThe width(-1) and height(-1) of chart should be greater than 0,
       please check the style of container, or the props width(100%) and height(100%),
       or add a minWidth(0) or minHeight(undefined) or use aspect(undefined) to control the
       height and width.
[2m19:33:24[22m [33m[1m[vite][22m[39m [33m[2m(client)[22m[39m [2m[console.warn] [22mThe width(-1) and height(-1) of chart should be greater than 0,
       please check the style of container, or the props width(100%) and height(100%),
       or add a minWidth(0) or minHeight(undefined) or use aspect(undefined) to control the
       height and width.
[2m19:33:24[22m [33m[1m[vite][22m[39m [33m[2m(client)[22m[39m [2m[console.warn] [22mThe width(-1) and height(-1) of chart should be greater than 0,
       please check the style of container, or the props width(100%) and height(100%),
       or add a minWidth(0) or minHeight(undefined) or use aspect(undefined) to control the
       height and width.
[2m19:33:24[22m [33m[1m[vite][22m[39m [33m[2m(client)[22m[39m [2m[console.warn] [22mThe width(-1) and height(-1) of chart should be greater than 0,
       please check the style of container, or the props width(100%) and height(100%),
       or add a minWidth(0) or minHeight(undefined) or use aspect(undefined) to control the
       height and width.
[2m19:33:24[22m [33m[1m[vite][22m[39m [33m[2m(client)[22m[39m [2m[console.warn] [22mThe width(-1) and height(-1) of chart should be greater than 0,
       please check the style of container, or the props width(100%) and height(100%),
       or add a minWidth(0) or minHeight(undefined) or use aspect(undefined) to control the
       height and width.
[2m19:34:04[22m [31m[1m[vite][22m[39m [31m[2m(client)[22m[39m [31m[Unhandled error] [1mReferenceError[22m: HealthSectorShape is not defined
[39m > DashboardPage src/app/AppShell.tsx:725:27
    723 |                      outerRadius={98}
    724 |                      paddingAngle={4}
    725 |                      shape={HealthSectorShape}
        |                             ^
    726 |                    >
    727 |                      {healthSummary.map((item) => <Cell key={item.status} fill={healthColors[item.status] ?? '#b8996f'...
 > Object.react_stack_bottom_frame node_modules/react-dom/cjs/react-dom-client.development.js:25904:19
 > renderWithHooks node_modules/react-dom/cjs/react-dom-client.development.js:7662:21
 > updateFunctionComponent node_modules/react-dom/cjs/react-dom-client.development.js:10166:18
 > beginWork node_modules/react-dom/cjs/react-dom-client.development.js:11778:17
 > runWithFiberInDEV node_modules/react-dom/cjs/react-dom-client.development.js:871:29
 > performUnitOfWork node_modules/react-dom/cjs/react-dom-client.development.js:17641:21
 > workLoopSync node_modules/react-dom/cjs/react-dom-client.development.js:17469:40
 > renderRootSync node_modules/react-dom/cjs/react-dom-client.development.js:17450:10
 > performWorkOnRoot node_modules/react-dom/cjs/react-dom-client.development.js:16583:34

[2m19:34:04[22m [33m[1m[vite][22m[39m [33m[2m(client)[22m[39m [2m[console.warn] [22mAn error occurred in the <DashboardPage> component.

Consider adding an error boundary to your tree to customize error handling behavior.
Visit https://react.dev/link/error-boundaries to learn more about error boundaries.

[2m19:34:04[22m [31m[1m[vite][22m[39m [31m[2m(client)[22m[39m [31m[Unhandled error] [1mReferenceError[22m: HealthSectorShape is not defined
[39m > DashboardPage src/app/AppShell.tsx:725:27
    723 |                      outerRadius={98}
    724 |                      paddingAngle={4}
    725 |                      shape={HealthSectorShape}
        |                             ^
    726 |                    >
    727 |                      {healthSummary.map((item) => <Cell key={item.status} fill={healthColors[item.status] ?? '#b8996f'...
 > Object.react_stack_bottom_frame node_modules/react-dom/cjs/react-dom-client.development.js:25904:19
 > renderWithHooks node_modules/react-dom/cjs/react-dom-client.development.js:7662:21
 > updateFunctionComponent node_modules/react-dom/cjs/react-dom-client.development.js:10166:18
 > beginWork node_modules/react-dom/cjs/react-dom-client.development.js:11778:17
 > runWithFiberInDEV node_modules/react-dom/cjs/react-dom-client.development.js:871:29
 > performUnitOfWork node_modules/react-dom/cjs/react-dom-client.development.js:17641:21
 > workLoopSync node_modules/react-dom/cjs/react-dom-client.development.js:17469:40
 > renderRootSync node_modules/react-dom/cjs/react-dom-client.development.js:17450:10
 > performWorkOnRoot node_modules/react-dom/cjs/react-dom-client.development.js:16583:34

[2m19:34:04[22m [33m[1m[vite][22m[39m [33m[2m(client)[22m[39m [2m[console.warn] [22mAn error occurred in the <DashboardPage> component.

Consider adding an error boundary to your tree to customize error handling behavior.
Visit https://react.dev/link/error-boundaries to learn more about error boundaries.

[2m19:34:13[22m [33m[1m[vite][22m[39m [33m[2m(client)[22m[39m [2m[console.warn] [22mThe width(-1) and height(-1) of chart should be greater than 0,
       please check the style of container, or the props width(100%) and height(100%),
       or add a minWidth(0) or minHeight(undefined) or use aspect(undefined) to control the
       height and width.
[2m19:34:13[22m [33m[1m[vite][22m[39m [33m[2m(client)[22m[39m [2m[console.warn] [22mThe width(-1) and height(-1) of chart should be greater than 0,
       please check the style of container, or the props width(100%) and height(100%),
       or add a minWidth(0) or minHeight(undefined) or use aspect(undefined) to control the
       height and width.
[2m19:34:13[22m [33m[1m[vite][22m[39m [33m[2m(client)[22m[39m [2m[console.warn] [22mThe width(-1) and height(-1) of chart should be greater than 0,
       please check the style of container, or the props width(100%) and height(100%),
       or add a minWidth(0) or minHeight(undefined) or use aspect(undefined) to control the
       height and width.
[2m19:34:13[22m [33m[1m[vite][22m[39m [33m[2m(client)[22m[39m [2m[console.warn] [22mThe width(-1) and height(-1) of chart should be greater than 0,
       please check the style of container, or the props width(100%) and height(100%),
       or add a minWidth(0) or minHeight(undefined) or use aspect(undefined) to control the
       height and width.
[2m19:34:13[22m [33m[1m[vite][22m[39m [33m[2m(client)[22m[39m [2m[console.warn] [22mThe width(-1) and height(-1) of chart should be greater than 0,
       please check the style of container, or the props width(100%) and height(100%),
       or add a minWidth(0) or minHeight(undefined) or use aspect(undefined) to control the
       height and width.
[2m19:34:13[22m [33m[1m[vite][22m[39m [33m[2m(client)[22m[39m [2m[console.warn] [22mThe width(-1) and height(-1) of chart should be greater than 0,
       please check the style of container, or the props width(100%) and height(100%),
       or add a minWidth(0) or minHeight(undefined) or use aspect(undefined) to control the
       height and width.
[2m19:34:13[22m [33m[1m[vite][22m[39m [33m[2m(client)[22m[39m [2m[console.warn] [22mThe width(-1) and height(-1) of chart should be greater than 0,
       please check the style of container, or the props width(100%) and height(100%),
       or add a minWidth(0) or minHeight(undefined) or use aspect(undefined) to control the
       height and width.
[2m19:34:13[22m [33m[1m[vite][22m[39m [33m[2m(client)[22m[39m [2m[console.warn] [22mThe width(-1) and height(-1) of chart should be greater than 0,
       please check the style of container, or the props width(100%) and height(100%),
       or add a minWidth(0) or minHeight(undefined) or use aspect(undefined) to control the
       height and width.
[2m19:34:13[22m [33m[1m[vite][22m[39m [33m[2m(client)[22m[39m [2m[console.warn] [22mThe width(-1) and height(-1) of chart should be greater than 0,
       please check the style of container, or the props width(100%) and height(100%),
       or add a minWidth(0) or minHeight(undefined) or use aspect(undefined) to control the
       height and width.
[2m19:34:13[22m [33m[1m[vite][22m[39m [33m[2m(client)[22m[39m [2m[console.warn] [22mThe width(-1) and height(-1) of chart should be greater than 0,
       please check the style of container, or the props width(100%) and height(100%),
       or add a minWidth(0) or minHeight(undefined) or use aspect(undefined) to control the
       height and width.
[2m19:34:13[22m [33m[1m[vite][22m[39m [33m[2m(client)[22m[39m [2m[console.warn] [22mThe width(-1) and height(-1) of chart should be greater than 0,
       please check the style of container, or the props width(100%) and height(100%),
       or add a minWidth(0) or minHeight(undefined) or use aspect(undefined) to control the
       height and width.
[2m19:34:13[22m [33m[1m[vite][22m[39m [33m[2m(client)[22m[39m [2m[console.warn] [22mThe width(-1) and height(-1) of chart should be greater than 0,
       please check the style of container, or the props width(100%) and height(100%),
       or add a minWidth(0) or minHeight(undefined) or use aspect(undefined) to control the
       height and width.
[2m19:34:38[22m [33m[1m[vite][22m[39m [33m[2m(client)[22m[39m [2m[console.warn] [22mThe width(-1) and height(-1) of chart should be greater than 0,
       please check the style of container, or the props width(100%) and height(100%),
       or add a minWidth(0) or minHeight(undefined) or use aspect(undefined) to control the
       height and width.
[2m19:34:38[22m [33m[1m[vite][22m[39m [33m[2m(client)[22m[39m [2m[console.warn] [22mThe width(-1) and height(-1) of chart should be greater than 0,
       please check the style of container, or the props width(100%) and height(100%),
       or add a minWidth(0) or minHeight(undefined) or use aspect(undefined) to control the
       height and width.
[2m19:34:38[22m [33m[1m[vite][22m[39m [33m[2m(client)[22m[39m [2m[console.warn] [22mThe width(-1) and height(-1) of chart should be greater than 0,
       please check the style of container, or the props width(100%) and height(100%),
       or add a minWidth(0) or minHeight(undefined) or use aspect(undefined) to control the
       height and width.
[2m19:34:38[22m [33m[1m[vite][22m[39m [33m[2m(client)[22m[39m [2m[console.warn] [22mThe width(-1) and height(-1) of chart should be greater than 0,
       please check the style of container, or the props width(100%) and height(100%),
       or add a minWidth(0) or minHeight(undefined) or use aspect(undefined) to control the
       height and width.
[2m19:34:38[22m [33m[1m[vite][22m[39m [33m[2m(client)[22m[39m [2m[console.warn] [22mThe width(-1) and height(-1) of chart should be greater than 0,
       please check the style of container, or the props width(100%) and height(100%),
       or add a minWidth(0) or minHeight(undefined) or use aspect(undefined) to control the
       height and width.
[2m19:34:38[22m [33m[1m[vite][22m[39m [33m[2m(client)[22m[39m [2m[console.warn] [22mThe width(-1) and height(-1) of chart should be greater than 0,
       please check the style of container, or the props width(100%) and height(100%),
       or add a minWidth(0) or minHeight(undefined) or use aspect(undefined) to control the
       height and width.
[2m19:35:11[22m [31m[1m[vite][22m[39m [31m[2m(client)[22m[39m [31m[Unhandled error] [1mReferenceError[22m: PieChart is not defined
[39m > DashboardPage src/app/AppShell.tsx:712:17
    710 |              <div className="health-chart-wrap">
    711 |                <ResponsiveContainer height="100%" minWidth={0} width="100%">
    712 |                  <PieChart>
        |                   ^
    713 |                    <Pie
    714 |                      data={healthSummary}
 > Object.react_stack_bottom_frame node_modules/react-dom/cjs/react-dom-client.development.js:25904:19
 > renderWithHooks node_modules/react-dom/cjs/react-dom-client.development.js:7662:21
 > updateFunctionComponent node_modules/react-dom/cjs/react-dom-client.development.js:10166:18
 > beginWork node_modules/react-dom/cjs/react-dom-client.development.js:11778:17
 > runWithFiberInDEV node_modules/react-dom/cjs/react-dom-client.development.js:871:29
 > performUnitOfWork node_modules/react-dom/cjs/react-dom-client.development.js:17641:21
 > workLoopSync node_modules/react-dom/cjs/react-dom-client.development.js:17469:40
 > renderRootSync node_modules/react-dom/cjs/react-dom-client.development.js:17450:10
 > performWorkOnRoot node_modules/react-dom/cjs/react-dom-client.development.js:16583:34

[2m19:35:11[22m [33m[1m[vite][22m[39m [33m[2m(client)[22m[39m [2m[console.warn] [22mAn error occurred in the <DashboardPage> component.

Consider adding an error boundary to your tree to customize error handling behavior.
Visit https://react.dev/link/error-boundaries to learn more about error boundaries.

[2m19:35:12[22m [31m[1m[vite][22m[39m [31m[2m(client)[22m[39m [31m[Unhandled error] [1mReferenceError[22m: PieChart is not defined
[39m > DashboardPage src/app/AppShell.tsx:712:17
    710 |              <div className="health-chart-wrap">
    711 |                <ResponsiveContainer height="100%" minWidth={0} width="100%">
    712 |                  <PieChart>
        |                   ^
    713 |                    <Pie
    714 |                      data={healthSummary}
 > Object.react_stack_bottom_frame node_modules/react-dom/cjs/react-dom-client.development.js:25904:19
 > renderWithHooks node_modules/react-dom/cjs/react-dom-client.development.js:7662:21
 > updateFunctionComponent node_modules/react-dom/cjs/react-dom-client.development.js:10166:18
 > beginWork node_modules/react-dom/cjs/react-dom-client.development.js:11778:17
 > runWithFiberInDEV node_modules/react-dom/cjs/react-dom-client.development.js:871:29
 > performUnitOfWork node_modules/react-dom/cjs/react-dom-client.development.js:17641:21
 > workLoopSync node_modules/react-dom/cjs/react-dom-client.development.js:17469:40
 > renderRootSync node_modules/react-dom/cjs/react-dom-client.development.js:17450:10
 > performWorkOnRoot node_modules/react-dom/cjs/react-dom-client.development.js:16583:34

[2m19:35:12[22m [33m[1m[vite][22m[39m [33m[2m(client)[22m[39m [2m[console.warn] [22mAn error occurred in the <DashboardPage> component.

Consider adding an error boundary to your tree to customize error handling behavior.
Visit https://react.dev/link/error-boundaries to learn more about error boundaries.

[2m19:35:25[22m [31m[1m[vite][22m[39m [31m[2m(client)[22m[39m [31m[Unhandled error] [1mReferenceError[22m: PieChart is not defined
[39m > DashboardPage src/app/AppShell.tsx:757:17
    755 |              <div className="health-chart-wrap">
    756 |                <ResponsiveContainer height="100%" minWidth={0} width="100%">
    757 |                  <PieChart>
        |                   ^
    758 |                    <Pie
    759 |                      data={healthSummary}
 > Object.react_stack_bottom_frame node_modules/react-dom/cjs/react-dom-client.development.js:25904:19
 > renderWithHooks node_modules/react-dom/cjs/react-dom-client.development.js:7662:21
 > updateFunctionComponent node_modules/react-dom/cjs/react-dom-client.development.js:10166:18
 > beginWork node_modules/react-dom/cjs/react-dom-client.development.js:11778:17
 > runWithFiberInDEV node_modules/react-dom/cjs/react-dom-client.development.js:871:29
 > performUnitOfWork node_modules/react-dom/cjs/react-dom-client.development.js:17641:21
 > workLoopSync node_modules/react-dom/cjs/react-dom-client.development.js:17469:40
 > renderRootSync node_modules/react-dom/cjs/react-dom-client.development.js:17450:10
 > performWorkOnRoot node_modules/react-dom/cjs/react-dom-client.development.js:16583:34

[2m19:35:25[22m [33m[1m[vite][22m[39m [33m[2m(client)[22m[39m [2m[console.warn] [22mAn error occurred in the <DashboardPage> component.

Consider adding an error boundary to your tree to customize error handling behavior.
Visit https://react.dev/link/error-boundaries to learn more about error boundaries.

[2m19:35:25[22m [31m[1m[vite][22m[39m [31m[2m(client)[22m[39m [31m[Unhandled error] [1mReferenceError[22m: PieChart is not defined
[39m > DashboardPage src/app/AppShell.tsx:757:17
    755 |              <div className="health-chart-wrap">
    756 |                <ResponsiveContainer height="100%" minWidth={0} width="100%">
    757 |                  <PieChart>
        |                   ^
    758 |                    <Pie
    759 |                      data={healthSummary}
 > Object.react_stack_bottom_frame node_modules/react-dom/cjs/react-dom-client.development.js:25904:19
 > renderWithHooks node_modules/react-dom/cjs/react-dom-client.development.js:7662:21
 > updateFunctionComponent node_modules/react-dom/cjs/react-dom-client.development.js:10166:18
 > beginWork node_modules/react-dom/cjs/react-dom-client.development.js:11778:17
 > runWithFiberInDEV node_modules/react-dom/cjs/react-dom-client.development.js:871:29
 > performUnitOfWork node_modules/react-dom/cjs/react-dom-client.development.js:17641:21
 > workLoopSync node_modules/react-dom/cjs/react-dom-client.development.js:17469:40
 > renderRootSync node_modules/react-dom/cjs/react-dom-client.development.js:17450:10
 > performWorkOnRoot node_modules/react-dom/cjs/react-dom-client.development.js:16583:34

[2m19:35:25[22m [33m[1m[vite][22m[39m [33m[2m(client)[22m[39m [2m[console.warn] [22mAn error occurred in the <DashboardPage> component.

Consider adding an error boundary to your tree to customize error handling behavior.
Visit https://react.dev/link/error-boundaries to learn more about error boundaries.

[2m19:35:34[22m [33m[1m[vite][22m[39m [33m[2m(client)[22m[39m [2m[console.warn] [22mThe width(-1) and height(-1) of chart should be greater than 0,
       please check the style of container, or the props width(100%) and height(100%),
       or add a minWidth(0) or minHeight(undefined) or use aspect(undefined) to control the
       height and width.
[2m19:35:34[22m [33m[1m[vite][22m[39m [33m[2m(client)[22m[39m [2m[console.warn] [22mThe width(-1) and height(-1) of chart should be greater than 0,
       please check the style of container, or the props width(100%) and height(100%),
       or add a minWidth(0) or minHeight(undefined) or use aspect(undefined) to control the
       height and width.
[2m19:35:34[22m [33m[1m[vite][22m[39m [33m[2m(client)[22m[39m [2m[console.warn] [22mThe width(-1) and height(-1) of chart should be greater than 0,
       please check the style of container, or the props width(100%) and height(100%),
       or add a minWidth(0) or minHeight(undefined) or use aspect(undefined) to control the
       height and width.
[2m19:35:34[22m [33m[1m[vite][22m[39m [33m[2m(client)[22m[39m [2m[console.warn] [22mThe width(-1) and height(-1) of chart should be greater than 0,
       please check the style of container, or the props width(100%) and height(100%),
       or add a minWidth(0) or minHeight(undefined) or use aspect(undefined) to control the
       height and width.
[2m19:35:35[22m [33m[1m[vite][22m[39m [33m[2m(client)[22m[39m [2m[console.warn] [22mThe width(-1) and height(-1) of chart should be greater than 0,
       please check the style of container, or the props width(100%) and height(100%),
       or add a minWidth(0) or minHeight(undefined) or use aspect(undefined) to control the
       height and width.
[2m19:35:35[22m [33m[1m[vite][22m[39m [33m[2m(client)[22m[39m [2m[console.warn] [22mThe width(-1) and height(-1) of chart should be greater than 0,
       please check the style of container, or the props width(100%) and height(100%),
       or add a minWidth(0) or minHeight(undefined) or use aspect(undefined) to control the
       height and width.
[2m19:35:35[22m [33m[1m[vite][22m[39m [33m[2m(client)[22m[39m [2m[console.warn] [22mThe width(-1) and height(-1) of chart should be greater than 0,
       please check the style of container, or the props width(100%) and height(100%),
       or add a minWidth(0) or minHeight(undefined) or use aspect(undefined) to control the
       height and width.
[2m19:35:35[22m [33m[1m[vite][22m[39m [33m[2m(client)[22m[39m [2m[console.warn] [22mThe width(-1) and height(-1) of chart should be greater than 0,
       please check the style of container, or the props width(100%) and height(100%),
       or add a minWidth(0) or minHeight(undefined) or use aspect(undefined) to control the
       height and width.
[2m19:36:53[22m [33m[1m[vite][22m[39m [33m[2m(client)[22m[39m [2m[console.warn] [22mThe width(-1) and height(-1) of chart should be greater than 0,
       please check the style of container, or the props width(100%) and height(100%),
       or add a minWidth(0) or minHeight(undefined) or use aspect(undefined) to control the
       height and width.
[2m19:36:53[22m [33m[1m[vite][22m[39m [33m[2m(client)[22m[39m [2m[console.warn] [22mThe width(-1) and height(-1) of chart should be greater than 0,
       please check the style of container, or the props width(100%) and height(100%),
       or add a minWidth(0) or minHeight(undefined) or use aspect(undefined) to control the
       height and width.
[2m19:36:53[22m [33m[1m[vite][22m[39m [33m[2m(client)[22m[39m [2m[console.warn] [22mThe width(-1) and height(-1) of chart should be greater than 0,
       please check the style of container, or the props width(100%) and height(100%),
       or add a minWidth(0) or minHeight(undefined) or use aspect(undefined) to control the
       height and width.
[2m19:36:53[22m [33m[1m[vite][22m[39m [33m[2m(client)[22m[39m [2m[console.warn] [22mThe width(-1) and height(-1) of chart should be greater than 0,
       please check the style of container, or the props width(100%) and height(100%),
       or add a minWidth(0) or minHeight(undefined) or use aspect(undefined) to control the
       height and width.
[2m19:38:40[22m [33m[1m[vite][22m[39m [33m[2m(client)[22m[39m [2m[console.warn] [22mThe width(-1) and height(-1) of chart should be greater than 0,
       please check the style of container, or the props width(100%) and height(100%),
       or add a minWidth(0) or minHeight(undefined) or use aspect(undefined) to control the
       height and width.
[2m19:38:40[22m [33m[1m[vite][22m[39m [33m[2m(client)[22m[39m [2m[console.warn] [22mThe width(-1) and height(-1) of chart should be greater than 0,
       please check the style of container, or the props width(100%) and height(100%),
       or add a minWidth(0) or minHeight(undefined) or use aspect(undefined) to control the
       height and width.
[2m19:38:40[22m [33m[1m[vite][22m[39m [33m[2m(client)[22m[39m [2m[console.warn] [22mThe width(-1) and height(-1) of chart should be greater than 0,
       please check the style of container, or the props width(100%) and height(100%),
       or add a minWidth(0) or minHeight(undefined) or use aspect(undefined) to control the
       height and width.
[2m19:38:40[22m [33m[1m[vite][22m[39m [33m[2m(client)[22m[39m [2m[console.warn] [22mThe width(-1) and height(-1) of chart should be greater than 0,
       please check the style of container, or the props width(100%) and height(100%),
       or add a minWidth(0) or minHeight(undefined) or use aspect(undefined) to control the
       height and width.
[2m19:38:46[22m [33m[1m[vite][22m[39m [33m[2m(client)[22m[39m [2m[console.warn] [22mThe width(-1) and height(-1) of chart should be greater than 0,
       please check the style of container, or the props width(100%) and height(100%),
       or add a minWidth(0) or minHeight(undefined) or use aspect(undefined) to control the
       height and width.
[2m19:38:46[22m [33m[1m[vite][22m[39m [33m[2m(client)[22m[39m [2m[console.warn] [22mThe width(-1) and height(-1) of chart should be greater than 0,
       please check the style of container, or the props width(100%) and height(100%),
       or add a minWidth(0) or minHeight(undefined) or use aspect(undefined) to control the
       height and width.
[2m19:38:46[22m [33m[1m[vite][22m[39m [33m[2m(client)[22m[39m [2m[console.warn] [22mThe width(-1) and height(-1) of chart should be greater than 0,
       please check the style of container, or the props width(100%) and height(100%),
       or add a minWidth(0) or minHeight(undefined) or use aspect(undefined) to control the
       height and width.
[2m19:38:46[22m [33m[1m[vite][22m[39m [33m[2m(client)[22m[39m [2m[console.warn] [22mThe width(-1) and height(-1) of chart should be greater than 0,
       please check the style of container, or the props width(100%) and height(100%),
       or add a minWidth(0) or minHeight(undefined) or use aspect(undefined) to control the
       height and width.
[2m19:39:31[22m [33m[1m[vite][22m[39m [33m[2m(client)[22m[39m [2m[console.warn] [22mThe width(-1) and height(-1) of chart should be greater than 0,
       please check the style of container, or the props width(100%) and height(100%),
       or add a minWidth(0) or minHeight(undefined) or use aspect(undefined) to control the
       height and width.
[2m19:39:31[22m [33m[1m[vite][22m[39m [33m[2m(client)[22m[39m [2m[console.warn] [22mThe width(-1) and height(-1) of chart should be greater than 0,
       please check the style of container, or the props width(100%) and height(100%),
       or add a minWidth(0) or minHeight(undefined) or use aspect(undefined) to control the
       height and width.
[2m19:39:31[22m [33m[1m[vite][22m[39m [33m[2m(client)[22m[39m [2m[console.warn] [22mThe width(-1) and height(-1) of chart should be greater than 0,
       please check the style of container, or the props width(100%) and height(100%),
       or add a minWidth(0) or minHeight(undefined) or use aspect(undefined) to control the
       height and width.
[2m19:39:31[22m [33m[1m[vite][22m[39m [33m[2m(client)[22m[39m [2m[console.warn] [22mThe width(-1) and height(-1) of chart should be greater than 0,
       please check the style of container, or the props width(100%) and height(100%),
       or add a minWidth(0) or minHeight(undefined) or use aspect(undefined) to control the
       height and width.
[2m19:47:16[22m [33m[1m[vite][22m[39m [33m[2m(client)[22m[39m [2m[console.warn] [22mThe width(-1) and height(-1) of chart should be greater than 0,
       please check the style of container, or the props width(100%) and height(100%),
       or add a minWidth(0) or minHeight(undefined) or use aspect(undefined) to control the
       height and width.
[2m19:47:16[22m [33m[1m[vite][22m[39m [33m[2m(client)[22m[39m [2m[console.warn] [22mThe width(-1) and height(-1) of chart should be greater than 0,
       please check the style of container, or the props width(100%) and height(100%),
       or add a minWidth(0) or minHeight(undefined) or use aspect(undefined) to control the
       height and width.
[2m19:47:16[22m [33m[1m[vite][22m[39m [33m[2m(client)[22m[39m [2m[console.warn] [22mThe width(-1) and height(-1) of chart should be greater than 0,
       please check the style of container, or the props width(100%) and height(100%),
       or add a minWidth(0) or minHeight(undefined) or use aspect(undefined) to control the
       height and width.
[2m19:47:16[22m [33m[1m[vite][22m[39m [33m[2m(client)[22m[39m [2m[console.warn] [22mThe width(-1) and height(-1) of chart should be greater than 0,
       please check the style of container, or the props width(100%) and height(100%),
       or add a minWidth(0) or minHeight(undefined) or use aspect(undefined) to control the
       height and width.
[2m19:47:32[22m [33m[1m[vite][22m[39m [33m[2m(client)[22m[39m [2m[console.warn] [22mThe width(-1) and height(-1) of chart should be greater than 0,
       please check the style of container, or the props width(100%) and height(100%),
       or add a minWidth(0) or minHeight(undefined) or use aspect(undefined) to control the
       height and width.
[2m19:47:32[22m [33m[1m[vite][22m[39m [33m[2m(client)[22m[39m [2m[console.warn] [22mThe width(-1) and height(-1) of chart should be greater than 0,
       please check the style of container, or the props width(100%) and height(100%),
       or add a minWidth(0) or minHeight(undefined) or use aspect(undefined) to control the
       height and width.
[2m19:47:32[22m [33m[1m[vite][22m[39m [33m[2m(client)[22m[39m [2m[console.warn] [22mThe width(-1) and height(-1) of chart should be greater than 0,
       please check the style of container, or the props width(100%) and height(100%),
       or add a minWidth(0) or minHeight(undefined) or use aspect(undefined) to control the
       height and width.
[2m19:47:32[22m [33m[1m[vite][22m[39m [33m[2m(client)[22m[39m [2m[console.warn] [22mThe width(-1) and height(-1) of chart should be greater than 0,
       please check the style of container, or the props width(100%) and height(100%),
       or add a minWidth(0) or minHeight(undefined) or use aspect(undefined) to control the
       height and width.
[2m19:49:57[22m [31m[1m[vite][22m[39m [31m[2m(client)[22m[39m [2m[console.error] [22mIn HTML, <button> cannot be a descendant of <button>.
This will cause a hydration error.

  ...
    <div className="flex min-w...">
      <Topbar>
      <PageSwitch>
        <ApprovalsPage>
          <PageFrame icon={{...}} title="Approval C...">
            <motion.main ref={{...}} className="min-w-0 fl..." initial={{opacity:0,y:10}} animate={{opacity:1,y:0}} ...>
              <main className="min-w-0 fl..." style={{opacity:0, ...}} ref={function}>
                <div className="mx-auto fl...">
                  <section>
                  <section className="grid gap-5...">
                    <div className="space-y-4">
                      <section>
                      <Panel>
                        <section data-gsap="reveal" className="glass-pane...">
                          <div>
                          <div className="space-y-3">
>                           <button
>                             className="w-full rounded-lg border bg-slate-950/45 p-4 text-left transition hover:borde..."
>                             onClick={function onClick}
>                             type="button"
>                           >
                              <div className="flex flex-...">
                                <div>
                                <div className="flex gap-2">
                                  <Button className="h-9" onClick={function onClick} variant="primary">
>                                   <button
>                                     className="inline-flex items-center justify-center gap-2 rounded-md px-3 text-sm..."
>                                     onClick={function onClick}
>                                   >
                                  ...
                    ...

[2m19:49:57[22m [31m[1m[vite][22m[39m [31m[2m(client)[22m[39m [2m[console.error] [22m<button> cannot contain a nested <button>.
See this log for the ancestor stack trace.
[2m19:50:00[22m [33m[1m[vite][22m[39m [33m[2m(client)[22m[39m [2m[console.warn] [22mGSAP target [data-gsap="reveal"] not found. https://gsap.com
[2m19:50:00[22m [33m[1m[vite][22m[39m [33m[2m(client)[22m[39m [2m[console.warn] [22mGSAP target  not found. https://gsap.com
[2m19:50:00[22m [33m[1m[vite][22m[39m [33m[2m(client)[22m[39m [2m[console.warn] [22mGSAP target  not found. https://gsap.com
[2m19:50:00[22m [33m[1m[vite][22m[39m [33m[2m(client)[22m[39m [2m[console.warn] [22mGSAP target [data-gsap="reveal"] not found. https://gsap.com
[2m19:50:00[22m [33m[1m[vite][22m[39m [33m[2m(client)[22m[39m [2m[console.warn] [22mGSAP target  not found. https://gsap.com
[2m19:50:00[22m [33m[1m[vite][22m[39m [33m[2m(client)[22m[39m [2m[console.warn] [22mGSAP target  not found. https://gsap.com
[2m19:50:33[22m [33m[1m[vite][22m[39m [33m[2m(client)[22m[39m [2m[console.warn] [22mThe width(-1) and height(-1) of chart should be greater than 0,
       please check the style of container, or the props width(100%) and height(100%),
       or add a minWidth(0) or minHeight(undefined) or use aspect(undefined) to control the
       height and width.
[2m19:50:33[22m [33m[1m[vite][22m[39m [33m[2m(client)[22m[39m [2m[console.warn] [22mThe width(-1) and height(-1) of chart should be greater than 0,
       please check the style of container, or the props width(100%) and height(100%),
       or add a minWidth(0) or minHeight(undefined) or use aspect(undefined) to control the
       height and width.
[2m19:50:33[22m [33m[1m[vite][22m[39m [33m[2m(client)[22m[39m [2m[console.warn] [22mThe width(-1) and height(-1) of chart should be greater than 0,
       please check the style of container, or the props width(100%) and height(100%),
       or add a minWidth(0) or minHeight(undefined) or use aspect(undefined) to control the
       height and width.
[2m19:50:33[22m [33m[1m[vite][22m[39m [33m[2m(client)[22m[39m [2m[console.warn] [22mThe width(-1) and height(-1) of chart should be greater than 0,
       please check the style of container, or the props width(100%) and height(100%),
       or add a minWidth(0) or minHeight(undefined) or use aspect(undefined) to control the
       height and width.
[2m19:51:22[22m [33m[1m[vite][22m[39m [33m[2m(client)[22m[39m [2m[console.warn] [22mThe width(-1) and height(-1) of chart should be greater than 0,
       please check the style of container, or the props width(100%) and height(100%),
       or add a minWidth(0) or minHeight(undefined) or use aspect(undefined) to control the
       height and width.
[2m19:51:22[22m [33m[1m[vite][22m[39m [33m[2m(client)[22m[39m [2m[console.warn] [22mThe width(-1) and height(-1) of chart should be greater than 0,
       please check the style of container, or the props width(100%) and height(100%),
       or add a minWidth(0) or minHeight(undefined) or use aspect(undefined) to control the
       height and width.
[2m19:51:22[22m [33m[1m[vite][22m[39m [33m[2m(client)[22m[39m [2m[console.warn] [22mThe width(-1) and height(-1) of chart should be greater than 0,
       please check the style of container, or the props width(100%) and height(100%),
       or add a minWidth(0) or minHeight(undefined) or use aspect(undefined) to control the
       height and width.
[2m19:51:22[22m [33m[1m[vite][22m[39m [33m[2m(client)[22m[39m [2m[console.warn] [22mThe width(-1) and height(-1) of chart should be greater than 0,
       please check the style of container, or the props width(100%) and height(100%),
       or add a minWidth(0) or minHeight(undefined) or use aspect(undefined) to control the
       height and width.
[2m19:51:27[22m [33m[1m[vite][22m[39m [33m[2m(client)[22m[39m [2m[console.warn] [22mThe width(-1) and height(-1) of chart should be greater than 0,
       please check the style of container, or the props width(100%) and height(100%),
       or add a minWidth(0) or minHeight(undefined) or use aspect(undefined) to control the
       height and width.
[2m19:51:27[22m [33m[1m[vite][22m[39m [33m[2m(client)[22m[39m [2m[console.warn] [22mThe width(-1) and height(-1) of chart should be greater than 0,
       please check the style of container, or the props width(100%) and height(100%),
       or add a minWidth(0) or minHeight(undefined) or use aspect(undefined) to control the
       height and width.
[2m19:51:27[22m [33m[1m[vite][22m[39m [33m[2m(client)[22m[39m [2m[console.warn] [22mThe width(-1) and height(-1) of chart should be greater than 0,
       please check the style of container, or the props width(100%) and height(100%),
       or add a minWidth(0) or minHeight(undefined) or use aspect(undefined) to control the
       height and width.
[2m19:51:27[22m [33m[1m[vite][22m[39m [33m[2m(client)[22m[39m [2m[console.warn] [22mThe width(-1) and height(-1) of chart should be greater than 0,
       please check the style of container, or the props width(100%) and height(100%),
       or add a minWidth(0) or minHeight(undefined) or use aspect(undefined) to control the
       height and width.
[2m19:52:00[22m [33m[1m[vite][22m[39m [33m[2m(client)[22m[39m [2m[console.warn] [22mThe width(-1) and height(-1) of chart should be greater than 0,
       please check the style of container, or the props width(100%) and height(100%),
       or add a minWidth(0) or minHeight(undefined) or use aspect(undefined) to control the
       height and width.
[2m19:52:00[22m [33m[1m[vite][22m[39m [33m[2m(client)[22m[39m [2m[console.warn] [22mThe width(-1) and height(-1) of chart should be greater than 0,
       please check the style of container, or the props width(100%) and height(100%),
       or add a minWidth(0) or minHeight(undefined) or use aspect(undefined) to control the
       height and width.
[2m19:52:00[22m [33m[1m[vite][22m[39m [33m[2m(client)[22m[39m [2m[console.warn] [22mThe width(-1) and height(-1) of chart should be greater than 0,
       please check the style of container, or the props width(100%) and height(100%),
       or add a minWidth(0) or minHeight(undefined) or use aspect(undefined) to control the
       height and width.
[2m19:52:00[22m [33m[1m[vite][22m[39m [33m[2m(client)[22m[39m [2m[console.warn] [22mThe width(-1) and height(-1) of chart should be greater than 0,
       please check the style of container, or the props width(100%) and height(100%),
       or add a minWidth(0) or minHeight(undefined) or use aspect(undefined) to control the
       height and width.
[2m19:53:26[22m [33m[1m[vite][22m[39m [33m[2m(client)[22m[39m [2m[console.warn] [22mThe width(-1) and height(-1) of chart should be greater than 0,
       please check the style of container, or the props width(100%) and height(100%),
       or add a minWidth(0) or minHeight(undefined) or use aspect(undefined) to control the
       height and width.
[2m19:53:26[22m [33m[1m[vite][22m[39m [33m[2m(client)[22m[39m [2m[console.warn] [22mThe width(-1) and height(-1) of chart should be greater than 0,
       please check the style of container, or the props width(100%) and height(100%),
       or add a minWidth(0) or minHeight(undefined) or use aspect(undefined) to control the
       height and width.
[2m19:53:26[22m [33m[1m[vite][22m[39m [33m[2m(client)[22m[39m [2m[console.warn] [22mThe width(-1) and height(-1) of chart should be greater than 0,
       please check the style of container, or the props width(100%) and height(100%),
       or add a minWidth(0) or minHeight(undefined) or use aspect(undefined) to control the
       height and width.
[2m19:53:26[22m [33m[1m[vite][22m[39m [33m[2m(client)[22m[39m [2m[console.warn] [22mThe width(-1) and height(-1) of chart should be greater than 0,
       please check the style of container, or the props width(100%) and height(100%),
       or add a minWidth(0) or minHeight(undefined) or use aspect(undefined) to control the
       height and width.
[2m19:58:26[22m [33m[1m[vite][22m[39m [33m[2m(client)[22m[39m [2m[console.warn] [22mThe width(-1) and height(-1) of chart should be greater than 0,
       please check the style of container, or the props width(100%) and height(100%),
       or add a minWidth(0) or minHeight(undefined) or use aspect(undefined) to control the
       height and width.
[2m19:58:26[22m [33m[1m[vite][22m[39m [33m[2m(client)[22m[39m [2m[console.warn] [22mThe width(-1) and height(-1) of chart should be greater than 0,
       please check the style of container, or the props width(100%) and height(100%),
       or add a minWidth(0) or minHeight(undefined) or use aspect(undefined) to control the
       height and width.
[2m19:58:26[22m [33m[1m[vite][22m[39m [33m[2m(client)[22m[39m [2m[console.warn] [22mThe width(-1) and height(-1) of chart should be greater than 0,
       please check the style of container, or the props width(100%) and height(100%),
       or add a minWidth(0) or minHeight(undefined) or use aspect(undefined) to control the
       height and width.
[2m19:58:26[22m [33m[1m[vite][22m[39m [33m[2m(client)[22m[39m [2m[console.warn] [22mThe width(-1) and height(-1) of chart should be greater than 0,
       please check the style of container, or the props width(100%) and height(100%),
       or add a minWidth(0) or minHeight(undefined) or use aspect(undefined) to control the
       height and width.
[2m19:58:26[22m [33m[1m[vite][22m[39m [33m[2m(client)[22m[39m [2m[console.warn] [22mThe width(-1) and height(-1) of chart should be greater than 0,
       please check the style of container, or the props width(100%) and height(100%),
       or add a minWidth(0) or minHeight(undefined) or use aspect(undefined) to control the
       height and width.
[2m19:58:26[22m [33m[1m[vite][22m[39m [33m[2m(client)[22m[39m [2m[console.warn] [22mThe width(-1) and height(-1) of chart should be greater than 0,
       please check the style of container, or the props width(100%) and height(100%),
       or add a minWidth(0) or minHeight(undefined) or use aspect(undefined) to control the
       height and width.
[2m19:58:26[22m [33m[1m[vite][22m[39m [33m[2m(client)[22m[39m [2m[console.warn] [22mThe width(-1) and height(-1) of chart should be greater than 0,
       please check the style of container, or the props width(100%) and height(100%),
       or add a minWidth(0) or minHeight(undefined) or use aspect(undefined) to control the
       height and width.
[2m19:58:26[22m [33m[1m[vite][22m[39m [33m[2m(client)[22m[39m [2m[console.warn] [22mThe width(-1) and height(-1) of chart should be greater than 0,
       please check the style of container, or the props width(100%) and height(100%),
       or add a minWidth(0) or minHeight(undefined) or use aspect(undefined) to control the
       height and width.
[2m19:59:26[22m [33m[1m[vite][22m[39m [33m[2m(client)[22m[39m [2m[console.warn] [22mThe width(-1) and height(-1) of chart should be greater than 0,
       please check the style of container, or the props width(100%) and height(100%),
       or add a minWidth(0) or minHeight(undefined) or use aspect(undefined) to control the
       height and width.
[2m19:59:26[22m [33m[1m[vite][22m[39m [33m[2m(client)[22m[39m [2m[console.warn] [22mThe width(-1) and height(-1) of chart should be greater than 0,
       please check the style of container, or the props width(100%) and height(100%),
       or add a minWidth(0) or minHeight(undefined) or use aspect(undefined) to control the
       height and width.
[2m19:59:26[22m [33m[1m[vite][22m[39m [33m[2m(client)[22m[39m [2m[console.warn] [22mThe width(-1) and height(-1) of chart should be greater than 0,
       please check the style of container, or the props width(100%) and height(100%),
       or add a minWidth(0) or minHeight(undefined) or use aspect(undefined) to control the
       height and width.
[2m19:59:26[22m [33m[1m[vite][22m[39m [33m[2m(client)[22m[39m [2m[console.warn] [22mThe width(-1) and height(-1) of chart should be greater than 0,
       please check the style of container, or the props width(100%) and height(100%),
       or add a minWidth(0) or minHeight(undefined) or use aspect(undefined) to control the
       height and width.
[2m19:59:26[22m [33m[1m[vite][22m[39m [33m[2m(client)[22m[39m [2m[console.warn] [22mThe width(-1) and height(-1) of chart should be greater than 0,
       please check the style of container, or the props width(100%) and height(100%),
       or add a minWidth(0) or minHeight(undefined) or use aspect(undefined) to control the
       height and width.
[2m19:59:26[22m [33m[1m[vite][22m[39m [33m[2m(client)[22m[39m [2m[console.warn] [22mThe width(-1) and height(-1) of chart should be greater than 0,
       please check the style of container, or the props width(100%) and height(100%),
       or add a minWidth(0) or minHeight(undefined) or use aspect(undefined) to control the
       height and width.
[2m19:59:26[22m [33m[1m[vite][22m[39m [33m[2m(client)[22m[39m [2m[console.warn] [22mThe width(-1) and height(-1) of chart should be greater than 0,
       please check the style of container, or the props width(100%) and height(100%),
       or add a minWidth(0) or minHeight(undefined) or use aspect(undefined) to control the
       height and width.
[2m19:59:26[22m [33m[1m[vite][22m[39m [33m[2m(client)[22m[39m [2m[console.warn] [22mThe width(-1) and height(-1) of chart should be greater than 0,
       please check the style of container, or the props width(100%) and height(100%),
       or add a minWidth(0) or minHeight(undefined) or use aspect(undefined) to control the
       height and width.
[2m20:00:54[22m [33m[1m[vite][22m[39m [33m[2m(client)[22m[39m [2m[console.warn] [22mThe width(-1) and height(-1) of chart should be greater than 0,
       please check the style of container, or the props width(100%) and height(100%),
       or add a minWidth(0) or minHeight(undefined) or use aspect(undefined) to control the
       height and width.
[2m20:00:54[22m [33m[1m[vite][22m[39m [33m[2m(client)[22m[39m [2m[console.warn] [22mThe width(-1) and height(-1) of chart should be greater than 0,
       please check the style of container, or the props width(100%) and height(100%),
       or add a minWidth(0) or minHeight(undefined) or use aspect(undefined) to control the
       height and width.
[2m20:00:54[22m [33m[1m[vite][22m[39m [33m[2m(client)[22m[39m [2m[console.warn] [22mThe width(-1) and height(-1) of chart should be greater than 0,
       please check the style of container, or the props width(100%) and height(100%),
       or add a minWidth(0) or minHeight(undefined) or use aspect(undefined) to control the
       height and width.
[2m20:00:54[22m [33m[1m[vite][22m[39m [33m[2m(client)[22m[39m [2m[console.warn] [22mThe width(-1) and height(-1) of chart should be greater than 0,
       please check the style of container, or the props width(100%) and height(100%),
       or add a minWidth(0) or minHeight(undefined) or use aspect(undefined) to control the
       height and width.
[2m20:01:20[22m [33m[1m[vite][22m[39m [33m[2m(client)[22m[39m [2m[console.warn] [22mThe width(-1) and height(-1) of chart should be greater than 0,
       please check the style of container, or the props width(100%) and height(100%),
       or add a minWidth(0) or minHeight(undefined) or use aspect(undefined) to control the
       height and width.
[2m20:01:20[22m [33m[1m[vite][22m[39m [33m[2m(client)[22m[39m [2m[console.warn] [22mThe width(-1) and height(-1) of chart should be greater than 0,
       please check the style of container, or the props width(100%) and height(100%),
       or add a minWidth(0) or minHeight(undefined) or use aspect(undefined) to control the
       height and width.
[2m20:01:20[22m [33m[1m[vite][22m[39m [33m[2m(client)[22m[39m [2m[console.warn] [22mThe width(-1) and height(-1) of chart should be greater than 0,
       please check the style of container, or the props width(100%) and height(100%),
       or add a minWidth(0) or minHeight(undefined) or use aspect(undefined) to control the
       height and width.
[2m20:01:20[22m [33m[1m[vite][22m[39m [33m[2m(client)[22m[39m [2m[console.warn] [22mThe width(-1) and height(-1) of chart should be greater than 0,
       please check the style of container, or the props width(100%) and height(100%),
       or add a minWidth(0) or minHeight(undefined) or use aspect(undefined) to control the
       height and width.
[2m20:04:15[22m [33m[1m[vite][22m[39m [33m[2m(client)[22m[39m [2m[console.warn] [22mThe width(-1) and height(-1) of chart should be greater than 0,
       please check the style of container, or the props width(100%) and height(100%),
       or add a minWidth(0) or minHeight(undefined) or use aspect(undefined) to control the
       height and width.
[2m20:04:15[22m [33m[1m[vite][22m[39m [33m[2m(client)[22m[39m [2m[console.warn] [22mThe width(-1) and height(-1) of chart should be greater than 0,
       please check the style of container, or the props width(100%) and height(100%),
       or add a minWidth(0) or minHeight(undefined) or use aspect(undefined) to control the
       height and width.
[2m20:04:15[22m [33m[1m[vite][22m[39m [33m[2m(client)[22m[39m [2m[console.warn] [22mThe width(-1) and height(-1) of chart should be greater than 0,
       please check the style of container, or the props width(100%) and height(100%),
       or add a minWidth(0) or minHeight(undefined) or use aspect(undefined) to control the
       height and width.
[2m20:04:15[22m [33m[1m[vite][22m[39m [33m[2m(client)[22m[39m [2m[console.warn] [22mThe width(-1) and height(-1) of chart should be greater than 0,
       please check the style of container, or the props width(100%) and height(100%),
       or add a minWidth(0) or minHeight(undefined) or use aspect(undefined) to control the
       height and width.
[2m20:04:16[22m [31m[1m[vite][22m[39m [31m[2m(client)[22m[39m [2m[console.error] [22mIn HTML, <button> cannot be a descendant of <button>.
This will cause a hydration error.

  ...
    <div className="flex min-h..." style={{opacity:0, ...}} ref={function}>
      <ApprovalsPage>
        <PageFrame icon={{...}} title="Approval C...">
          <motion.main ref={{...}} className="min-w-0 fl..." initial={{opacity:0,y:10}} animate={{opacity:1,y:0}} ...>
            <main className="min-w-0 fl..." style={{opacity:0, ...}} ref={function}>
              <div className="mx-auto fl...">
                <section>
                <section className="grid gap-5...">
                  <div className="space-y-4">
                    <section>
                    <Panel>
                      <section data-gsap="reveal" className="glass-pane...">
                        <div>
                        <div className="space-y-3">
>                         <button
>                           className="w-full rounded-lg border bg-slate-950/45 p-4 text-left transition hover:border-..."
>                           onClick={function onClick}
>                           type="button"
>                         >
                            <div className="flex flex-...">
                              <div>
                              <div className="flex gap-2">
                                <Button className="h-9" onClick={function onClick} variant="primary">
>                                 <button
>                                   className="inline-flex items-center justify-center gap-2 rounded-md px-3 text-sm f..."
>                                   onClick={function onClick}
>                                 >
                                ...
                  ...

[2m20:04:16[22m [31m[1m[vite][22m[39m [31m[2m(client)[22m[39m [2m[console.error] [22m<button> cannot contain a nested <button>.
See this log for the ancestor stack trace.
[2m20:04:18[22m [33m[1m[vite][22m[39m [33m[2m(client)[22m[39m [2m[console.warn] [22mThe width(-1) and height(-1) of chart should be greater than 0,
       please check the style of container, or the props width(100%) and height(100%),
       or add a minWidth(0) or minHeight(undefined) or use aspect(undefined) to control the
       height and width.
[2m20:04:18[22m [33m[1m[vite][22m[39m [33m[2m(client)[22m[39m [2m[console.warn] [22mThe width(-1) and height(-1) of chart should be greater than 0,
       please check the style of container, or the props width(100%) and height(100%),
       or add a minWidth(0) or minHeight(undefined) or use aspect(undefined) to control the
       height and width.
[2m20:04:18[22m [33m[1m[vite][22m[39m [33m[2m(client)[22m[39m [2m[console.warn] [22mThe width(-1) and height(-1) of chart should be greater than 0,
       please check the style of container, or the props width(100%) and height(100%),
       or add a minWidth(0) or minHeight(undefined) or use aspect(undefined) to control the
       height and width.
[2m20:04:18[22m [33m[1m[vite][22m[39m [33m[2m(client)[22m[39m [2m[console.warn] [22mThe width(-1) and height(-1) of chart should be greater than 0,
       please check the style of container, or the props width(100%) and height(100%),
       or add a minWidth(0) or minHeight(undefined) or use aspect(undefined) to control the
       height and width.
[2m20:10:07[22m [33m[1m[vite][22m[39m [33m[2m(client)[22m[39m [2m[console.warn] [22mThe width(-1) and height(-1) of chart should be greater than 0,
       please check the style of container, or the props width(100%) and height(100%),
       or add a minWidth(0) or minHeight(undefined) or use aspect(undefined) to control the
       height and width.
[2m20:10:07[22m [33m[1m[vite][22m[39m [33m[2m(client)[22m[39m [2m[console.warn] [22mThe width(-1) and height(-1) of chart should be greater than 0,
       please check the style of container, or the props width(100%) and height(100%),
       or add a minWidth(0) or minHeight(undefined) or use aspect(undefined) to control the
       height and width.
[2m20:10:07[22m [33m[1m[vite][22m[39m [33m[2m(client)[22m[39m [2m[console.warn] [22mThe width(-1) and height(-1) of chart should be greater than 0,
       please check the style of container, or the props width(100%) and height(100%),
       or add a minWidth(0) or minHeight(undefined) or use aspect(undefined) to control the
       height and width.
[2m20:10:07[22m [33m[1m[vite][22m[39m [33m[2m(client)[22m[39m [2m[console.warn] [22mThe width(-1) and height(-1) of chart should be greater than 0,
       please check the style of container, or the props width(100%) and height(100%),
       or add a minWidth(0) or minHeight(undefined) or use aspect(undefined) to control the
       height and width.
[2m20:10:07[22m [33m[1m[vite][22m[39m [33m[2m(client)[22m[39m [2m[console.warn] [22mGSAP target .severity-meter-fill not found. https://gsap.com
[2m20:10:07[22m [33m[1m[vite][22m[39m [33m[2m(client)[22m[39m [2m[console.warn] [22mGSAP target  not found. https://gsap.com
[2m20:10:07[22m [33m[1m[vite][22m[39m [33m[2m(client)[22m[39m [2m[console.warn] [22mGSAP target  not found. https://gsap.com
[2m20:10:07[22m [33m[1m[vite][22m[39m [33m[2m(client)[22m[39m [2m[console.warn] [22mGSAP target .severity-meter-fill not found. https://gsap.com
[2m20:10:07[22m [33m[1m[vite][22m[39m [33m[2m(client)[22m[39m [2m[console.warn] [22mGSAP target  not found. https://gsap.com
[2m20:10:08[22m [33m[1m[vite][22m[39m [33m[2m(client)[22m[39m [2m[console.warn] [22mGSAP target  not found. https://gsap.com
[2m20:10:39[22m [33m[1m[vite][22m[39m [33m[2m(client)[22m[39m [2m[console.warn] [22mGSAP target .timeline-item, .operation-row, .severity-card, .severity-legend-item not found. https://gsap.com
[2m20:10:39[22m [33m[1m[vite][22m[39m [33m[2m(client)[22m[39m [2m[console.warn] [22mGSAP target  not found. https://gsap.com
[2m20:10:39[22m [33m[1m[vite][22m[39m [33m[2m(client)[22m[39m [2m[console.warn] [22mGSAP target .severity-meter-fill not found. https://gsap.com
[2m20:10:39[22m [33m[1m[vite][22m[39m [33m[2m(client)[22m[39m [2m[console.warn] [22mGSAP target  not found. https://gsap.com
[2m20:10:39[22m [33m[1m[vite][22m[39m [33m[2m(client)[22m[39m [2m[console.warn] [22mGSAP target  not found. https://gsap.com
[2m20:10:39[22m [33m[1m[vite][22m[39m [33m[2m(client)[22m[39m [2m[console.warn] [22mGSAP target  not found. https://gsap.com
[2m20:10:39[22m [33m[1m[vite][22m[39m [33m[2m(client)[22m[39m [2m[console.warn] [22mGSAP target .timeline-item, .operation-row, .severity-card, .severity-legend-item not found. https://gsap.com
[2m20:10:39[22m [33m[1m[vite][22m[39m [33m[2m(client)[22m[39m [2m[console.warn] [22mGSAP target  not found. https://gsap.com
[2m20:10:39[22m [33m[1m[vite][22m[39m [33m[2m(client)[22m[39m [2m[console.warn] [22mGSAP target .severity-meter-fill not found. https://gsap.com
[2m20:10:39[22m [33m[1m[vite][22m[39m [33m[2m(client)[22m[39m [2m[console.warn] [22mGSAP target  not found. https://gsap.com
[2m20:10:39[22m [33m[1m[vite][22m[39m [33m[2m(client)[22m[39m [2m[console.warn] [22mGSAP target  not found. https://gsap.com
[2m20:10:39[22m [33m[1m[vite][22m[39m [33m[2m(client)[22m[39m [2m[console.warn] [22mGSAP target  not found. https://gsap.com
[2m20:10:40[22m [33m[1m[vite][22m[39m [33m[2m(client)[22m[39m [2m[console.warn] [22mThe width(-1) and height(-1) of chart should be greater than 0,
       please check the style of container, or the props width(100%) and height(100%),
       or add a minWidth(0) or minHeight(undefined) or use aspect(undefined) to control the
       height and width.
[2m20:10:40[22m [33m[1m[vite][22m[39m [33m[2m(client)[22m[39m [2m[console.warn] [22mThe width(-1) and height(-1) of chart should be greater than 0,
       please check the style of container, or the props width(100%) and height(100%),
       or add a minWidth(0) or minHeight(undefined) or use aspect(undefined) to control the
       height and width.
[2m20:10:40[22m [33m[1m[vite][22m[39m [33m[2m(client)[22m[39m [2m[console.warn] [22mThe width(-1) and height(-1) of chart should be greater than 0,
       please check the style of container, or the props width(100%) and height(100%),
       or add a minWidth(0) or minHeight(undefined) or use aspect(undefined) to control the
       height and width.
[2m20:10:40[22m [33m[1m[vite][22m[39m [33m[2m(client)[22m[39m [2m[console.warn] [22mThe width(-1) and height(-1) of chart should be greater than 0,
       please check the style of container, or the props width(100%) and height(100%),
       or add a minWidth(0) or minHeight(undefined) or use aspect(undefined) to control the
       height and width.
[2m20:10:40[22m [33m[1m[vite][22m[39m [33m[2m(client)[22m[39m [2m[console.warn] [22mGSAP target .severity-meter-fill not found. https://gsap.com
[2m20:10:40[22m [33m[1m[vite][22m[39m [33m[2m(client)[22m[39m [2m[console.warn] [22mGSAP target  not found. https://gsap.com
[2m20:10:40[22m [33m[1m[vite][22m[39m [33m[2m(client)[22m[39m [2m[console.warn] [22mGSAP target  not found. https://gsap.com
[2m20:10:40[22m [33m[1m[vite][22m[39m [33m[2m(client)[22m[39m [2m[console.warn] [22mGSAP target .severity-meter-fill not found. https://gsap.com
[2m20:10:40[22m [33m[1m[vite][22m[39m [33m[2m(client)[22m[39m [2m[console.warn] [22mGSAP target  not found. https://gsap.com
[2m20:10:41[22m [33m[1m[vite][22m[39m [33m[2m(client)[22m[39m [2m[console.warn] [22mGSAP target  not found. https://gsap.com
[2m20:11:16[22m [33m[1m[vite][22m[39m [33m[2m(client)[22m[39m [2m[console.warn] [22mGSAP target [data-gsap="reveal"] not found. https://gsap.com
[2m20:11:16[22m [33m[1m[vite][22m[39m [33m[2m(client)[22m[39m [2m[console.warn] [22mGSAP target  not found. https://gsap.com
[2m20:11:16[22m [33m[1m[vite][22m[39m [33m[2m(client)[22m[39m [2m[console.warn] [22mGSAP target .timeline-item, .operation-row, .severity-card, .severity-legend-item not found. https://gsap.com
[2m20:11:16[22m [33m[1m[vite][22m[39m [33m[2m(client)[22m[39m [2m[console.warn] [22mGSAP target  not found. https://gsap.com
[2m20:11:16[22m [33m[1m[vite][22m[39m [33m[2m(client)[22m[39m [2m[console.warn] [22mGSAP target .severity-meter-fill not found. https://gsap.com
[2m20:11:16[22m [33m[1m[vite][22m[39m [33m[2m(client)[22m[39m [2m[console.warn] [22mGSAP target  not found. https://gsap.com
[2m20:11:16[22m [33m[1m[vite][22m[39m [33m[2m(client)[22m[39m [2m[console.warn] [22mGSAP target  not found. https://gsap.com
[2m20:11:16[22m [33m[1m[vite][22m[39m [33m[2m(client)[22m[39m [2m[console.warn] [22mGSAP target  not found. https://gsap.com
[2m20:11:16[22m [33m[1m[vite][22m[39m [33m[2m(client)[22m[39m [2m[console.warn] [22mGSAP target  not found. https://gsap.com
[2m20:11:16[22m [33m[1m[vite][22m[39m [33m[2m(client)[22m[39m [2m[console.warn] [22mGSAP target [data-gsap="reveal"] not found. https://gsap.com
[2m20:11:16[22m [33m[1m[vite][22m[39m [33m[2m(client)[22m[39m [2m[console.warn] [22mGSAP target  not found. https://gsap.com
[2m20:11:16[22m [33m[1m[vite][22m[39m [33m[2m(client)[22m[39m [2m[console.warn] [22mGSAP target .timeline-item, .operation-row, .severity-card, .severity-legend-item not found. https://gsap.com
[2m20:11:16[22m [33m[1m[vite][22m[39m [33m[2m(client)[22m[39m [2m[console.warn] [22mGSAP target  not found. https://gsap.com
[2m20:11:16[22m [33m[1m[vite][22m[39m [33m[2m(client)[22m[39m [2m[console.warn] [22mGSAP target .severity-meter-fill not found. https://gsap.com
[2m20:11:16[22m [33m[1m[vite][22m[39m [33m[2m(client)[22m[39m [2m[console.warn] [22mGSAP target  not found. https://gsap.com
[2m20:11:16[22m [33m[1m[vite][22m[39m [33m[2m(client)[22m[39m [2m[console.warn] [22mGSAP target  not found. https://gsap.com
[2m20:11:16[22m [33m[1m[vite][22m[39m [33m[2m(client)[22m[39m [2m[console.warn] [22mGSAP target  not found. https://gsap.com
[2m20:11:16[22m [33m[1m[vite][22m[39m [33m[2m(client)[22m[39m [2m[console.warn] [22mGSAP target  not found. https://gsap.com
[2m20:11:27[22m [33m[1m[vite][22m[39m [33m[2m(client)[22m[39m [2m[console.warn] [22mGSAP target .timeline-item, .operation-row, .severity-card, .severity-legend-item not found. https://gsap.com
[2m20:11:27[22m [33m[1m[vite][22m[39m [33m[2m(client)[22m[39m [2m[console.warn] [22mGSAP target  not found. https://gsap.com
[2m20:11:27[22m [33m[1m[vite][22m[39m [33m[2m(client)[22m[39m [2m[console.warn] [22mGSAP target .severity-meter-fill not found. https://gsap.com
[2m20:11:27[22m [33m[1m[vite][22m[39m [33m[2m(client)[22m[39m [2m[console.warn] [22mGSAP target  not found. https://gsap.com
[2m20:11:27[22m [33m[1m[vite][22m[39m [33m[2m(client)[22m[39m [2m[console.warn] [22mGSAP target  not found. https://gsap.com
[2m20:11:27[22m [33m[1m[vite][22m[39m [33m[2m(client)[22m[39m [2m[console.warn] [22mGSAP target  not found. https://gsap.com
[2m20:11:27[22m [33m[1m[vite][22m[39m [33m[2m(client)[22m[39m [2m[console.warn] [22mGSAP target .timeline-item, .operation-row, .severity-card, .severity-legend-item not found. https://gsap.com
[2m20:11:27[22m [33m[1m[vite][22m[39m [33m[2m(client)[22m[39m [2m[console.warn] [22mGSAP target  not found. https://gsap.com
[2m20:11:27[22m [33m[1m[vite][22m[39m [33m[2m(client)[22m[39m [2m[console.warn] [22mGSAP target .severity-meter-fill not found. https://gsap.com
[2m20:11:27[22m [33m[1m[vite][22m[39m [33m[2m(client)[22m[39m [2m[console.warn] [22mGSAP target  not found. https://gsap.com
[2m20:11:27[22m [33m[1m[vite][22m[39m [33m[2m(client)[22m[39m [2m[console.warn] [22mGSAP target  not found. https://gsap.com
[2m20:11:27[22m [33m[1m[vite][22m[39m [33m[2m(client)[22m[39m [2m[console.warn] [22mGSAP target  not found. https://gsap.com
[2m20:11:34[22m [33m[1m[vite][22m[39m [33m[2m(client)[22m[39m [2m[console.warn] [22mGSAP target .timeline-item, .operation-row, .severity-card, .severity-legend-item not found. https://gsap.com
[2m20:11:34[22m [33m[1m[vite][22m[39m [33m[2m(client)[22m[39m [2m[console.warn] [22mGSAP target  not found. https://gsap.com
[2m20:11:34[22m [33m[1m[vite][22m[39m [33m[2m(client)[22m[39m [2m[console.warn] [22mGSAP target .severity-meter-fill not found. https://gsap.com
[2m20:11:34[22m [33m[1m[vite][22m[39m [33m[2m(client)[22m[39m [2m[console.warn] [22mGSAP target  not found. https://gsap.com
[2m20:11:34[22m [33m[1m[vite][22m[39m [33m[2m(client)[22m[39m [2m[console.warn] [22mGSAP target  not found. https://gsap.com
[2m20:11:34[22m [33m[1m[vite][22m[39m [33m[2m(client)[22m[39m [2m[console.warn] [22mGSAP target  not found. https://gsap.com
[2m20:11:34[22m [33m[1m[vite][22m[39m [33m[2m(client)[22m[39m [2m[console.warn] [22mGSAP target .timeline-item, .operation-row, .severity-card, .severity-legend-item not found. https://gsap.com
[2m20:11:34[22m [33m[1m[vite][22m[39m [33m[2m(client)[22m[39m [2m[console.warn] [22mGSAP target  not found. https://gsap.com
[2m20:11:34[22m [33m[1m[vite][22m[39m [33m[2m(client)[22m[39m [2m[console.warn] [22mGSAP target .severity-meter-fill not found. https://gsap.com
[2m20:11:34[22m [33m[1m[vite][22m[39m [33m[2m(client)[22m[39m [2m[console.warn] [22mGSAP target  not found. https://gsap.com
[2m20:11:34[22m [33m[1m[vite][22m[39m [33m[2m(client)[22m[39m [2m[console.warn] [22mGSAP target  not found. https://gsap.com
[2m20:11:34[22m [33m[1m[vite][22m[39m [33m[2m(client)[22m[39m [2m[console.warn] [22mGSAP target  not found. https://gsap.com
[2m20:11:34[22m [33m[1m[vite][22m[39m [33m[2m(client)[22m[39m [2m[console.warn] [22mGSAP target  not found. https://gsap.com
[2m20:11:38[22m [33m[1m[vite][22m[39m [33m[2m(client)[22m[39m [2m[console.warn] [22mGSAP target .timeline-item, .operation-row, .severity-card, .severity-legend-item not found. https://gsap.com
[2m20:11:38[22m [33m[1m[vite][22m[39m [33m[2m(client)[22m[39m [2m[console.warn] [22mGSAP target  not found. https://gsap.com
[2m20:11:38[22m [33m[1m[vite][22m[39m [33m[2m(client)[22m[39m [2m[console.warn] [22mGSAP target .severity-meter-fill not found. https://gsap.com
[2m20:11:38[22m [33m[1m[vite][22m[39m [33m[2m(client)[22m[39m [2m[console.warn] [22mGSAP target  not found. https://gsap.com
[2m20:11:38[22m [33m[1m[vite][22m[39m [33m[2m(client)[22m[39m [2m[console.warn] [22mGSAP target  not found. https://gsap.com
[2m20:11:38[22m [33m[1m[vite][22m[39m [33m[2m(client)[22m[39m [2m[console.warn] [22mGSAP target  not found. https://gsap.com
[2m20:11:38[22m [33m[1m[vite][22m[39m [33m[2m(client)[22m[39m [2m[console.warn] [22mGSAP target .timeline-item, .operation-row, .severity-card, .severity-legend-item not found. https://gsap.com
[2m20:11:38[22m [33m[1m[vite][22m[39m [33m[2m(client)[22m[39m [2m[console.warn] [22mGSAP target  not found. https://gsap.com
[2m20:11:38[22m [33m[1m[vite][22m[39m [33m[2m(client)[22m[39m [2m[console.warn] [22mGSAP target .severity-meter-fill not found. https://gsap.com
[2m20:11:38[22m [33m[1m[vite][22m[39m [33m[2m(client)[22m[39m [2m[console.warn] [22mGSAP target  not found. https://gsap.com
[2m20:11:38[22m [33m[1m[vite][22m[39m [33m[2m(client)[22m[39m [2m[console.warn] [22mGSAP target  not found. https://gsap.com
[2m20:11:38[22m [33m[1m[vite][22m[39m [33m[2m(client)[22m[39m [2m[console.warn] [22mGSAP target  not found. https://gsap.com
[2m20:11:43[22m [33m[1m[vite][22m[39m [33m[2m(client)[22m[39m [2m[console.warn] [22mGSAP target [data-gsap="reveal"] not found. https://gsap.com
[2m20:11:43[22m [33m[1m[vite][22m[39m [33m[2m(client)[22m[39m [2m[console.warn] [22mGSAP target  not found. https://gsap.com
[2m20:11:43[22m [33m[1m[vite][22m[39m [33m[2m(client)[22m[39m [2m[console.warn] [22mGSAP target .timeline-item, .operation-row, .severity-card, .severity-legend-item not found. https://gsap.com
[2m20:11:43[22m [33m[1m[vite][22m[39m [33m[2m(client)[22m[39m [2m[console.warn] [22mGSAP target  not found. https://gsap.com
[2m20:11:43[22m [33m[1m[vite][22m[39m [33m[2m(client)[22m[39m [2m[console.warn] [22mGSAP target .severity-meter-fill not found. https://gsap.com
[2m20:11:43[22m [33m[1m[vite][22m[39m [33m[2m(client)[22m[39m [2m[console.warn] [22mGSAP target  not found. https://gsap.com
[2m20:11:43[22m [33m[1m[vite][22m[39m [33m[2m(client)[22m[39m [2m[console.warn] [22mGSAP target  not found. https://gsap.com
[2m20:11:43[22m [33m[1m[vite][22m[39m [33m[2m(client)[22m[39m [2m[console.warn] [22mGSAP target  not found. https://gsap.com
[2m20:11:43[22m [33m[1m[vite][22m[39m [33m[2m(client)[22m[39m [2m[console.warn] [22mGSAP target  not found. https://gsap.com
[2m20:11:43[22m [33m[1m[vite][22m[39m [33m[2m(client)[22m[39m [2m[console.warn] [22mGSAP target [data-gsap="reveal"] not found. https://gsap.com
[2m20:11:43[22m [33m[1m[vite][22m[39m [33m[2m(client)[22m[39m [2m[console.warn] [22mGSAP target  not found. https://gsap.com
[2m20:11:43[22m [33m[1m[vite][22m[39m [33m[2m(client)[22m[39m [2m[console.warn] [22mGSAP target .timeline-item, .operation-row, .severity-card, .severity-legend-item not found. https://gsap.com
[2m20:11:43[22m [33m[1m[vite][22m[39m [33m[2m(client)[22m[39m [2m[console.warn] [22mGSAP target  not found. https://gsap.com
[2m20:11:43[22m [33m[1m[vite][22m[39m [33m[2m(client)[22m[39m [2m[console.warn] [22mGSAP target .severity-meter-fill not found. https://gsap.com
[2m20:11:43[22m [33m[1m[vite][22m[39m [33m[2m(client)[22m[39m [2m[console.warn] [22mGSAP target  not found. https://gsap.com
[2m20:11:43[22m [33m[1m[vite][22m[39m [33m[2m(client)[22m[39m [2m[console.warn] [22mGSAP target  not found. https://gsap.com
[2m20:11:43[22m [33m[1m[vite][22m[39m [33m[2m(client)[22m[39m [2m[console.warn] [22mGSAP target  not found. https://gsap.com
[2m20:11:43[22m [33m[1m[vite][22m[39m [33m[2m(client)[22m[39m [2m[console.warn] [22mGSAP target  not found. https://gsap.com
[2m20:11:47[22m [33m[1m[vite][22m[39m [33m[2m(client)[22m[39m [2m[console.warn] [22mGSAP target .timeline-item, .operation-row, .severity-card, .severity-legend-item not found. https://gsap.com
[2m20:11:47[22m [33m[1m[vite][22m[39m [33m[2m(client)[22m[39m [2m[console.warn] [22mGSAP target  not found. https://gsap.com
[2m20:11:47[22m [33m[1m[vite][22m[39m [33m[2m(client)[22m[39m [2m[console.warn] [22mGSAP target .severity-meter-fill not found. https://gsap.com
[2m20:11:47[22m [33m[1m[vite][22m[39m [33m[2m(client)[22m[39m [2m[console.warn] [22mGSAP target  not found. https://gsap.com
[2m20:11:47[22m [33m[1m[vite][22m[39m [33m[2m(client)[22m[39m [2m[console.warn] [22mGSAP target  not found. https://gsap.com
[2m20:11:47[22m [33m[1m[vite][22m[39m [33m[2m(client)[22m[39m [2m[console.warn] [22mGSAP target  not found. https://gsap.com
[2m20:11:47[22m [33m[1m[vite][22m[39m [33m[2m(client)[22m[39m [2m[console.warn] [22mGSAP target .timeline-item, .operation-row, .severity-card, .severity-legend-item not found. https://gsap.com
[2m20:11:47[22m [33m[1m[vite][22m[39m [33m[2m(client)[22m[39m [2m[console.warn] [22mGSAP target  not found. https://gsap.com
[2m20:11:47[22m [33m[1m[vite][22m[39m [33m[2m(client)[22m[39m [2m[console.warn] [22mGSAP target .severity-meter-fill not found. https://gsap.com
[2m20:11:47[22m [33m[1m[vite][22m[39m [33m[2m(client)[22m[39m [2m[console.warn] [22mGSAP target  not found. https://gsap.com
[2m20:11:48[22m [33m[1m[vite][22m[39m [33m[2m(client)[22m[39m [2m[console.warn] [22mGSAP target  not found. https://gsap.com
[2m20:11:48[22m [33m[1m[vite][22m[39m [33m[2m(client)[22m[39m [2m[console.warn] [22mGSAP target  not found. https://gsap.com
[2m20:11:51[22m [33m[1m[vite][22m[39m [33m[2m(client)[22m[39m [2m[console.warn] [22mGSAP target .timeline-item, .operation-row, .severity-card, .severity-legend-item not found. https://gsap.com
[2m20:11:51[22m [33m[1m[vite][22m[39m [33m[2m(client)[22m[39m [2m[console.warn] [22mGSAP target  not found. https://gsap.com
[2m20:11:51[22m [33m[1m[vite][22m[39m [33m[2m(client)[22m[39m [2m[console.warn] [22mGSAP target .severity-meter-fill not found. https://gsap.com
[2m20:11:51[22m [33m[1m[vite][22m[39m [33m[2m(client)[22m[39m [2m[console.warn] [22mGSAP target  not found. https://gsap.com
[2m20:11:51[22m [33m[1m[vite][22m[39m [33m[2m(client)[22m[39m [2m[console.warn] [22mGSAP target  not found. https://gsap.com
[2m20:11:51[22m [33m[1m[vite][22m[39m [33m[2m(client)[22m[39m [2m[console.warn] [22mGSAP target  not found. https://gsap.com
[2m20:11:51[22m [33m[1m[vite][22m[39m [33m[2m(client)[22m[39m [2m[console.warn] [22mGSAP target .timeline-item, .operation-row, .severity-card, .severity-legend-item not found. https://gsap.com
[2m20:11:51[22m [33m[1m[vite][22m[39m [33m[2m(client)[22m[39m [2m[console.warn] [22mGSAP target  not found. https://gsap.com
[2m20:11:51[22m [33m[1m[vite][22m[39m [33m[2m(client)[22m[39m [2m[console.warn] [22mGSAP target .severity-meter-fill not found. https://gsap.com
[2m20:11:51[22m [33m[1m[vite][22m[39m [33m[2m(client)[22m[39m [2m[console.warn] [22mGSAP target  not found. https://gsap.com
[2m20:11:51[22m [33m[1m[vite][22m[39m [33m[2m(client)[22m[39m [2m[console.warn] [22mGSAP target  not found. https://gsap.com
[2m20:11:51[22m [33m[1m[vite][22m[39m [33m[2m(client)[22m[39m [2m[console.warn] [22mGSAP target  not found. https://gsap.com
[2m20:11:53[22m [33m[1m[vite][22m[39m [33m[2m(client)[22m[39m [2m[console.warn] [22mGSAP target .timeline-item, .operation-row, .severity-card, .severity-legend-item not found. https://gsap.com
[2m20:11:53[22m [33m[1m[vite][22m[39m [33m[2m(client)[22m[39m [2m[console.warn] [22mGSAP target  not found. https://gsap.com
[2m20:11:53[22m [33m[1m[vite][22m[39m [33m[2m(client)[22m[39m [2m[console.warn] [22mGSAP target .severity-meter-fill not found. https://gsap.com
[2m20:11:53[22m [33m[1m[vite][22m[39m [33m[2m(client)[22m[39m [2m[console.warn] [22mGSAP target  not found. https://gsap.com
[2m20:11:53[22m [33m[1m[vite][22m[39m [33m[2m(client)[22m[39m [2m[console.warn] [22mGSAP target  not found. https://gsap.com
[2m20:11:53[22m [33m[1m[vite][22m[39m [33m[2m(client)[22m[39m [2m[console.warn] [22mGSAP target  not found. https://gsap.com
[2m20:11:53[22m [33m[1m[vite][22m[39m [33m[2m(client)[22m[39m [2m[console.warn] [22mGSAP target .timeline-item, .operation-row, .severity-card, .severity-legend-item not found. https://gsap.com
[2m20:11:53[22m [33m[1m[vite][22m[39m [33m[2m(client)[22m[39m [2m[console.warn] [22mGSAP target  not found. https://gsap.com
[2m20:11:53[22m [33m[1m[vite][22m[39m [33m[2m(client)[22m[39m [2m[console.warn] [22mGSAP target .severity-meter-fill not found. https://gsap.com
[2m20:11:53[22m [33m[1m[vite][22m[39m [33m[2m(client)[22m[39m [2m[console.warn] [22mGSAP target  not found. https://gsap.com
[2m20:11:53[22m [33m[1m[vite][22m[39m [33m[2m(client)[22m[39m [2m[console.warn] [22mGSAP target  not found. https://gsap.com
[2m20:11:53[22m [33m[1m[vite][22m[39m [33m[2m(client)[22m[39m [2m[console.warn] [22mGSAP target  not found. https://gsap.com
[2m20:11:55[22m [33m[1m[vite][22m[39m [33m[2m(client)[22m[39m [2m[console.warn] [22mGSAP target .timeline-item, .operation-row, .severity-card, .severity-legend-item not found. https://gsap.com
[2m20:11:55[22m [33m[1m[vite][22m[39m [33m[2m(client)[22m[39m [2m[console.warn] [22mGSAP target  not found. https://gsap.com
[2m20:11:55[22m [33m[1m[vite][22m[39m [33m[2m(client)[22m[39m [2m[console.warn] [22mGSAP target .severity-meter-fill not found. https://gsap.com
[2m20:11:55[22m [33m[1m[vite][22m[39m [33m[2m(client)[22m[39m [2m[console.warn] [22mGSAP target  not found. https://gsap.com
[2m20:11:55[22m [33m[1m[vite][22m[39m [33m[2m(client)[22m[39m [2m[console.warn] [22mGSAP target  not found. https://gsap.com
[2m20:11:55[22m [33m[1m[vite][22m[39m [33m[2m(client)[22m[39m [2m[console.warn] [22mGSAP target  not found. https://gsap.com
[2m20:11:55[22m [33m[1m[vite][22m[39m [33m[2m(client)[22m[39m [2m[console.warn] [22mGSAP target .timeline-item, .operation-row, .severity-card, .severity-legend-item not found. https://gsap.com
[2m20:11:55[22m [33m[1m[vite][22m[39m [33m[2m(client)[22m[39m [2m[console.warn] [22mGSAP target  not found. https://gsap.com
[2m20:11:55[22m [33m[1m[vite][22m[39m [33m[2m(client)[22m[39m [2m[console.warn] [22mGSAP target .severity-meter-fill not found. https://gsap.com
[2m20:11:55[22m [33m[1m[vite][22m[39m [33m[2m(client)[22m[39m [2m[console.warn] [22mGSAP target  not found. https://gsap.com
[2m20:11:55[22m [33m[1m[vite][22m[39m [33m[2m(client)[22m[39m [2m[console.warn] [22mGSAP target  not found. https://gsap.com
[2m20:11:55[22m [33m[1m[vite][22m[39m [33m[2m(client)[22m[39m [2m[console.warn] [22mGSAP target  not found. https://gsap.com
[2m20:12:08[22m [33m[1m[vite][22m[39m [33m[2m(client)[22m[39m [2m[console.warn] [22mGSAP target .timeline-item, .operation-row, .severity-card, .severity-legend-item not found. https://gsap.com
[2m20:12:08[22m [33m[1m[vite][22m[39m [33m[2m(client)[22m[39m [2m[console.warn] [22mGSAP target  not found. https://gsap.com
[2m20:12:08[22m [33m[1m[vite][22m[39m [33m[2m(client)[22m[39m [2m[console.warn] [22mGSAP target .severity-meter-fill not found. https://gsap.com
[2m20:12:08[22m [33m[1m[vite][22m[39m [33m[2m(client)[22m[39m [2m[console.warn] [22mGSAP target  not found. https://gsap.com
[2m20:12:08[22m [33m[1m[vite][22m[39m [33m[2m(client)[22m[39m [2m[console.warn] [22mGSAP target  not found. https://gsap.com
[2m20:12:08[22m [33m[1m[vite][22m[39m [33m[2m(client)[22m[39m [2m[console.warn] [22mGSAP target  not found. https://gsap.com
[2m20:12:08[22m [33m[1m[vite][22m[39m [33m[2m(client)[22m[39m [2m[console.warn] [22mGSAP target .timeline-item, .operation-row, .severity-card, .severity-legend-item not found. https://gsap.com
[2m20:12:08[22m [33m[1m[vite][22m[39m [33m[2m(client)[22m[39m [2m[console.warn] [22mGSAP target  not found. https://gsap.com
[2m20:12:08[22m [33m[1m[vite][22m[39m [33m[2m(client)[22m[39m [2m[console.warn] [22mGSAP target .severity-meter-fill not found. https://gsap.com
[2m20:12:08[22m [33m[1m[vite][22m[39m [33m[2m(client)[22m[39m [2m[console.warn] [22mGSAP target  not found. https://gsap.com
[2m20:12:08[22m [33m[1m[vite][22m[39m [33m[2m(client)[22m[39m [2m[console.warn] [22mGSAP target  not found. https://gsap.com
[2m20:12:08[22m [33m[1m[vite][22m[39m [33m[2m(client)[22m[39m [2m[console.warn] [22mGSAP target  not found. https://gsap.com
[2m20:12:11[22m [33m[1m[vite][22m[39m [33m[2m(client)[22m[39m [2m[console.warn] [22mGSAP target .timeline-item, .operation-row, .severity-card, .severity-legend-item not found. https://gsap.com
[2m20:12:11[22m [33m[1m[vite][22m[39m [33m[2m(client)[22m[39m [2m[console.warn] [22mGSAP target  not found. https://gsap.com
[2m20:12:11[22m [33m[1m[vite][22m[39m [33m[2m(client)[22m[39m [2m[console.warn] [22mGSAP target .severity-meter-fill not found. https://gsap.com
[2m20:12:11[22m [33m[1m[vite][22m[39m [33m[2m(client)[22m[39m [2m[console.warn] [22mGSAP target  not found. https://gsap.com
[2m20:12:11[22m [33m[1m[vite][22m[39m [33m[2m(client)[22m[39m [2m[console.warn] [22mGSAP target  not found. https://gsap.com
[2m20:12:11[22m [33m[1m[vite][22m[39m [33m[2m(client)[22m[39m [2m[console.warn] [22mGSAP target  not found. https://gsap.com
[2m20:12:11[22m [33m[1m[vite][22m[39m [33m[2m(client)[22m[39m [2m[console.warn] [22mGSAP target .timeline-item, .operation-row, .severity-card, .severity-legend-item not found. https://gsap.com
[2m20:12:11[22m [33m[1m[vite][22m[39m [33m[2m(client)[22m[39m [2m[console.warn] [22mGSAP target  not found. https://gsap.com
[2m20:12:11[22m [33m[1m[vite][22m[39m [33m[2m(client)[22m[39m [2m[console.warn] [22mGSAP target .severity-meter-fill not found. https://gsap.com
[2m20:12:11[22m [33m[1m[vite][22m[39m [33m[2m(client)[22m[39m [2m[console.warn] [22mGSAP target  not found. https://gsap.com
[2m20:12:11[22m [33m[1m[vite][22m[39m [33m[2m(client)[22m[39m [2m[console.warn] [22mGSAP target  not found. https://gsap.com
[2m20:12:11[22m [33m[1m[vite][22m[39m [33m[2m(client)[22m[39m [2m[console.warn] [22mGSAP target  not found. https://gsap.com
[2m20:12:12[22m [33m[1m[vite][22m[39m [33m[2m(client)[22m[39m [2m[console.warn] [22mGSAP target .timeline-item, .operation-row, .severity-card, .severity-legend-item not found. https://gsap.com
[2m20:12:12[22m [33m[1m[vite][22m[39m [33m[2m(client)[22m[39m [2m[console.warn] [22mGSAP target  not found. https://gsap.com
[2m20:12:12[22m [33m[1m[vite][22m[39m [33m[2m(client)[22m[39m [2m[console.warn] [22mGSAP target .severity-meter-fill not found. https://gsap.com
[2m20:12:12[22m [33m[1m[vite][22m[39m [33m[2m(client)[22m[39m [2m[console.warn] [22mGSAP target  not found. https://gsap.com
[2m20:12:12[22m [33m[1m[vite][22m[39m [33m[2m(client)[22m[39m [2m[console.warn] [22mGSAP target  not found. https://gsap.com
[2m20:12:12[22m [33m[1m[vite][22m[39m [33m[2m(client)[22m[39m [2m[console.warn] [22mGSAP target  not found. https://gsap.com
[2m20:12:12[22m [33m[1m[vite][22m[39m [33m[2m(client)[22m[39m [2m[console.warn] [22mGSAP target .timeline-item, .operation-row, .severity-card, .severity-legend-item not found. https://gsap.com
[2m20:12:12[22m [33m[1m[vite][22m[39m [33m[2m(client)[22m[39m [2m[console.warn] [22mGSAP target  not found. https://gsap.com
[2m20:12:12[22m [33m[1m[vite][22m[39m [33m[2m(client)[22m[39m [2m[console.warn] [22mGSAP target .severity-meter-fill not found. https://gsap.com
[2m20:12:12[22m [33m[1m[vite][22m[39m [33m[2m(client)[22m[39m [2m[console.warn] [22mGSAP target  not found. https://gsap.com
[2m20:12:12[22m [31m[1m[vite][22m[39m [31m[2m(client)[22m[39m [2m[console.error] [22mIn HTML, <button> cannot be a descendant of <button>.
This will cause a hydration error.

  ...
    <div className="flex min-h..." style={{opacity:0, ...}} ref={function}>
      <ApprovalsPage>
        <PageFrame icon={{...}} title="Approval C...">
          <motion.main ref={{...}} className="min-w-0 fl..." initial={{opacity:0,y:10}} animate={{opacity:1,y:0}} ...>
            <main className="min-w-0 fl..." style={{opacity:0, ...}} ref={function}>
              <div className="mx-auto fl...">
                <section>
                <section className="grid gap-5...">
                  <div className="space-y-4">
                    <section>
                    <Panel>
                      <section data-gsap="reveal" className="glass-pane...">
                        <div>
                        <div className="space-y-3">
>                         <button
>                           className="w-full rounded-lg border bg-slate-950/45 p-4 text-left transition hover:border-..."
>                           onClick={function onClick}
>                           type="button"
>                         >
                            <div className="flex flex-...">
                              <div>
                              <div className="flex gap-2">
                                <Button className="h-9" onClick={function onClick} variant="primary">
>                                 <button
>                                   className="inline-flex items-center justify-center gap-2 rounded-md px-3 text-sm f..."
>                                   onClick={function onClick}
>                                 >
                                ...
                  ...

[2m20:12:12[22m [31m[1m[vite][22m[39m [31m[2m(client)[22m[39m [2m[console.error] [22m<button> cannot contain a nested <button>.
See this log for the ancestor stack trace.
[2m20:12:13[22m [33m[1m[vite][22m[39m [33m[2m(client)[22m[39m [2m[console.warn] [22mGSAP target  not found. https://gsap.com
[2m20:12:13[22m [33m[1m[vite][22m[39m [33m[2m(client)[22m[39m [2m[console.warn] [22mGSAP target  not found. https://gsap.com
[2m20:12:18[22m [31m[1m[vite][22m[39m [31m[2m(client)[22m[39m [31m[Unhandled error] [1mNotFoundError[22m: Failed to execute 'insertBefore' on 'Node': The node before which the new node is to be inserted is not a child of this node.
[39m > insertOrAppendPlacementNode node_modules/react-dom/cjs/react-dom-client.development.js:13688:26
 > insertOrAppendPlacementNode node_modules/react-dom/cjs/react-dom-client.development.js:13696:10
 > insertOrAppendPlacementNode node_modules/react-dom/cjs/react-dom-client.development.js:13696:10
 > commitPlacement node_modules/react-dom/cjs/react-dom-client.development.js:13735:10
 > runWithFiberInDEV node_modules/react-dom/cjs/react-dom-client.development.js:871:29
 > commitReconciliationEffects node_modules/react-dom/cjs/react-dom-client.development.js:15139:10
 > commitMutationEffectsOnFiber node_modules/react-dom/cjs/react-dom-client.development.js:14592:10
 > recursivelyTraverseMutationEffects node_modules/react-dom/cjs/react-dom-client.development.js:14576:10
 > commitMutationEffectsOnFiber node_modules/react-dom/cjs/react-dom-client.development.js:14821:10
 > recursivelyTraverseMutationEffects node_modules/react-dom/cjs/react-dom-client.development.js:14576:10

[2m20:12:18[22m [33m[1m[vite][22m[39m [33m[2m(client)[22m[39m [2m[console.warn] [22mAn error occurred in the <LoaderCircle> component.

Consider adding an error boundary to your tree to customize error handling behavior.
Visit https://react.dev/link/error-boundaries to learn more about error boundaries.

[2m20:12:24[22m [33m[1m[vite][22m[39m [33m[2m(client)[22m[39m [2m[console.warn] [22mThe width(-1) and height(-1) of chart should be greater than 0,
       please check the style of container, or the props width(100%) and height(100%),
       or add a minWidth(0) or minHeight(undefined) or use aspect(undefined) to control the
       height and width.
[2m20:12:24[22m [33m[1m[vite][22m[39m [33m[2m(client)[22m[39m [2m[console.warn] [22mThe width(-1) and height(-1) of chart should be greater than 0,
       please check the style of container, or the props width(100%) and height(100%),
       or add a minWidth(0) or minHeight(undefined) or use aspect(undefined) to control the
       height and width.
[2m20:12:24[22m [33m[1m[vite][22m[39m [33m[2m(client)[22m[39m [2m[console.warn] [22mThe width(-1) and height(-1) of chart should be greater than 0,
       please check the style of container, or the props width(100%) and height(100%),
       or add a minWidth(0) or minHeight(undefined) or use aspect(undefined) to control the
       height and width.
[2m20:12:24[22m [33m[1m[vite][22m[39m [33m[2m(client)[22m[39m [2m[console.warn] [22mThe width(-1) and height(-1) of chart should be greater than 0,
       please check the style of container, or the props width(100%) and height(100%),
       or add a minWidth(0) or minHeight(undefined) or use aspect(undefined) to control the
       height and width.
[2m20:12:24[22m [33m[1m[vite][22m[39m [33m[2m(client)[22m[39m [2m[console.warn] [22mGSAP target .severity-meter-fill not found. https://gsap.com
[2m20:12:24[22m [33m[1m[vite][22m[39m [33m[2m(client)[22m[39m [2m[console.warn] [22mGSAP target  not found. https://gsap.com
[2m20:12:24[22m [33m[1m[vite][22m[39m [33m[2m(client)[22m[39m [2m[console.warn] [22mGSAP target  not found. https://gsap.com
[2m20:12:24[22m [33m[1m[vite][22m[39m [33m[2m(client)[22m[39m [2m[console.warn] [22mGSAP target .severity-meter-fill not found. https://gsap.com
[2m20:12:24[22m [33m[1m[vite][22m[39m [33m[2m(client)[22m[39m [2m[console.warn] [22mGSAP target  not found. https://gsap.com
[2m20:12:24[22m [33m[1m[vite][22m[39m [33m[2m(client)[22m[39m [2m[console.warn] [22mGSAP target  not found. https://gsap.com
[2m20:12:30[22m [33m[1m[vite][22m[39m [33m[2m(client)[22m[39m [2m[console.warn] [22mGSAP target .timeline-item, .operation-row, .severity-card, .severity-legend-item not found. https://gsap.com
[2m20:12:30[22m [33m[1m[vite][22m[39m [33m[2m(client)[22m[39m [2m[console.warn] [22mGSAP target  not found. https://gsap.com
[2m20:12:30[22m [33m[1m[vite][22m[39m [33m[2m(client)[22m[39m [2m[console.warn] [22mGSAP target .severity-meter-fill not found. https://gsap.com
[2m20:12:30[22m [33m[1m[vite][22m[39m [33m[2m(client)[22m[39m [2m[console.warn] [22mGSAP target  not found. https://gsap.com
[2m20:12:30[22m [33m[1m[vite][22m[39m [33m[2m(client)[22m[39m [2m[console.warn] [22mGSAP target  not found. https://gsap.com
[2m20:12:30[22m [33m[1m[vite][22m[39m [33m[2m(client)[22m[39m [2m[console.warn] [22mGSAP target  not found. https://gsap.com
[2m20:12:30[22m [33m[1m[vite][22m[39m [33m[2m(client)[22m[39m [2m[console.warn] [22mGSAP target .timeline-item, .operation-row, .severity-card, .severity-legend-item not found. https://gsap.com
[2m20:12:30[22m [33m[1m[vite][22m[39m [33m[2m(client)[22m[39m [2m[console.warn] [22mGSAP target  not found. https://gsap.com
[2m20:12:30[22m [33m[1m[vite][22m[39m [33m[2m(client)[22m[39m [2m[console.warn] [22mGSAP target .severity-meter-fill not found. https://gsap.com
[2m20:12:30[22m [33m[1m[vite][22m[39m [33m[2m(client)[22m[39m [2m[console.warn] [22mGSAP target  not found. https://gsap.com
[2m20:12:30[22m [33m[1m[vite][22m[39m [33m[2m(client)[22m[39m [2m[console.warn] [22mGSAP target  not found. https://gsap.com
[2m20:12:30[22m [33m[1m[vite][22m[39m [33m[2m(client)[22m[39m [2m[console.warn] [22mGSAP target  not found. https://gsap.com
[2m20:12:31[22m [33m[1m[vite][22m[39m [33m[2m(client)[22m[39m [2m[console.warn] [22mGSAP target .timeline-item, .operation-row, .severity-card, .severity-legend-item not found. https://gsap.com
[2m20:12:31[22m [33m[1m[vite][22m[39m [33m[2m(client)[22m[39m [2m[console.warn] [22mGSAP target  not found. https://gsap.com
[2m20:12:31[22m [33m[1m[vite][22m[39m [33m[2m(client)[22m[39m [2m[console.warn] [22mGSAP target .severity-meter-fill not found. https://gsap.com
[2m20:12:31[22m [33m[1m[vite][22m[39m [33m[2m(client)[22m[39m [2m[console.warn] [22mGSAP target  not found. https://gsap.com
[2m20:12:31[22m [33m[1m[vite][22m[39m [33m[2m(client)[22m[39m [2m[console.warn] [22mGSAP target  not found. https://gsap.com
[2m20:12:31[22m [33m[1m[vite][22m[39m [33m[2m(client)[22m[39m [2m[console.warn] [22mGSAP target  not found. https://gsap.com
[2m20:12:31[22m [33m[1m[vite][22m[39m [33m[2m(client)[22m[39m [2m[console.warn] [22mGSAP target .timeline-item, .operation-row, .severity-card, .severity-legend-item not found. https://gsap.com
[2m20:12:31[22m [33m[1m[vite][22m[39m [33m[2m(client)[22m[39m [2m[console.warn] [22mGSAP target  not found. https://gsap.com
[2m20:12:31[22m [33m[1m[vite][22m[39m [33m[2m(client)[22m[39m [2m[console.warn] [22mGSAP target .severity-meter-fill not found. https://gsap.com
[2m20:12:31[22m [33m[1m[vite][22m[39m [33m[2m(client)[22m[39m [2m[console.warn] [22mGSAP target  not found. https://gsap.com
[2m20:12:31[22m [33m[1m[vite][22m[39m [33m[2m(client)[22m[39m [2m[console.warn] [22mGSAP target  not found. https://gsap.com
[2m20:12:31[22m [33m[1m[vite][22m[39m [33m[2m(client)[22m[39m [2m[console.warn] [22mGSAP target  not found. https://gsap.com
[2m20:12:32[22m [33m[1m[vite][22m[39m [33m[2m(client)[22m[39m [2m[console.warn] [22mGSAP target [data-gsap="reveal"] not found. https://gsap.com
[2m20:12:32[22m [33m[1m[vite][22m[39m [33m[2m(client)[22m[39m [2m[console.warn] [22mGSAP target  not found. https://gsap.com
[2m20:12:32[22m [33m[1m[vite][22m[39m [33m[2m(client)[22m[39m [2m[console.warn] [22mGSAP target .timeline-item, .operation-row, .severity-card, .severity-legend-item not found. https://gsap.com
[2m20:12:32[22m [33m[1m[vite][22m[39m [33m[2m(client)[22m[39m [2m[console.warn] [22mGSAP target  not found. https://gsap.com
[2m20:12:32[22m [33m[1m[vite][22m[39m [33m[2m(client)[22m[39m [2m[console.warn] [22mGSAP target .severity-meter-fill not found. https://gsap.com
[2m20:12:32[22m [33m[1m[vite][22m[39m [33m[2m(client)[22m[39m [2m[console.warn] [22mGSAP target  not found. https://gsap.com
[2m20:12:32[22m [33m[1m[vite][22m[39m [33m[2m(client)[22m[39m [2m[console.warn] [22mGSAP target  not found. https://gsap.com
[2m20:12:32[22m [33m[1m[vite][22m[39m [33m[2m(client)[22m[39m [2m[console.warn] [22mGSAP target  not found. https://gsap.com
[2m20:12:32[22m [33m[1m[vite][22m[39m [33m[2m(client)[22m[39m [2m[console.warn] [22mGSAP target  not found. https://gsap.com
[2m20:12:32[22m [33m[1m[vite][22m[39m [33m[2m(client)[22m[39m [2m[console.warn] [22mGSAP target [data-gsap="reveal"] not found. https://gsap.com
[2m20:12:32[22m [33m[1m[vite][22m[39m [33m[2m(client)[22m[39m [2m[console.warn] [22mGSAP target  not found. https://gsap.com
[2m20:12:32[22m [33m[1m[vite][22m[39m [33m[2m(client)[22m[39m [2m[console.warn] [22mGSAP target .timeline-item, .operation-row, .severity-card, .severity-legend-item not found. https://gsap.com
[2m20:12:32[22m [33m[1m[vite][22m[39m [33m[2m(client)[22m[39m [2m[console.warn] [22mGSAP target  not found. https://gsap.com
[2m20:12:32[22m [33m[1m[vite][22m[39m [33m[2m(client)[22m[39m [2m[console.warn] [22mGSAP target .severity-meter-fill not found. https://gsap.com
[2m20:12:32[22m [33m[1m[vite][22m[39m [33m[2m(client)[22m[39m [2m[console.warn] [22mGSAP target  not found. https://gsap.com
[2m20:12:32[22m [33m[1m[vite][22m[39m [33m[2m(client)[22m[39m [2m[console.warn] [22mGSAP target  not found. https://gsap.com
[2m20:12:32[22m [33m[1m[vite][22m[39m [33m[2m(client)[22m[39m [2m[console.warn] [22mGSAP target  not found. https://gsap.com
[2m20:12:32[22m [33m[1m[vite][22m[39m [33m[2m(client)[22m[39m [2m[console.warn] [22mGSAP target  not found. https://gsap.com
[2m20:12:32[22m [33m[1m[vite][22m[39m [33m[2m(client)[22m[39m [2m[console.warn] [22mGSAP target .timeline-item, .operation-row, .severity-card, .severity-legend-item not found. https://gsap.com
[2m20:12:32[22m [33m[1m[vite][22m[39m [33m[2m(client)[22m[39m [2m[console.warn] [22mGSAP target  not found. https://gsap.com
[2m20:12:32[22m [33m[1m[vite][22m[39m [33m[2m(client)[22m[39m [2m[console.warn] [22mGSAP target .severity-meter-fill not found. https://gsap.com
[2m20:12:32[22m [33m[1m[vite][22m[39m [33m[2m(client)[22m[39m [2m[console.warn] [22mGSAP target  not found. https://gsap.com
[2m20:12:32[22m [33m[1m[vite][22m[39m [33m[2m(client)[22m[39m [2m[console.warn] [22mGSAP target  not found. https://gsap.com
[2m20:12:32[22m [33m[1m[vite][22m[39m [33m[2m(client)[22m[39m [2m[console.warn] [22mGSAP target  not found. https://gsap.com
[2m20:12:32[22m [33m[1m[vite][22m[39m [33m[2m(client)[22m[39m [2m[console.warn] [22mGSAP target .timeline-item, .operation-row, .severity-card, .severity-legend-item not found. https://gsap.com
[2m20:12:32[22m [33m[1m[vite][22m[39m [33m[2m(client)[22m[39m [2m[console.warn] [22mGSAP target  not found. https://gsap.com
[2m20:12:32[22m [33m[1m[vite][22m[39m [33m[2m(client)[22m[39m [2m[console.warn] [22mGSAP target .severity-meter-fill not found. https://gsap.com
[2m20:12:32[22m [33m[1m[vite][22m[39m [33m[2m(client)[22m[39m [2m[console.warn] [22mGSAP target  not found. https://gsap.com
[2m20:12:32[22m [33m[1m[vite][22m[39m [33m[2m(client)[22m[39m [2m[console.warn] [22mGSAP target  not found. https://gsap.com
[2m20:12:33[22m [33m[1m[vite][22m[39m [33m[2m(client)[22m[39m [2m[console.warn] [22mGSAP target  not found. https://gsap.com
[2m20:12:38[22m [33m[1m[vite][22m[39m [33m[2m(client)[22m[39m [2m[console.warn] [22mGSAP target .timeline-item, .operation-row, .severity-card, .severity-legend-item not found. https://gsap.com
[2m20:12:38[22m [33m[1m[vite][22m[39m [33m[2m(client)[22m[39m [2m[console.warn] [22mGSAP target  not found. https://gsap.com
[2m20:12:38[22m [33m[1m[vite][22m[39m [33m[2m(client)[22m[39m [2m[console.warn] [22mGSAP target .severity-meter-fill not found. https://gsap.com
[2m20:12:38[22m [33m[1m[vite][22m[39m [33m[2m(client)[22m[39m [2m[console.warn] [22mGSAP target  not found. https://gsap.com
[2m20:12:38[22m [33m[1m[vite][22m[39m [33m[2m(client)[22m[39m [2m[console.warn] [22mGSAP target  not found. https://gsap.com
[2m20:12:38[22m [33m[1m[vite][22m[39m [33m[2m(client)[22m[39m [2m[console.warn] [22mGSAP target  not found. https://gsap.com
[2m20:12:38[22m [33m[1m[vite][22m[39m [33m[2m(client)[22m[39m [2m[console.warn] [22mGSAP target .timeline-item, .operation-row, .severity-card, .severity-legend-item not found. https://gsap.com
[2m20:12:38[22m [33m[1m[vite][22m[39m [33m[2m(client)[22m[39m [2m[console.warn] [22mGSAP target  not found. https://gsap.com
[2m20:12:38[22m [33m[1m[vite][22m[39m [33m[2m(client)[22m[39m [2m[console.warn] [22mGSAP target .severity-meter-fill not found. https://gsap.com
[2m20:12:38[22m [33m[1m[vite][22m[39m [33m[2m(client)[22m[39m [2m[console.warn] [22mGSAP target  not found. https://gsap.com
[2m20:12:38[22m [33m[1m[vite][22m[39m [33m[2m(client)[22m[39m [2m[console.warn] [22mGSAP target  not found. https://gsap.com
[2m20:12:38[22m [33m[1m[vite][22m[39m [33m[2m(client)[22m[39m [2m[console.warn] [22mGSAP target  not found. https://gsap.com
[2m20:12:38[22m [33m[1m[vite][22m[39m [33m[2m(client)[22m[39m [2m[console.warn] [22mGSAP target .timeline-item, .operation-row, .severity-card, .severity-legend-item not found. https://gsap.com
[2m20:12:38[22m [33m[1m[vite][22m[39m [33m[2m(client)[22m[39m [2m[console.warn] [22mGSAP target  not found. https://gsap.com
[2m20:12:38[22m [33m[1m[vite][22m[39m [33m[2m(client)[22m[39m [2m[console.warn] [22mGSAP target .severity-meter-fill not found. https://gsap.com
[2m20:12:38[22m [33m[1m[vite][22m[39m [33m[2m(client)[22m[39m [2m[console.warn] [22mGSAP target  not found. https://gsap.com
[2m20:12:38[22m [33m[1m[vite][22m[39m [33m[2m(client)[22m[39m [2m[console.warn] [22mGSAP target  not found. https://gsap.com
[2m20:12:38[22m [33m[1m[vite][22m[39m [33m[2m(client)[22m[39m [2m[console.warn] [22mGSAP target  not found. https://gsap.com
[2m20:12:38[22m [33m[1m[vite][22m[39m [33m[2m(client)[22m[39m [2m[console.warn] [22mGSAP target .timeline-item, .operation-row, .severity-card, .severity-legend-item not found. https://gsap.com
[2m20:12:38[22m [33m[1m[vite][22m[39m [33m[2m(client)[22m[39m [2m[console.warn] [22mGSAP target  not found. https://gsap.com
[2m20:12:38[22m [33m[1m[vite][22m[39m [33m[2m(client)[22m[39m [2m[console.warn] [22mGSAP target .severity-meter-fill not found. https://gsap.com
[2m20:12:38[22m [33m[1m[vite][22m[39m [33m[2m(client)[22m[39m [2m[console.warn] [22mGSAP target  not found. https://gsap.com
[2m20:12:39[22m [33m[1m[vite][22m[39m [33m[2m(client)[22m[39m [2m[console.warn] [22mGSAP target  not found. https://gsap.com
[2m20:12:39[22m [33m[1m[vite][22m[39m [33m[2m(client)[22m[39m [2m[console.warn] [22mGSAP target  not found. https://gsap.com
[2m20:12:39[22m [33m[1m[vite][22m[39m [33m[2m(client)[22m[39m [2m[console.warn] [22mGSAP target .timeline-item, .operation-row, .severity-card, .severity-legend-item not found. https://gsap.com
[2m20:12:39[22m [33m[1m[vite][22m[39m [33m[2m(client)[22m[39m [2m[console.warn] [22mGSAP target  not found. https://gsap.com
[2m20:12:39[22m [33m[1m[vite][22m[39m [33m[2m(client)[22m[39m [2m[console.warn] [22mGSAP target .severity-meter-fill not found. https://gsap.com
[2m20:12:39[22m [33m[1m[vite][22m[39m [33m[2m(client)[22m[39m [2m[console.warn] [22mGSAP target  not found. https://gsap.com
[2m20:12:39[22m [33m[1m[vite][22m[39m [33m[2m(client)[22m[39m [2m[console.warn] [22mGSAP target  not found. https://gsap.com
[2m20:12:39[22m [33m[1m[vite][22m[39m [33m[2m(client)[22m[39m [2m[console.warn] [22mGSAP target  not found. https://gsap.com
[2m20:12:39[22m [33m[1m[vite][22m[39m [33m[2m(client)[22m[39m [2m[console.warn] [22mGSAP target .timeline-item, .operation-row, .severity-card, .severity-legend-item not found. https://gsap.com
[2m20:12:39[22m [33m[1m[vite][22m[39m [33m[2m(client)[22m[39m [2m[console.warn] [22mGSAP target  not found. https://gsap.com
[2m20:12:39[22m [33m[1m[vite][22m[39m [33m[2m(client)[22m[39m [2m[console.warn] [22mGSAP target .severity-meter-fill not found. https://gsap.com
[2m20:12:39[22m [33m[1m[vite][22m[39m [33m[2m(client)[22m[39m [2m[console.warn] [22mGSAP target  not found. https://gsap.com
[2m20:12:40[22m [33m[1m[vite][22m[39m [33m[2m(client)[22m[39m [2m[console.warn] [22mGSAP target  not found. https://gsap.com
[2m20:12:40[22m [33m[1m[vite][22m[39m [33m[2m(client)[22m[39m [2m[console.warn] [22mGSAP target  not found. https://gsap.com
[2m20:12:40[22m [33m[1m[vite][22m[39m [33m[2m(client)[22m[39m [2m[console.warn] [22mGSAP target .timeline-item, .operation-row, .severity-card, .severity-legend-item not found. https://gsap.com
[2m20:12:40[22m [33m[1m[vite][22m[39m [33m[2m(client)[22m[39m [2m[console.warn] [22mGSAP target  not found. https://gsap.com
[2m20:12:40[22m [33m[1m[vite][22m[39m [33m[2m(client)[22m[39m [2m[console.warn] [22mGSAP target .severity-meter-fill not found. https://gsap.com
[2m20:12:40[22m [33m[1m[vite][22m[39m [33m[2m(client)[22m[39m [2m[console.warn] [22mGSAP target  not found. https://gsap.com
[2m20:12:40[22m [33m[1m[vite][22m[39m [33m[2m(client)[22m[39m [2m[console.warn] [22mGSAP target  not found. https://gsap.com
[2m20:12:40[22m [33m[1m[vite][22m[39m [33m[2m(client)[22m[39m [2m[console.warn] [22mGSAP target  not found. https://gsap.com
[2m20:12:40[22m [33m[1m[vite][22m[39m [33m[2m(client)[22m[39m [2m[console.warn] [22mGSAP target .timeline-item, .operation-row, .severity-card, .severity-legend-item not found. https://gsap.com
[2m20:12:40[22m [33m[1m[vite][22m[39m [33m[2m(client)[22m[39m [2m[console.warn] [22mGSAP target  not found. https://gsap.com
[2m20:12:40[22m [33m[1m[vite][22m[39m [33m[2m(client)[22m[39m [2m[console.warn] [22mGSAP target .severity-meter-fill not found. https://gsap.com
[2m20:12:40[22m [33m[1m[vite][22m[39m [33m[2m(client)[22m[39m [2m[console.warn] [22mGSAP target  not found. https://gsap.com
[2m20:12:41[22m [33m[1m[vite][22m[39m [33m[2m(client)[22m[39m [2m[console.warn] [22mGSAP target  not found. https://gsap.com
[2m20:12:41[22m [33m[1m[vite][22m[39m [33m[2m(client)[22m[39m [2m[console.warn] [22mGSAP target  not found. https://gsap.com
[2m20:12:42[22m [33m[1m[vite][22m[39m [33m[2m(client)[22m[39m [2m[console.warn] [22mGSAP target .timeline-item, .operation-row, .severity-card, .severity-legend-item not found. https://gsap.com
[2m20:12:42[22m [33m[1m[vite][22m[39m [33m[2m(client)[22m[39m [2m[console.warn] [22mGSAP target  not found. https://gsap.com
[2m20:12:42[22m [33m[1m[vite][22m[39m [33m[2m(client)[22m[39m [2m[console.warn] [22mGSAP target .severity-meter-fill not found. https://gsap.com
[2m20:12:42[22m [33m[1m[vite][22m[39m [33m[2m(client)[22m[39m [2m[console.warn] [22mGSAP target  not found. https://gsap.com
[2m20:12:42[22m [33m[1m[vite][22m[39m [33m[2m(client)[22m[39m [2m[console.warn] [22mGSAP target  not found. https://gsap.com
[2m20:12:42[22m [33m[1m[vite][22m[39m [33m[2m(client)[22m[39m [2m[console.warn] [22mGSAP target  not found. https://gsap.com
[2m20:12:42[22m [33m[1m[vite][22m[39m [33m[2m(client)[22m[39m [2m[console.warn] [22mGSAP target .timeline-item, .operation-row, .severity-card, .severity-legend-item not found. https://gsap.com
[2m20:12:42[22m [33m[1m[vite][22m[39m [33m[2m(client)[22m[39m [2m[console.warn] [22mGSAP target  not found. https://gsap.com
[2m20:12:42[22m [33m[1m[vite][22m[39m [33m[2m(client)[22m[39m [2m[console.warn] [22mGSAP target .severity-meter-fill not found. https://gsap.com
[2m20:12:42[22m [33m[1m[vite][22m[39m [33m[2m(client)[22m[39m [2m[console.warn] [22mGSAP target  not found. https://gsap.com
[2m20:12:42[22m [33m[1m[vite][22m[39m [33m[2m(client)[22m[39m [2m[console.warn] [22mGSAP target  not found. https://gsap.com
[2m20:12:42[22m [33m[1m[vite][22m[39m [33m[2m(client)[22m[39m [2m[console.warn] [22mGSAP target  not found. https://gsap.com
[2m20:12:43[22m [33m[1m[vite][22m[39m [33m[2m(client)[22m[39m [2m[console.warn] [22mGSAP target .timeline-item, .operation-row, .severity-card, .severity-legend-item not found. https://gsap.com
[2m20:12:43[22m [33m[1m[vite][22m[39m [33m[2m(client)[22m[39m [2m[console.warn] [22mGSAP target  not found. https://gsap.com
[2m20:12:43[22m [33m[1m[vite][22m[39m [33m[2m(client)[22m[39m [2m[console.warn] [22mGSAP target .severity-meter-fill not found. https://gsap.com
[2m20:12:43[22m [33m[1m[vite][22m[39m [33m[2m(client)[22m[39m [2m[console.warn] [22mGSAP target  not found. https://gsap.com
[2m20:12:43[22m [33m[1m[vite][22m[39m [33m[2m(client)[22m[39m [2m[console.warn] [22mGSAP target  not found. https://gsap.com
[2m20:12:43[22m [33m[1m[vite][22m[39m [33m[2m(client)[22m[39m [2m[console.warn] [22mGSAP target  not found. https://gsap.com
[2m20:12:43[22m [33m[1m[vite][22m[39m [33m[2m(client)[22m[39m [2m[console.warn] [22mGSAP target .timeline-item, .operation-row, .severity-card, .severity-legend-item not found. https://gsap.com
[2m20:12:43[22m [33m[1m[vite][22m[39m [33m[2m(client)[22m[39m [2m[console.warn] [22mGSAP target  not found. https://gsap.com
[2m20:12:43[22m [33m[1m[vite][22m[39m [33m[2m(client)[22m[39m [2m[console.warn] [22mGSAP target .severity-meter-fill not found. https://gsap.com
[2m20:12:43[22m [33m[1m[vite][22m[39m [33m[2m(client)[22m[39m [2m[console.warn] [22mGSAP target  not found. https://gsap.com
[2m20:12:43[22m [33m[1m[vite][22m[39m [33m[2m(client)[22m[39m [2m[console.warn] [22mGSAP target  not found. https://gsap.com
[2m20:12:43[22m [33m[1m[vite][22m[39m [33m[2m(client)[22m[39m [2m[console.warn] [22mGSAP target  not found. https://gsap.com
[2m20:12:44[22m [33m[1m[vite][22m[39m [33m[2m(client)[22m[39m [2m[console.warn] [22mGSAP target .timeline-item, .operation-row, .severity-card, .severity-legend-item not found. https://gsap.com
[2m20:12:44[22m [33m[1m[vite][22m[39m [33m[2m(client)[22m[39m [2m[console.warn] [22mGSAP target  not found. https://gsap.com
[2m20:12:44[22m [33m[1m[vite][22m[39m [33m[2m(client)[22m[39m [2m[console.warn] [22mGSAP target .severity-meter-fill not found. https://gsap.com
[2m20:12:44[22m [33m[1m[vite][22m[39m [33m[2m(client)[22m[39m [2m[console.warn] [22mGSAP target  not found. https://gsap.com
[2m20:12:44[22m [33m[1m[vite][22m[39m [33m[2m(client)[22m[39m [2m[console.warn] [22mGSAP target  not found. https://gsap.com
[2m20:12:44[22m [33m[1m[vite][22m[39m [33m[2m(client)[22m[39m [2m[console.warn] [22mGSAP target  not found. https://gsap.com
[2m20:12:44[22m [33m[1m[vite][22m[39m [33m[2m(client)[22m[39m [2m[console.warn] [22mGSAP target .timeline-item, .operation-row, .severity-card, .severity-legend-item not found. https://gsap.com
[2m20:12:44[22m [33m[1m[vite][22m[39m [33m[2m(client)[22m[39m [2m[console.warn] [22mGSAP target  not found. https://gsap.com
[2m20:12:44[22m [33m[1m[vite][22m[39m [33m[2m(client)[22m[39m [2m[console.warn] [22mGSAP target .severity-meter-fill not found. https://gsap.com
[2m20:12:44[22m [33m[1m[vite][22m[39m [33m[2m(client)[22m[39m [2m[console.warn] [22mGSAP target  not found. https://gsap.com
[2m20:12:44[22m [31m[1m[vite][22m[39m [31m[2m(client)[22m[39m [2m[console.error] [22mIn HTML, <button> cannot be a descendant of <button>.
This will cause a hydration error.

  ...
    <div className="flex min-h..." style={{opacity:0, ...}} ref={function}>
      <ApprovalsPage>
        <PageFrame icon={{...}} title="Approval C...">
          <motion.main ref={{...}} className="min-w-0 fl..." initial={{opacity:0,y:10}} animate={{opacity:1,y:0}} ...>
            <main className="min-w-0 fl..." style={{opacity:0, ...}} ref={function}>
              <div className="mx-auto fl...">
                <section>
                <section className="grid gap-5...">
                  <div className="space-y-4">
                    <section>
                    <Panel>
                      <section data-gsap="reveal" className="glass-pane...">
                        <div>
                        <div className="space-y-3">
>                         <button
>                           className="w-full rounded-lg border bg-slate-950/45 p-4 text-left transition hover:border-..."
>                           onClick={function onClick}
>                           type="button"
>                         >
                            <div className="flex flex-...">
                              <div>
                              <div className="flex gap-2">
                                <Button className="h-9" onClick={function onClick} variant="primary">
>                                 <button
>                                   className="inline-flex items-center justify-center gap-2 rounded-md px-3 text-sm f..."
>                                   onClick={function onClick}
>                                 >
                                ...
                  ...

[2m20:12:44[22m [31m[1m[vite][22m[39m [31m[2m(client)[22m[39m [2m[console.error] [22m<button> cannot contain a nested <button>.
See this log for the ancestor stack trace.
[2m20:12:44[22m [33m[1m[vite][22m[39m [33m[2m(client)[22m[39m [2m[console.warn] [22mGSAP target  not found. https://gsap.com
[2m20:12:44[22m [33m[1m[vite][22m[39m [33m[2m(client)[22m[39m [2m[console.warn] [22mGSAP target  not found. https://gsap.com
[2m20:12:45[22m [33m[1m[vite][22m[39m [33m[2m(client)[22m[39m [2m[console.warn] [22mGSAP target .timeline-item, .operation-row, .severity-card, .severity-legend-item not found. https://gsap.com
[2m20:12:45[22m [33m[1m[vite][22m[39m [33m[2m(client)[22m[39m [2m[console.warn] [22mGSAP target  not found. https://gsap.com
[2m20:12:45[22m [33m[1m[vite][22m[39m [33m[2m(client)[22m[39m [2m[console.warn] [22mGSAP target .severity-meter-fill not found. https://gsap.com
[2m20:12:45[22m [33m[1m[vite][22m[39m [33m[2m(client)[22m[39m [2m[console.warn] [22mGSAP target  not found. https://gsap.com
[2m20:12:45[22m [33m[1m[vite][22m[39m [33m[2m(client)[22m[39m [2m[console.warn] [22mGSAP target  not found. https://gsap.com
[2m20:12:45[22m [33m[1m[vite][22m[39m [33m[2m(client)[22m[39m [2m[console.warn] [22mGSAP target  not found. https://gsap.com
[2m20:12:45[22m [33m[1m[vite][22m[39m [33m[2m(client)[22m[39m [2m[console.warn] [22mGSAP target .timeline-item, .operation-row, .severity-card, .severity-legend-item not found. https://gsap.com
[2m20:12:45[22m [33m[1m[vite][22m[39m [33m[2m(client)[22m[39m [2m[console.warn] [22mGSAP target  not found. https://gsap.com
[2m20:12:45[22m [33m[1m[vite][22m[39m [33m[2m(client)[22m[39m [2m[console.warn] [22mGSAP target .severity-meter-fill not found. https://gsap.com
[2m20:12:45[22m [33m[1m[vite][22m[39m [33m[2m(client)[22m[39m [2m[console.warn] [22mGSAP target  not found. https://gsap.com
[2m20:12:45[22m [33m[1m[vite][22m[39m [33m[2m(client)[22m[39m [2m[console.warn] [22mGSAP target  not found. https://gsap.com
[2m20:12:45[22m [33m[1m[vite][22m[39m [33m[2m(client)[22m[39m [2m[console.warn] [22mGSAP target  not found. https://gsap.com
[2m20:12:45[22m [33m[1m[vite][22m[39m [33m[2m(client)[22m[39m [2m[console.warn] [22mGSAP target .timeline-item, .operation-row, .severity-card, .severity-legend-item not found. https://gsap.com
[2m20:12:45[22m [33m[1m[vite][22m[39m [33m[2m(client)[22m[39m [2m[console.warn] [22mGSAP target  not found. https://gsap.com
[2m20:12:45[22m [33m[1m[vite][22m[39m [33m[2m(client)[22m[39m [2m[console.warn] [22mGSAP target .severity-meter-fill not found. https://gsap.com
[2m20:12:45[22m [33m[1m[vite][22m[39m [33m[2m(client)[22m[39m [2m[console.warn] [22mGSAP target  not found. https://gsap.com
[2m20:12:45[22m [33m[1m[vite][22m[39m [33m[2m(client)[22m[39m [2m[console.warn] [22mGSAP target  not found. https://gsap.com
[2m20:12:45[22m [33m[1m[vite][22m[39m [33m[2m(client)[22m[39m [2m[console.warn] [22mGSAP target  not found. https://gsap.com
[2m20:12:45[22m [33m[1m[vite][22m[39m [33m[2m(client)[22m[39m [2m[console.warn] [22mGSAP target .timeline-item, .operation-row, .severity-card, .severity-legend-item not found. https://gsap.com
[2m20:12:45[22m [33m[1m[vite][22m[39m [33m[2m(client)[22m[39m [2m[console.warn] [22mGSAP target  not found. https://gsap.com
[2m20:12:45[22m [33m[1m[vite][22m[39m [33m[2m(client)[22m[39m [2m[console.warn] [22mGSAP target .severity-meter-fill not found. https://gsap.com
[2m20:12:45[22m [33m[1m[vite][22m[39m [33m[2m(client)[22m[39m [2m[console.warn] [22mGSAP target  not found. https://gsap.com
[2m20:12:45[22m [33m[1m[vite][22m[39m [33m[2m(client)[22m[39m [2m[console.warn] [22mGSAP target  not found. https://gsap.com
[2m20:12:45[22m [33m[1m[vite][22m[39m [33m[2m(client)[22m[39m [2m[console.warn] [22mGSAP target  not found. https://gsap.com
[2m20:12:49[22m [33m[1m[vite][22m[39m [33m[2m(client)[22m[39m [2m[console.warn] [22mGSAP target .timeline-item, .operation-row, .severity-card, .severity-legend-item not found. https://gsap.com
[2m20:12:49[22m [33m[1m[vite][22m[39m [33m[2m(client)[22m[39m [2m[console.warn] [22mGSAP target  not found. https://gsap.com
[2m20:12:49[22m [33m[1m[vite][22m[39m [33m[2m(client)[22m[39m [2m[console.warn] [22mGSAP target .severity-meter-fill not found. https://gsap.com
[2m20:12:49[22m [33m[1m[vite][22m[39m [33m[2m(client)[22m[39m [2m[console.warn] [22mGSAP target  not found. https://gsap.com
[2m20:12:49[22m [33m[1m[vite][22m[39m [33m[2m(client)[22m[39m [2m[console.warn] [22mGSAP target  not found. https://gsap.com
[2m20:12:49[22m [33m[1m[vite][22m[39m [33m[2m(client)[22m[39m [2m[console.warn] [22mGSAP target  not found. https://gsap.com
[2m20:12:49[22m [33m[1m[vite][22m[39m [33m[2m(client)[22m[39m [2m[console.warn] [22mGSAP target .timeline-item, .operation-row, .severity-card, .severity-legend-item not found. https://gsap.com
[2m20:12:49[22m [33m[1m[vite][22m[39m [33m[2m(client)[22m[39m [2m[console.warn] [22mGSAP target  not found. https://gsap.com
[2m20:12:49[22m [33m[1m[vite][22m[39m [33m[2m(client)[22m[39m [2m[console.warn] [22mGSAP target .severity-meter-fill not found. https://gsap.com
[2m20:12:49[22m [33m[1m[vite][22m[39m [33m[2m(client)[22m[39m [2m[console.warn] [22mGSAP target  not found. https://gsap.com
[2m20:12:49[22m [33m[1m[vite][22m[39m [33m[2m(client)[22m[39m [2m[console.warn] [22mGSAP target  not found. https://gsap.com
[2m20:12:50[22m [33m[1m[vite][22m[39m [33m[2m(client)[22m[39m [2m[console.warn] [22mGSAP target  not found. https://gsap.com
[2m20:12:54[22m [33m[1m[vite][22m[39m [33m[2m(client)[22m[39m [2m[console.warn] [22mGSAP target .timeline-item, .operation-row, .severity-card, .severity-legend-item not found. https://gsap.com
[2m20:12:54[22m [33m[1m[vite][22m[39m [33m[2m(client)[22m[39m [2m[console.warn] [22mGSAP target  not found. https://gsap.com
[2m20:12:54[22m [33m[1m[vite][22m[39m [33m[2m(client)[22m[39m [2m[console.warn] [22mGSAP target .severity-meter-fill not found. https://gsap.com
[2m20:12:54[22m [33m[1m[vite][22m[39m [33m[2m(client)[22m[39m [2m[console.warn] [22mGSAP target  not found. https://gsap.com
[2m20:12:54[22m [33m[1m[vite][22m[39m [33m[2m(client)[22m[39m [2m[console.warn] [22mGSAP target  not found. https://gsap.com
[2m20:12:54[22m [33m[1m[vite][22m[39m [33m[2m(client)[22m[39m [2m[console.warn] [22mGSAP target  not found. https://gsap.com
[2m20:12:54[22m [33m[1m[vite][22m[39m [33m[2m(client)[22m[39m [2m[console.warn] [22mGSAP target .timeline-item, .operation-row, .severity-card, .severity-legend-item not found. https://gsap.com
[2m20:12:54[22m [33m[1m[vite][22m[39m [33m[2m(client)[22m[39m [2m[console.warn] [22mGSAP target  not found. https://gsap.com
[2m20:12:54[22m [33m[1m[vite][22m[39m [33m[2m(client)[22m[39m [2m[console.warn] [22mGSAP target .severity-meter-fill not found. https://gsap.com
[2m20:12:54[22m [33m[1m[vite][22m[39m [33m[2m(client)[22m[39m [2m[console.warn] [22mGSAP target  not found. https://gsap.com
[2m20:12:54[22m [33m[1m[vite][22m[39m [33m[2m(client)[22m[39m [2m[console.warn] [22mGSAP target  not found. https://gsap.com
[2m20:12:54[22m [33m[1m[vite][22m[39m [33m[2m(client)[22m[39m [2m[console.warn] [22mGSAP target  not found. https://gsap.com
[2m20:13:00[22m [33m[1m[vite][22m[39m [33m[2m(client)[22m[39m [2m[console.warn] [22mGSAP target .timeline-item, .operation-row, .severity-card, .severity-legend-item not found. https://gsap.com
[2m20:13:00[22m [33m[1m[vite][22m[39m [33m[2m(client)[22m[39m [2m[console.warn] [22mGSAP target  not found. https://gsap.com
[2m20:13:00[22m [33m[1m[vite][22m[39m [33m[2m(client)[22m[39m [2m[console.warn] [22mGSAP target .severity-meter-fill not found. https://gsap.com
[2m20:13:00[22m [33m[1m[vite][22m[39m [33m[2m(client)[22m[39m [2m[console.warn] [22mGSAP target  not found. https://gsap.com
[2m20:13:00[22m [33m[1m[vite][22m[39m [33m[2m(client)[22m[39m [2m[console.warn] [22mGSAP target  not found. https://gsap.com
[2m20:13:00[22m [33m[1m[vite][22m[39m [33m[2m(client)[22m[39m [2m[console.warn] [22mGSAP target  not found. https://gsap.com
[2m20:13:00[22m [33m[1m[vite][22m[39m [33m[2m(client)[22m[39m [2m[console.warn] [22mGSAP target .timeline-item, .operation-row, .severity-card, .severity-legend-item not found. https://gsap.com
[2m20:13:00[22m [33m[1m[vite][22m[39m [33m[2m(client)[22m[39m [2m[console.warn] [22mGSAP target  not found. https://gsap.com
[2m20:13:00[22m [33m[1m[vite][22m[39m [33m[2m(client)[22m[39m [2m[console.warn] [22mGSAP target .severity-meter-fill not found. https://gsap.com
[2m20:13:00[22m [33m[1m[vite][22m[39m [33m[2m(client)[22m[39m [2m[console.warn] [22mGSAP target  not found. https://gsap.com
[2m20:13:00[22m [33m[1m[vite][22m[39m [33m[2m(client)[22m[39m [2m[console.warn] [22mGSAP target  not found. https://gsap.com
[2m20:13:00[22m [33m[1m[vite][22m[39m [33m[2m(client)[22m[39m [2m[console.warn] [22mGSAP target  not found. https://gsap.com
[2m20:13:01[22m [33m[1m[vite][22m[39m [33m[2m(client)[22m[39m [2m[console.warn] [22mGSAP target .timeline-item, .operation-row, .severity-card, .severity-legend-item not found. https://gsap.com
[2m20:13:01[22m [33m[1m[vite][22m[39m [33m[2m(client)[22m[39m [2m[console.warn] [22mGSAP target  not found. https://gsap.com
[2m20:13:01[22m [33m[1m[vite][22m[39m [33m[2m(client)[22m[39m [2m[console.warn] [22mGSAP target .severity-meter-fill not found. https://gsap.com
[2m20:13:01[22m [33m[1m[vite][22m[39m [33m[2m(client)[22m[39m [2m[console.warn] [22mGSAP target  not found. https://gsap.com
[2m20:13:01[22m [33m[1m[vite][22m[39m [33m[2m(client)[22m[39m [2m[console.warn] [22mGSAP target  not found. https://gsap.com
[2m20:13:01[22m [33m[1m[vite][22m[39m [33m[2m(client)[22m[39m [2m[console.warn] [22mGSAP target  not found. https://gsap.com
[2m20:13:01[22m [33m[1m[vite][22m[39m [33m[2m(client)[22m[39m [2m[console.warn] [22mGSAP target .timeline-item, .operation-row, .severity-card, .severity-legend-item not found. https://gsap.com
[2m20:13:01[22m [33m[1m[vite][22m[39m [33m[2m(client)[22m[39m [2m[console.warn] [22mGSAP target  not found. https://gsap.com
[2m20:13:01[22m [33m[1m[vite][22m[39m [33m[2m(client)[22m[39m [2m[console.warn] [22mGSAP target .severity-meter-fill not found. https://gsap.com
[2m20:13:01[22m [33m[1m[vite][22m[39m [33m[2m(client)[22m[39m [2m[console.warn] [22mGSAP target  not found. https://gsap.com
[2m20:13:01[22m [33m[1m[vite][22m[39m [33m[2m(client)[22m[39m [2m[console.warn] [22mGSAP target  not found. https://gsap.com
[2m20:13:01[22m [33m[1m[vite][22m[39m [33m[2m(client)[22m[39m [2m[console.warn] [22mGSAP target  not found. https://gsap.com
[2m08:15:45[22m [33m[1m[vite][22m[39m [33m[2m(client)[22m[39m [2m[console.warn] [22mThe width(-1) and height(-1) of chart should be greater than 0,
       please check the style of container, or the props width(100%) and height(100%),
       or add a minWidth(0) or minHeight(undefined) or use aspect(undefined) to control the
       height and width.
[2m08:15:45[22m [33m[1m[vite][22m[39m [33m[2m(client)[22m[39m [2m[console.warn] [22mThe width(-1) and height(-1) of chart should be greater than 0,
       please check the style of container, or the props width(100%) and height(100%),
       or add a minWidth(0) or minHeight(undefined) or use aspect(undefined) to control the
       height and width.
[2m08:15:45[22m [33m[1m[vite][22m[39m [33m[2m(client)[22m[39m [2m[console.warn] [22mThe width(-1) and height(-1) of chart should be greater than 0,
       please check the style of container, or the props width(100%) and height(100%),
       or add a minWidth(0) or minHeight(undefined) or use aspect(undefined) to control the
       height and width.
[2m08:15:45[22m [33m[1m[vite][22m[39m [33m[2m(client)[22m[39m [2m[console.warn] [22mThe width(-1) and height(-1) of chart should be greater than 0,
       please check the style of container, or the props width(100%) and height(100%),
       or add a minWidth(0) or minHeight(undefined) or use aspect(undefined) to control the
       height and width.
[2m08:15:45[22m [33m[1m[vite][22m[39m [33m[2m(client)[22m[39m [2m[console.warn] [22mGSAP target .severity-meter-fill not found. https://gsap.com
[2m08:15:45[22m [33m[1m[vite][22m[39m [33m[2m(client)[22m[39m [2m[console.warn] [22mGSAP target  not found. https://gsap.com
[2m08:15:45[22m [33m[1m[vite][22m[39m [33m[2m(client)[22m[39m [2m[console.warn] [22mGSAP target  not found. https://gsap.com
[2m08:15:45[22m [33m[1m[vite][22m[39m [33m[2m(client)[22m[39m [2m[console.warn] [22mGSAP target .severity-meter-fill not found. https://gsap.com
[2m08:15:45[22m [33m[1m[vite][22m[39m [33m[2m(client)[22m[39m [2m[console.warn] [22mGSAP target  not found. https://gsap.com
[2m08:15:56[22m [33m[1m[vite][22m[39m [33m[2m(client)[22m[39m [2m[console.warn] [22mGSAP target  not found. https://gsap.com
[2m08:18:12[22m [31m[1m[vite][22m[39m [31m[2m(client)[22m[39m [31m[Unhandled error] [1mReferenceError[22m: Workflow is not defined
[39m > Sidebar src/app/AppShell.tsx:703:11
    701 |        <div className="mb-6 flex h-12 items-center gap-3 px-2">
    702 |          <div className="brand-mark grid h-10 w-10 place-items-center rounded-lg">
    703 |            <Workflow className="h-5 w-5" />
        |             ^
    704 |          </div>
    705 |          <div>
 > Object.react_stack_bottom_frame node_modules/react-dom/cjs/react-dom-client.development.js:25904:19
 > renderWithHooks node_modules/react-dom/cjs/react-dom-client.development.js:7662:21
 > updateFunctionComponent node_modules/react-dom/cjs/react-dom-client.development.js:10166:18
 > beginWork node_modules/react-dom/cjs/react-dom-client.development.js:11778:17
 > runWithFiberInDEV node_modules/react-dom/cjs/react-dom-client.development.js:871:29
 > performUnitOfWork node_modules/react-dom/cjs/react-dom-client.development.js:17641:21
 > workLoopSync node_modules/react-dom/cjs/react-dom-client.development.js:17469:40
 > renderRootSync node_modules/react-dom/cjs/react-dom-client.development.js:17450:10
 > performWorkOnRoot node_modules/react-dom/cjs/react-dom-client.development.js:16583:34

[2m08:18:12[22m [33m[1m[vite][22m[39m [33m[2m(client)[22m[39m [2m[console.warn] [22mAn error occurred in the <Sidebar> component.

Consider adding an error boundary to your tree to customize error handling behavior.
Visit https://react.dev/link/error-boundaries to learn more about error boundaries.

[2m08:18:13[22m [31m[1m[vite][22m[39m [31m[2m(client)[22m[39m [31m[Unhandled error] [1mReferenceError[22m: Workflow is not defined
[39m > LoginPage src/app/AppShell.tsx:632:15
    630 |            <div data-login="reveal" className="flex items-center gap-3">
    631 |              <div className="brand-mark grid h-12 w-12 place-items-center rounded-lg">
    632 |                <Workflow className="h-6 w-6" />
        |                 ^
    633 |              </div>
    634 |              <div>
 > Object.react_stack_bottom_frame node_modules/react-dom/cjs/react-dom-client.development.js:25904:19
 > renderWithHooks node_modules/react-dom/cjs/react-dom-client.development.js:7662:21
 > updateFunctionComponent node_modules/react-dom/cjs/react-dom-client.development.js:10166:18
 > beginWork node_modules/react-dom/cjs/react-dom-client.development.js:11778:17
 > runWithFiberInDEV node_modules/react-dom/cjs/react-dom-client.development.js:871:29
 > performUnitOfWork node_modules/react-dom/cjs/react-dom-client.development.js:17641:21
 > workLoopSync node_modules/react-dom/cjs/react-dom-client.development.js:17469:40
 > renderRootSync node_modules/react-dom/cjs/react-dom-client.development.js:17450:10
 > performWorkOnRoot node_modules/react-dom/cjs/react-dom-client.development.js:16583:34

[2m08:18:13[22m [33m[1m[vite][22m[39m [33m[2m(client)[22m[39m [2m[console.warn] [22mAn error occurred in the <LoginPage> component.

Consider adding an error boundary to your tree to customize error handling behavior.
Visit https://react.dev/link/error-boundaries to learn more about error boundaries.

[2m08:18:51[22m [31m[1m[vite][22m[39m [31m[2m(client)[22m[39m [31m[Unhandled error] [1mReferenceError[22m: Workflow is not defined
[39m > Sidebar src/app/AppShell.tsx:649:11
    647 |        <div className="mb-6 flex h-12 items-center gap-3 px-2">
    648 |          <div className="brand-mark grid h-10 w-10 place-items-center rounded-lg">
    649 |            <Workflow className="h-5 w-5" />
        |             ^
    650 |          </div>
    651 |          <div>
 > Object.react_stack_bottom_frame node_modules/react-dom/cjs/react-dom-client.development.js:25904:19
 > renderWithHooks node_modules/react-dom/cjs/react-dom-client.development.js:7662:21
 > updateFunctionComponent node_modules/react-dom/cjs/react-dom-client.development.js:10166:18
 > beginWork node_modules/react-dom/cjs/react-dom-client.development.js:11778:17
 > runWithFiberInDEV node_modules/react-dom/cjs/react-dom-client.development.js:871:29
 > performUnitOfWork node_modules/react-dom/cjs/react-dom-client.development.js:17641:21
 > workLoopSync node_modules/react-dom/cjs/react-dom-client.development.js:17469:40
 > renderRootSync node_modules/react-dom/cjs/react-dom-client.development.js:17450:10
 > performWorkOnRoot node_modules/react-dom/cjs/react-dom-client.development.js:16583:34

[2m08:18:51[22m [33m[1m[vite][22m[39m [33m[2m(client)[22m[39m [2m[console.warn] [22mAn error occurred in the <Sidebar> component.

Consider adding an error boundary to your tree to customize error handling behavior.
Visit https://react.dev/link/error-boundaries to learn more about error boundaries.

[2m08:19:27[22m [33m[1m[vite][22m[39m [33m[2m(client)[22m[39m [2m[console.warn] [22mThe width(-1) and height(-1) of chart should be greater than 0,
       please check the style of container, or the props width(100%) and height(100%),
       or add a minWidth(0) or minHeight(undefined) or use aspect(undefined) to control the
       height and width.
[2m08:19:27[22m [33m[1m[vite][22m[39m [33m[2m(client)[22m[39m [2m[console.warn] [22mThe width(-1) and height(-1) of chart should be greater than 0,
       please check the style of container, or the props width(100%) and height(100%),
       or add a minWidth(0) or minHeight(undefined) or use aspect(undefined) to control the
       height and width.
[2m08:19:27[22m [33m[1m[vite][22m[39m [33m[2m(client)[22m[39m [2m[console.warn] [22mThe width(-1) and height(-1) of chart should be greater than 0,
       please check the style of container, or the props width(100%) and height(100%),
       or add a minWidth(0) or minHeight(undefined) or use aspect(undefined) to control the
       height and width.
[2m08:19:27[22m [33m[1m[vite][22m[39m [33m[2m(client)[22m[39m [2m[console.warn] [22mThe width(-1) and height(-1) of chart should be greater than 0,
       please check the style of container, or the props width(100%) and height(100%),
       or add a minWidth(0) or minHeight(undefined) or use aspect(undefined) to control the
       height and width.
[2m08:20:13[22m [33m[1m[vite][22m[39m [33m[2m(client)[22m[39m [2m[console.warn] [22mThe width(-1) and height(-1) of chart should be greater than 0,
       please check the style of container, or the props width(100%) and height(100%),
       or add a minWidth(0) or minHeight(undefined) or use aspect(undefined) to control the
       height and width.
[2m08:20:13[22m [33m[1m[vite][22m[39m [33m[2m(client)[22m[39m [2m[console.warn] [22mThe width(-1) and height(-1) of chart should be greater than 0,
       please check the style of container, or the props width(100%) and height(100%),
       or add a minWidth(0) or minHeight(undefined) or use aspect(undefined) to control the
       height and width.
[2m08:20:13[22m [33m[1m[vite][22m[39m [33m[2m(client)[22m[39m [2m[console.warn] [22mThe width(-1) and height(-1) of chart should be greater than 0,
       please check the style of container, or the props width(100%) and height(100%),
       or add a minWidth(0) or minHeight(undefined) or use aspect(undefined) to control the
       height and width.
[2m08:20:13[22m [33m[1m[vite][22m[39m [33m[2m(client)[22m[39m [2m[console.warn] [22mThe width(-1) and height(-1) of chart should be greater than 0,
       please check the style of container, or the props width(100%) and height(100%),
       or add a minWidth(0) or minHeight(undefined) or use aspect(undefined) to control the
       height and width.
[2m08:20:13[22m [33m[1m[vite][22m[39m [33m[2m(client)[22m[39m [2m[console.warn] [22mGSAP target .severity-meter-fill not found. https://gsap.com
[2m08:20:13[22m [33m[1m[vite][22m[39m [33m[2m(client)[22m[39m [2m[console.warn] [22mGSAP target  not found. https://gsap.com
[2m08:20:13[22m [33m[1m[vite][22m[39m [33m[2m(client)[22m[39m [2m[console.warn] [22mGSAP target  not found. https://gsap.com
[2m08:20:13[22m [33m[1m[vite][22m[39m [33m[2m(client)[22m[39m [2m[console.warn] [22mGSAP target .severity-meter-fill not found. https://gsap.com
[2m08:20:13[22m [33m[1m[vite][22m[39m [33m[2m(client)[22m[39m [2m[console.warn] [22mGSAP target  not found. https://gsap.com
[2m08:20:13[22m [33m[1m[vite][22m[39m [33m[2m(client)[22m[39m [2m[console.warn] [22mGSAP target  not found. https://gsap.com
[2m08:21:04[22m [33m[1m[vite][22m[39m [33m[2m(client)[22m[39m [2m[console.warn] [22mThe width(-1) and height(-1) of chart should be greater than 0,
       please check the style of container, or the props width(100%) and height(100%),
       or add a minWidth(0) or minHeight(undefined) or use aspect(undefined) to control the
       height and width.
[2m08:21:04[22m [33m[1m[vite][22m[39m [33m[2m(client)[22m[39m [2m[console.warn] [22mThe width(-1) and height(-1) of chart should be greater than 0,
       please check the style of container, or the props width(100%) and height(100%),
       or add a minWidth(0) or minHeight(undefined) or use aspect(undefined) to control the
       height and width.
[2m08:21:04[22m [33m[1m[vite][22m[39m [33m[2m(client)[22m[39m [2m[console.warn] [22mThe width(-1) and height(-1) of chart should be greater than 0,
       please check the style of container, or the props width(100%) and height(100%),
       or add a minWidth(0) or minHeight(undefined) or use aspect(undefined) to control the
       height and width.
[2m08:21:04[22m [33m[1m[vite][22m[39m [33m[2m(client)[22m[39m [2m[console.warn] [22mThe width(-1) and height(-1) of chart should be greater than 0,
       please check the style of container, or the props width(100%) and height(100%),
       or add a minWidth(0) or minHeight(undefined) or use aspect(undefined) to control the
       height and width.
[2m08:21:04[22m [33m[1m[vite][22m[39m [33m[2m(client)[22m[39m [2m[console.warn] [22mGSAP target .severity-meter-fill not found. https://gsap.com
[2m08:21:04[22m [33m[1m[vite][22m[39m [33m[2m(client)[22m[39m [2m[console.warn] [22mGSAP target  not found. https://gsap.com
[2m08:21:04[22m [33m[1m[vite][22m[39m [33m[2m(client)[22m[39m [2m[console.warn] [22mGSAP target  not found. https://gsap.com
[2m08:21:04[22m [33m[1m[vite][22m[39m [33m[2m(client)[22m[39m [2m[console.warn] [22mGSAP target .severity-meter-fill not found. https://gsap.com
[2m08:21:04[22m [33m[1m[vite][22m[39m [33m[2m(client)[22m[39m [2m[console.warn] [22mGSAP target  not found. https://gsap.com
[2m08:21:04[22m [33m[1m[vite][22m[39m [33m[2m(client)[22m[39m [2m[console.warn] [22mGSAP target  not found. https://gsap.com
[2m08:21:31[22m [33m[1m[vite][22m[39m [33m[2m(client)[22m[39m [2m[console.warn] [22mGSAP target .timeline-item, .operation-row, .severity-card, .severity-legend-item not found. https://gsap.com
[2m08:21:31[22m [33m[1m[vite][22m[39m [33m[2m(client)[22m[39m [2m[console.warn] [22mGSAP target  not found. https://gsap.com
[2m08:21:31[22m [33m[1m[vite][22m[39m [33m[2m(client)[22m[39m [2m[console.warn] [22mGSAP target .severity-meter-fill not found. https://gsap.com
[2m08:21:31[22m [33m[1m[vite][22m[39m [33m[2m(client)[22m[39m [2m[console.warn] [22mGSAP target  not found. https://gsap.com
[2m08:21:31[22m [33m[1m[vite][22m[39m [33m[2m(client)[22m[39m [2m[console.warn] [22mGSAP target  not found. https://gsap.com
[2m08:21:31[22m [33m[1m[vite][22m[39m [33m[2m(client)[22m[39m [2m[console.warn] [22mGSAP target  not found. https://gsap.com
[2m08:21:31[22m [33m[1m[vite][22m[39m [33m[2m(client)[22m[39m [2m[console.warn] [22mGSAP target .timeline-item, .operation-row, .severity-card, .severity-legend-item not found. https://gsap.com
[2m08:21:31[22m [33m[1m[vite][22m[39m [33m[2m(client)[22m[39m [2m[console.warn] [22mGSAP target  not found. https://gsap.com
[2m08:21:31[22m [33m[1m[vite][22m[39m [33m[2m(client)[22m[39m [2m[console.warn] [22mGSAP target .severity-meter-fill not found. https://gsap.com
[2m08:21:31[22m [33m[1m[vite][22m[39m [33m[2m(client)[22m[39m [2m[console.warn] [22mGSAP target  not found. https://gsap.com
[2m08:21:31[22m [33m[1m[vite][22m[39m [33m[2m(client)[22m[39m [2m[console.warn] [22mGSAP target  not found. https://gsap.com
[2m08:21:31[22m [33m[1m[vite][22m[39m [33m[2m(client)[22m[39m [2m[console.warn] [22mGSAP target  not found. https://gsap.com
[2m08:28:28[22m [33m[1m[vite][22m[39m [33m[2m(client)[22m[39m [2m[console.warn] [22mGSAP target .timeline-item, .operation-row, .severity-card, .severity-legend-item not found. https://gsap.com
[2m08:28:28[22m [33m[1m[vite][22m[39m [33m[2m(client)[22m[39m [2m[console.warn] [22mGSAP target  not found. https://gsap.com
[2m08:28:28[22m [33m[1m[vite][22m[39m [33m[2m(client)[22m[39m [2m[console.warn] [22mGSAP target .severity-meter-fill not found. https://gsap.com
[2m08:28:28[22m [33m[1m[vite][22m[39m [33m[2m(client)[22m[39m [2m[console.warn] [22mGSAP target  not found. https://gsap.com
[2m08:29:24[22m [31m[1m[vite][22m[39m [31m[2m(client)[22m[39m [31m[Unhandled error] [1mTypeError[22m: settings.filter is not a function
[39m > connectionSettings src/app/AppShell.tsx:381:5
    379 |    const priority = new Map(profile.keys.map((key, index) => [key.toLowerCase(), index]))
    380 |    return settings
    381 |      .filter((setting) => priority.has(setting.key.toLowerCase()))
        |       ^
    382 |      .sort((a, b) => (priority.get(a.key.toLowerCase()) ?? 999) - (priority.get(b.key.toLowerCase()) ?? 999))
    383 |  }
 > ModuleConnectionPanel src/app/AppShell.tsx:1649:26
 > Object.react_stack_bottom_frame node_modules/react-dom/cjs/react-dom-client.development.js:25904:19
 > renderWithHooks node_modules/react-dom/cjs/react-dom-client.development.js:7662:21
 > updateFunctionComponent node_modules/react-dom/cjs/react-dom-client.development.js:10166:18
 > beginWork node_modules/react-dom/cjs/react-dom-client.development.js:11778:17
 > runWithFiberInDEV node_modules/react-dom/cjs/react-dom-client.development.js:871:29
 > performUnitOfWork node_modules/react-dom/cjs/react-dom-client.development.js:17641:21
 > workLoopSync node_modules/react-dom/cjs/react-dom-client.development.js:17469:40
 > renderRootSync node_modules/react-dom/cjs/react-dom-client.development.js:17450:10

[2m08:29:24[22m [33m[1m[vite][22m[39m [33m[2m(client)[22m[39m [2m[console.warn] [22mAn error occurred in the <ModuleConnectionPanel> component.

Consider adding an error boundary to your tree to customize error handling behavior.
Visit https://react.dev/link/error-boundaries to learn more about error boundaries.

[2m08:29:24[22m [33m[1m[vite][22m[39m [33m[2m(client)[22m[39m [2m[console.warn] [22mGSAP target  not found. https://gsap.com
[2m08:29:24[22m [33m[1m[vite][22m[39m [33m[2m(client)[22m[39m [2m[console.warn] [22mGSAP target  not found. https://gsap.com
[2m08:32:54[22m [33m[1m[vite][22m[39m [33m[2m(client)[22m[39m [2m[console.warn] [22mThe width(-1) and height(-1) of chart should be greater than 0,
       please check the style of container, or the props width(100%) and height(100%),
       or add a minWidth(0) or minHeight(undefined) or use aspect(undefined) to control the
       height and width.
[2m08:32:54[22m [33m[1m[vite][22m[39m [33m[2m(client)[22m[39m [2m[console.warn] [22mThe width(-1) and height(-1) of chart should be greater than 0,
       please check the style of container, or the props width(100%) and height(100%),
       or add a minWidth(0) or minHeight(undefined) or use aspect(undefined) to control the
       height and width.
[2m08:32:54[22m [33m[1m[vite][22m[39m [33m[2m(client)[22m[39m [2m[console.warn] [22mThe width(-1) and height(-1) of chart should be greater than 0,
       please check the style of container, or the props width(100%) and height(100%),
       or add a minWidth(0) or minHeight(undefined) or use aspect(undefined) to control the
       height and width.
[2m08:32:54[22m [33m[1m[vite][22m[39m [33m[2m(client)[22m[39m [2m[console.warn] [22mThe width(-1) and height(-1) of chart should be greater than 0,
       please check the style of container, or the props width(100%) and height(100%),
       or add a minWidth(0) or minHeight(undefined) or use aspect(undefined) to control the
       height and width.
[2m08:32:54[22m [33m[1m[vite][22m[39m [33m[2m(client)[22m[39m [2m[console.warn] [22mGSAP target .severity-meter-fill not found. https://gsap.com
[2m08:32:54[22m [33m[1m[vite][22m[39m [33m[2m(client)[22m[39m [2m[console.warn] [22mGSAP target  not found. https://gsap.com
[2m08:32:54[22m [33m[1m[vite][22m[39m [33m[2m(client)[22m[39m [2m[console.warn] [22mGSAP target  not found. https://gsap.com
[2m08:32:54[22m [33m[1m[vite][22m[39m [33m[2m(client)[22m[39m [2m[console.warn] [22mGSAP target .severity-meter-fill not found. https://gsap.com
[2m08:32:54[22m [33m[1m[vite][22m[39m [33m[2m(client)[22m[39m [2m[console.warn] [22mGSAP target  not found. https://gsap.com
[2m08:39:16[22m [33m[1m[vite][22m[39m [33m[2m(client)[22m[39m [2m[console.warn] [22mGSAP target  not found. https://gsap.com
[2m08:39:16[22m [33m[1m[vite][22m[39m [33m[2m(client)[22m[39m [2m[console.warn] [22mGSAP target .timeline-item, .operation-row, .severity-card, .severity-legend-item not found. https://gsap.com
[2m08:39:16[22m [33m[1m[vite][22m[39m [33m[2m(client)[22m[39m [2m[console.warn] [22mGSAP target  not found. https://gsap.com
[2m08:39:16[22m [33m[1m[vite][22m[39m [33m[2m(client)[22m[39m [2m[console.warn] [22mGSAP target .severity-meter-fill not found. https://gsap.com
[2m08:39:16[22m [33m[1m[vite][22m[39m [33m[2m(client)[22m[39m [2m[console.warn] [22mGSAP target  not found. https://gsap.com
[2m08:39:16[22m [33m[1m[vite][22m[39m [33m[2m(client)[22m[39m [2m[console.warn] [22mGSAP target  not found. https://gsap.com
[2m08:39:16[22m [33m[1m[vite][22m[39m [33m[2m(client)[22m[39m [2m[console.warn] [22mGSAP target  not found. https://gsap.com
[2m08:39:16[22m [33m[1m[vite][22m[39m [33m[2m(client)[22m[39m [2m[console.warn] [22mGSAP target .timeline-item, .operation-row, .severity-card, .severity-legend-item not found. https://gsap.com
[2m08:39:16[22m [33m[1m[vite][22m[39m [33m[2m(client)[22m[39m [2m[console.warn] [22mGSAP target  not found. https://gsap.com
[2m08:39:16[22m [33m[1m[vite][22m[39m [33m[2m(client)[22m[39m [2m[console.warn] [22mGSAP target .severity-meter-fill not found. https://gsap.com
[2m08:39:16[22m [33m[1m[vite][22m[39m [33m[2m(client)[22m[39m [2m[console.warn] [22mGSAP target  not found. https://gsap.com
[2m08:39:16[22m [33m[1m[vite][22m[39m [33m[2m(client)[22m[39m [2m[console.warn] [22mGSAP target  not found. https://gsap.com
[2m08:39:16[22m [33m[1m[vite][22m[39m [33m[2m(client)[22m[39m [2m[console.warn] [22mGSAP target  not found. https://gsap.com
[2m08:51:27[22m [33m[1m[vite][22m[39m [33m[2m(client)[22m[39m [2m[console.warn] [22mThe width(-1) and height(-1) of chart should be greater than 0,
       please check the style of container, or the props width(100%) and height(100%),
       or add a minWidth(0) or minHeight(undefined) or use aspect(undefined) to control the
       height and width.
[2m08:51:27[22m [33m[1m[vite][22m[39m [33m[2m(client)[22m[39m [2m[console.warn] [22mThe width(-1) and height(-1) of chart should be greater than 0,
       please check the style of container, or the props width(100%) and height(100%),
       or add a minWidth(0) or minHeight(undefined) or use aspect(undefined) to control the
       height and width.
[2m08:51:27[22m [33m[1m[vite][22m[39m [33m[2m(client)[22m[39m [2m[console.warn] [22mThe width(-1) and height(-1) of chart should be greater than 0,
       please check the style of container, or the props width(100%) and height(100%),
       or add a minWidth(0) or minHeight(undefined) or use aspect(undefined) to control the
       height and width.
[2m08:51:27[22m [33m[1m[vite][22m[39m [33m[2m(client)[22m[39m [2m[console.warn] [22mThe width(-1) and height(-1) of chart should be greater than 0,
       please check the style of container, or the props width(100%) and height(100%),
       or add a minWidth(0) or minHeight(undefined) or use aspect(undefined) to control the
       height and width.
[2m08:51:27[22m [33m[1m[vite][22m[39m [33m[2m(client)[22m[39m [2m[console.warn] [22mGSAP target .severity-meter-fill not found. https://gsap.com
[2m08:51:27[22m [33m[1m[vite][22m[39m [33m[2m(client)[22m[39m [2m[console.warn] [22mGSAP target  not found. https://gsap.com
[2m08:51:27[22m [33m[1m[vite][22m[39m [33m[2m(client)[22m[39m [2m[console.warn] [22mGSAP target  not found. https://gsap.com
[2m08:51:27[22m [33m[1m[vite][22m[39m [33m[2m(client)[22m[39m [2m[console.warn] [22mGSAP target .severity-meter-fill not found. https://gsap.com
[2m08:51:27[22m [33m[1m[vite][22m[39m [33m[2m(client)[22m[39m [2m[console.warn] [22mGSAP target  not found. https://gsap.com
[2m08:51:28[22m [33m[1m[vite][22m[39m [33m[2m(client)[22m[39m [2m[console.warn] [22mGSAP target  not found. https://gsap.com
[2m08:51:32[22m [33m[1m[vite][22m[39m [33m[2m(client)[22m[39m [2m[console.warn] [22mGSAP target .timeline-item, .operation-row, .severity-card, .severity-legend-item not found. https://gsap.com
[2m08:51:32[22m [33m[1m[vite][22m[39m [33m[2m(client)[22m[39m [2m[console.warn] [22mGSAP target  not found. https://gsap.com
[2m08:51:32[22m [33m[1m[vite][22m[39m [33m[2m(client)[22m[39m [2m[console.warn] [22mGSAP target .severity-meter-fill not found. https://gsap.com
[2m08:51:32[22m [33m[1m[vite][22m[39m [33m[2m(client)[22m[39m [2m[console.warn] [22mGSAP target  not found. https://gsap.com
[2m08:51:32[22m [33m[1m[vite][22m[39m [33m[2m(client)[22m[39m [2m[console.warn] [22mGSAP target  not found. https://gsap.com
[2m08:51:32[22m [33m[1m[vite][22m[39m [33m[2m(client)[22m[39m [2m[console.warn] [22mGSAP target  not found. https://gsap.com
[2m08:51:32[22m [33m[1m[vite][22m[39m [33m[2m(client)[22m[39m [2m[console.warn] [22mGSAP target .timeline-item, .operation-row, .severity-card, .severity-legend-item not found. https://gsap.com
[2m08:51:32[22m [33m[1m[vite][22m[39m [33m[2m(client)[22m[39m [2m[console.warn] [22mGSAP target  not found. https://gsap.com
[2m08:51:32[22m [33m[1m[vite][22m[39m [33m[2m(client)[22m[39m [2m[console.warn] [22mGSAP target .severity-meter-fill not found. https://gsap.com
[2m08:51:32[22m [33m[1m[vite][22m[39m [33m[2m(client)[22m[39m [2m[console.warn] [22mGSAP target  not found. https://gsap.com
[2m08:51:32[22m [33m[1m[vite][22m[39m [33m[2m(client)[22m[39m [2m[console.warn] [22mGSAP target  not found. https://gsap.com
[2m08:51:32[22m [33m[1m[vite][22m[39m [33m[2m(client)[22m[39m [2m[console.warn] [22mGSAP target  not found. https://gsap.com
[2m08:53:28[22m [33m[1m[vite][22m[39m [33m[2m(client)[22m[39m [2m[console.warn] [22mGSAP target .timeline-item, .operation-row, .severity-card, .severity-legend-item not found. https://gsap.com
[2m08:53:28[22m [33m[1m[vite][22m[39m [33m[2m(client)[22m[39m [2m[console.warn] [22mGSAP target  not found. https://gsap.com
[2m08:53:28[22m [33m[1m[vite][22m[39m [33m[2m(client)[22m[39m [2m[console.warn] [22mGSAP target .severity-meter-fill not found. https://gsap.com
[2m08:53:28[22m [33m[1m[vite][22m[39m [33m[2m(client)[22m[39m [2m[console.warn] [22mGSAP target  not found. https://gsap.com
[2m08:53:28[22m [33m[1m[vite][22m[39m [33m[2m(client)[22m[39m [2m[console.warn] [22mGSAP target  not found. https://gsap.com
[2m08:53:28[22m [33m[1m[vite][22m[39m [33m[2m(client)[22m[39m [2m[console.warn] [22mGSAP target  not found. https://gsap.com
[2m08:53:28[22m [33m[1m[vite][22m[39m [33m[2m(client)[22m[39m [2m[console.warn] [22mGSAP target .timeline-item, .operation-row, .severity-card, .severity-legend-item not found. https://gsap.com
[2m08:53:28[22m [33m[1m[vite][22m[39m [33m[2m(client)[22m[39m [2m[console.warn] [22mGSAP target  not found. https://gsap.com
[2m08:53:28[22m [33m[1m[vite][22m[39m [33m[2m(client)[22m[39m [2m[console.warn] [22mGSAP target .severity-meter-fill not found. https://gsap.com
[2m08:53:28[22m [33m[1m[vite][22m[39m [33m[2m(client)[22m[39m [2m[console.warn] [22mGSAP target  not found. https://gsap.com
[2m08:53:28[22m [31m[1m[vite][22m[39m [31m[2m(client)[22m[39m [2m[console.error] [22mIn HTML, <button> cannot be a descendant of <button>.
This will cause a hydration error.

  ...
    <div className="flex min-h..." style={{opacity:0, ...}} ref={function}>
      <ApprovalsPage>
        <PageFrame icon={{...}} title="Approval C...">
          <motion.main ref={{...}} className="min-w-0 fl..." initial={{opacity:0,y:10}} animate={{opacity:1,y:0}} ...>
            <main className="min-w-0 fl..." style={{opacity:0, ...}} ref={function}>
              <div className="mx-auto fl...">
                <section>
                <section className="grid gap-5...">
                  <div className="space-y-4">
                    <section>
                    <Panel>
                      <section data-gsap="reveal" className="glass-pane...">
                        <div>
                        <div className="space-y-3">
>                         <button
>                           className="w-full rounded-lg border bg-slate-950/45 p-4 text-left transition hover:border-..."
>                           onClick={function onClick}
>                           type="button"
>                         >
                            <div className="flex flex-...">
                              <div>
                              <div className="flex gap-2">
                                <Button className="h-9" onClick={function onClick} variant="primary">
>                                 <button
>                                   className="inline-flex items-center justify-center gap-2 rounded-md px-3 text-sm f..."
>                                   onClick={function onClick}
>                                 >
                                ...
                  ...

[2m08:53:28[22m [31m[1m[vite][22m[39m [31m[2m(client)[22m[39m [2m[console.error] [22m<button> cannot contain a nested <button>.
See this log for the ancestor stack trace.
[2m08:53:29[22m [33m[1m[vite][22m[39m [33m[2m(client)[22m[39m [2m[console.warn] [22mGSAP target  not found. https://gsap.com
[2m08:53:29[22m [33m[1m[vite][22m[39m [33m[2m(client)[22m[39m [2m[console.warn] [22mGSAP target  not found. https://gsap.com
[2m08:54:20[22m [33m[1m[vite][22m[39m [33m[2m(client)[22m[39m [2m[console.warn] [22mGSAP target .timeline-item, .operation-row, .severity-card, .severity-legend-item not found. https://gsap.com
[2m08:54:20[22m [33m[1m[vite][22m[39m [33m[2m(client)[22m[39m [2m[console.warn] [22mGSAP target  not found. https://gsap.com
[2m08:54:20[22m [33m[1m[vite][22m[39m [33m[2m(client)[22m[39m [2m[console.warn] [22mGSAP target .severity-meter-fill not found. https://gsap.com
[2m08:54:20[22m [33m[1m[vite][22m[39m [33m[2m(client)[22m[39m [2m[console.warn] [22mGSAP target  not found. https://gsap.com
[2m08:54:20[22m [33m[1m[vite][22m[39m [33m[2m(client)[22m[39m [2m[console.warn] [22mGSAP target  not found. https://gsap.com
[2m08:54:20[22m [33m[1m[vite][22m[39m [33m[2m(client)[22m[39m [2m[console.warn] [22mGSAP target  not found. https://gsap.com
[2m08:54:20[22m [33m[1m[vite][22m[39m [33m[2m(client)[22m[39m [2m[console.warn] [22mGSAP target .timeline-item, .operation-row, .severity-card, .severity-legend-item not found. https://gsap.com
[2m08:54:20[22m [33m[1m[vite][22m[39m [33m[2m(client)[22m[39m [2m[console.warn] [22mGSAP target  not found. https://gsap.com
[2m08:54:20[22m [33m[1m[vite][22m[39m [33m[2m(client)[22m[39m [2m[console.warn] [22mGSAP target .severity-meter-fill not found. https://gsap.com
[2m08:54:20[22m [33m[1m[vite][22m[39m [33m[2m(client)[22m[39m [2m[console.warn] [22mGSAP target  not found. https://gsap.com
[2m08:54:20[22m [33m[1m[vite][22m[39m [33m[2m(client)[22m[39m [2m[console.warn] [22mGSAP target  not found. https://gsap.com
[2m08:54:21[22m [33m[1m[vite][22m[39m [33m[2m(client)[22m[39m [2m[console.warn] [22mGSAP target  not found. https://gsap.com
[2m08:59:13[22m [33m[1m[vite][22m[39m [33m[2m(client)[22m[39m [2m[console.warn] [22mThe width(-1) and height(-1) of chart should be greater than 0,
       please check the style of container, or the props width(100%) and height(100%),
       or add a minWidth(0) or minHeight(undefined) or use aspect(undefined) to control the
       height and width.
[2m08:59:13[22m [33m[1m[vite][22m[39m [33m[2m(client)[22m[39m [2m[console.warn] [22mThe width(-1) and height(-1) of chart should be greater than 0,
       please check the style of container, or the props width(100%) and height(100%),
       or add a minWidth(0) or minHeight(undefined) or use aspect(undefined) to control the
       height and width.
[2m08:59:13[22m [33m[1m[vite][22m[39m [33m[2m(client)[22m[39m [2m[console.warn] [22mThe width(-1) and height(-1) of chart should be greater than 0,
       please check the style of container, or the props width(100%) and height(100%),
       or add a minWidth(0) or minHeight(undefined) or use aspect(undefined) to control the
       height and width.
[2m08:59:13[22m [33m[1m[vite][22m[39m [33m[2m(client)[22m[39m [2m[console.warn] [22mThe width(-1) and height(-1) of chart should be greater than 0,
       please check the style of container, or the props width(100%) and height(100%),
       or add a minWidth(0) or minHeight(undefined) or use aspect(undefined) to control the
       height and width.
[2m08:59:13[22m [33m[1m[vite][22m[39m [33m[2m(client)[22m[39m [2m[console.warn] [22mGSAP target .severity-meter-fill not found. https://gsap.com
[2m08:59:13[22m [33m[1m[vite][22m[39m [33m[2m(client)[22m[39m [2m[console.warn] [22mGSAP target  not found. https://gsap.com
[2m08:59:13[22m [33m[1m[vite][22m[39m [33m[2m(client)[22m[39m [2m[console.warn] [22mGSAP target  not found. https://gsap.com
[2m08:59:13[22m [33m[1m[vite][22m[39m [33m[2m(client)[22m[39m [2m[console.warn] [22mGSAP target .severity-meter-fill not found. https://gsap.com
[2m08:59:13[22m [33m[1m[vite][22m[39m [33m[2m(client)[22m[39m [2m[console.warn] [22mGSAP target  not found. https://gsap.com
[2m08:59:13[22m [33m[1m[vite][22m[39m [33m[2m(client)[22m[39m [2m[console.warn] [22mGSAP target  not found. https://gsap.com
[2m08:59:17[22m [33m[1m[vite][22m[39m [33m[2m(client)[22m[39m [2m[console.warn] [22mGSAP target .timeline-item, .operation-row, .severity-card, .severity-legend-item not found. https://gsap.com
[2m08:59:17[22m [33m[1m[vite][22m[39m [33m[2m(client)[22m[39m [2m[console.warn] [22mGSAP target  not found. https://gsap.com
[2m08:59:17[22m [33m[1m[vite][22m[39m [33m[2m(client)[22m[39m [2m[console.warn] [22mGSAP target .severity-meter-fill not found. https://gsap.com
[2m08:59:17[22m [33m[1m[vite][22m[39m [33m[2m(client)[22m[39m [2m[console.warn] [22mGSAP target  not found. https://gsap.com
[2m08:59:17[22m [33m[1m[vite][22m[39m [33m[2m(client)[22m[39m [2m[console.warn] [22mGSAP target  not found. https://gsap.com
[2m08:59:17[22m [33m[1m[vite][22m[39m [33m[2m(client)[22m[39m [2m[console.warn] [22mGSAP target  not found. https://gsap.com
[2m08:59:17[22m [33m[1m[vite][22m[39m [33m[2m(client)[22m[39m [2m[console.warn] [22mGSAP target .timeline-item, .operation-row, .severity-card, .severity-legend-item not found. https://gsap.com
[2m08:59:17[22m [33m[1m[vite][22m[39m [33m[2m(client)[22m[39m [2m[console.warn] [22mGSAP target  not found. https://gsap.com
[2m08:59:17[22m [33m[1m[vite][22m[39m [33m[2m(client)[22m[39m [2m[console.warn] [22mGSAP target .severity-meter-fill not found. https://gsap.com
[2m08:59:17[22m [33m[1m[vite][22m[39m [33m[2m(client)[22m[39m [2m[console.warn] [22mGSAP target  not found. https://gsap.com
[2m08:59:17[22m [33m[1m[vite][22m[39m [33m[2m(client)[22m[39m [2m[console.warn] [22mGSAP target  not found. https://gsap.com
[2m08:59:17[22m [33m[1m[vite][22m[39m [33m[2m(client)[22m[39m [2m[console.warn] [22mGSAP target  not found. https://gsap.com
[2m08:59:18[22m [33m[1m[vite][22m[39m [33m[2m(client)[22m[39m [2m[console.warn] [22mGSAP target .timeline-item, .operation-row, .severity-card, .severity-legend-item not found. https://gsap.com
[2m08:59:18[22m [33m[1m[vite][22m[39m [33m[2m(client)[22m[39m [2m[console.warn] [22mGSAP target  not found. https://gsap.com
[2m08:59:18[22m [33m[1m[vite][22m[39m [33m[2m(client)[22m[39m [2m[console.warn] [22mGSAP target .severity-meter-fill not found. https://gsap.com
[2m08:59:18[22m [33m[1m[vite][22m[39m [33m[2m(client)[22m[39m [2m[console.warn] [22mGSAP target  not found. https://gsap.com
[2m08:59:18[22m [33m[1m[vite][22m[39m [33m[2m(client)[22m[39m [2m[console.warn] [22mGSAP target  not found. https://gsap.com
[2m08:59:18[22m [33m[1m[vite][22m[39m [33m[2m(client)[22m[39m [2m[console.warn] [22mGSAP target  not found. https://gsap.com
[2m08:59:18[22m [33m[1m[vite][22m[39m [33m[2m(client)[22m[39m [2m[console.warn] [22mGSAP target .timeline-item, .operation-row, .severity-card, .severity-legend-item not found. https://gsap.com
[2m08:59:18[22m [33m[1m[vite][22m[39m [33m[2m(client)[22m[39m [2m[console.warn] [22mGSAP target  not found. https://gsap.com
[2m08:59:18[22m [33m[1m[vite][22m[39m [33m[2m(client)[22m[39m [2m[console.warn] [22mGSAP target .severity-meter-fill not found. https://gsap.com
[2m08:59:18[22m [33m[1m[vite][22m[39m [33m[2m(client)[22m[39m [2m[console.warn] [22mGSAP target  not found. https://gsap.com
[2m08:59:18[22m [31m[1m[vite][22m[39m [31m[2m(client)[22m[39m [2m[console.error] [22mIn HTML, <button> cannot be a descendant of <button>.
This will cause a hydration error.

  ...
    <div className="flex min-h..." style={{opacity:0, ...}} ref={function}>
      <ApprovalsPage>
        <PageFrame icon={{...}} title="Approval C...">
          <motion.main ref={{...}} className="min-w-0 fl..." initial={{opacity:0,y:10}} animate={{opacity:1,y:0}} ...>
            <main className="min-w-0 fl..." style={{opacity:0, ...}} ref={function}>
              <div className="mx-auto fl...">
                <section>
                <section className="grid gap-5...">
                  <div className="space-y-4">
                    <section>
                    <Panel>
                      <section data-gsap="reveal" className="glass-pane...">
                        <div>
                        <div className="space-y-3">
>                         <button
>                           className="w-full rounded-lg border bg-slate-950/45 p-4 text-left transition hover:border-..."
>                           onClick={function onClick}
>                           type="button"
>                         >
                            <div className="flex flex-...">
                              <div>
                              <div className="flex gap-2">
                                <Button className="h-9" onClick={function onClick} variant="primary">
>                                 <button
>                                   className="inline-flex items-center justify-center gap-2 rounded-md px-3 text-sm f..."
>                                   onClick={function onClick}
>                                 >
                                ...
                  ...

[2m08:59:18[22m [31m[1m[vite][22m[39m [31m[2m(client)[22m[39m [2m[console.error] [22m<button> cannot contain a nested <button>.
See this log for the ancestor stack trace.
[2m08:59:18[22m [33m[1m[vite][22m[39m [33m[2m(client)[22m[39m [2m[console.warn] [22mGSAP target  not found. https://gsap.com
[2m08:59:18[22m [33m[1m[vite][22m[39m [33m[2m(client)[22m[39m [2m[console.warn] [22mGSAP target  not found. https://gsap.com
[2m08:59:18[22m [33m[1m[vite][22m[39m [33m[2m(client)[22m[39m [2m[console.warn] [22mGSAP target .timeline-item, .operation-row, .severity-card, .severity-legend-item not found. https://gsap.com
[2m08:59:18[22m [33m[1m[vite][22m[39m [33m[2m(client)[22m[39m [2m[console.warn] [22mGSAP target  not found. https://gsap.com
[2m08:59:18[22m [33m[1m[vite][22m[39m [33m[2m(client)[22m[39m [2m[console.warn] [22mGSAP target .severity-meter-fill not found. https://gsap.com
[2m08:59:18[22m [33m[1m[vite][22m[39m [33m[2m(client)[22m[39m [2m[console.warn] [22mGSAP target  not found. https://gsap.com
[2m08:59:18[22m [33m[1m[vite][22m[39m [33m[2m(client)[22m[39m [2m[console.warn] [22mGSAP target  not found. https://gsap.com
[2m08:59:18[22m [33m[1m[vite][22m[39m [33m[2m(client)[22m[39m [2m[console.warn] [22mGSAP target  not found. https://gsap.com
[2m08:59:18[22m [33m[1m[vite][22m[39m [33m[2m(client)[22m[39m [2m[console.warn] [22mGSAP target .timeline-item, .operation-row, .severity-card, .severity-legend-item not found. https://gsap.com
[2m08:59:18[22m [33m[1m[vite][22m[39m [33m[2m(client)[22m[39m [2m[console.warn] [22mGSAP target  not found. https://gsap.com
[2m08:59:18[22m [33m[1m[vite][22m[39m [33m[2m(client)[22m[39m [2m[console.warn] [22mGSAP target .severity-meter-fill not found. https://gsap.com
[2m08:59:18[22m [33m[1m[vite][22m[39m [33m[2m(client)[22m[39m [2m[console.warn] [22mGSAP target  not found. https://gsap.com
[2m08:59:19[22m [33m[1m[vite][22m[39m [33m[2m(client)[22m[39m [2m[console.warn] [22mGSAP target  not found. https://gsap.com
[2m08:59:19[22m [33m[1m[vite][22m[39m [33m[2m(client)[22m[39m [2m[console.warn] [22mGSAP target  not found. https://gsap.com
[2m08:59:38[22m [33m[1m[vite][22m[39m [33m[2m(client)[22m[39m [2m[console.warn] [22mThe width(-1) and height(-1) of chart should be greater than 0,
       please check the style of container, or the props width(100%) and height(100%),
       or add a minWidth(0) or minHeight(undefined) or use aspect(undefined) to control the
       height and width.
[2m08:59:38[22m [33m[1m[vite][22m[39m [33m[2m(client)[22m[39m [2m[console.warn] [22mThe width(-1) and height(-1) of chart should be greater than 0,
       please check the style of container, or the props width(100%) and height(100%),
       or add a minWidth(0) or minHeight(undefined) or use aspect(undefined) to control the
       height and width.
[2m08:59:38[22m [33m[1m[vite][22m[39m [33m[2m(client)[22m[39m [2m[console.warn] [22mThe width(-1) and height(-1) of chart should be greater than 0,
       please check the style of container, or the props width(100%) and height(100%),
       or add a minWidth(0) or minHeight(undefined) or use aspect(undefined) to control the
       height and width.
[2m08:59:38[22m [33m[1m[vite][22m[39m [33m[2m(client)[22m[39m [2m[console.warn] [22mThe width(-1) and height(-1) of chart should be greater than 0,
       please check the style of container, or the props width(100%) and height(100%),
       or add a minWidth(0) or minHeight(undefined) or use aspect(undefined) to control the
       height and width.
[2m08:59:38[22m [33m[1m[vite][22m[39m [33m[2m(client)[22m[39m [2m[console.warn] [22mGSAP target .severity-meter-fill not found. https://gsap.com
[2m08:59:38[22m [33m[1m[vite][22m[39m [33m[2m(client)[22m[39m [2m[console.warn] [22mGSAP target  not found. https://gsap.com
[2m08:59:38[22m [33m[1m[vite][22m[39m [33m[2m(client)[22m[39m [2m[console.warn] [22mGSAP target  not found. https://gsap.com
[2m08:59:38[22m [33m[1m[vite][22m[39m [33m[2m(client)[22m[39m [2m[console.warn] [22mGSAP target .severity-meter-fill not found. https://gsap.com
[2m08:59:38[22m [33m[1m[vite][22m[39m [33m[2m(client)[22m[39m [2m[console.warn] [22mGSAP target  not found. https://gsap.com
[2m08:59:39[22m [33m[1m[vite][22m[39m [33m[2m(client)[22m[39m [2m[console.warn] [22mGSAP target  not found. https://gsap.com
[2m08:59:41[22m [33m[1m[vite][22m[39m [33m[2m(client)[22m[39m [2m[console.warn] [22mGSAP target .timeline-item, .operation-row, .severity-card, .severity-legend-item not found. https://gsap.com
[2m08:59:41[22m [33m[1m[vite][22m[39m [33m[2m(client)[22m[39m [2m[console.warn] [22mGSAP target  not found. https://gsap.com
[2m08:59:41[22m [33m[1m[vite][22m[39m [33m[2m(client)[22m[39m [2m[console.warn] [22mGSAP target .severity-meter-fill not found. https://gsap.com
[2m08:59:41[22m [33m[1m[vite][22m[39m [33m[2m(client)[22m[39m [2m[console.warn] [22mGSAP target  not found. https://gsap.com
[2m08:59:41[22m [33m[1m[vite][22m[39m [33m[2m(client)[22m[39m [2m[console.warn] [22mGSAP target  not found. https://gsap.com
[2m08:59:41[22m [33m[1m[vite][22m[39m [33m[2m(client)[22m[39m [2m[console.warn] [22mGSAP target  not found. https://gsap.com
[2m08:59:41[22m [33m[1m[vite][22m[39m [33m[2m(client)[22m[39m [2m[console.warn] [22mGSAP target .timeline-item, .operation-row, .severity-card, .severity-legend-item not found. https://gsap.com
[2m08:59:41[22m [33m[1m[vite][22m[39m [33m[2m(client)[22m[39m [2m[console.warn] [22mGSAP target  not found. https://gsap.com
[2m08:59:41[22m [33m[1m[vite][22m[39m [33m[2m(client)[22m[39m [2m[console.warn] [22mGSAP target .severity-meter-fill not found. https://gsap.com
[2m08:59:41[22m [33m[1m[vite][22m[39m [33m[2m(client)[22m[39m [2m[console.warn] [22mGSAP target  not found. https://gsap.com
[2m08:59:41[22m [33m[1m[vite][22m[39m [33m[2m(client)[22m[39m [2m[console.warn] [22mGSAP target  not found. https://gsap.com
[2m08:59:41[22m [33m[1m[vite][22m[39m [33m[2m(client)[22m[39m [2m[console.warn] [22mGSAP target  not found. https://gsap.com
[2m09:31:14[22m [33m[1m[vite][22m[39m [33m[2m(client)[22m[39m [2m[console.warn] [22mThe width(-1) and height(-1) of chart should be greater than 0,
       please check the style of container, or the props width(100%) and height(100%),
       or add a minWidth(0) or minHeight(undefined) or use aspect(undefined) to control the
       height and width.
[2m09:31:14[22m [33m[1m[vite][22m[39m [33m[2m(client)[22m[39m [2m[console.warn] [22mThe width(-1) and height(-1) of chart should be greater than 0,
       please check the style of container, or the props width(100%) and height(100%),
       or add a minWidth(0) or minHeight(undefined) or use aspect(undefined) to control the
       height and width.
[2m09:31:14[22m [33m[1m[vite][22m[39m [33m[2m(client)[22m[39m [2m[console.warn] [22mThe width(-1) and height(-1) of chart should be greater than 0,
       please check the style of container, or the props width(100%) and height(100%),
       or add a minWidth(0) or minHeight(undefined) or use aspect(undefined) to control the
       height and width.
[2m09:31:14[22m [33m[1m[vite][22m[39m [33m[2m(client)[22m[39m [2m[console.warn] [22mThe width(-1) and height(-1) of chart should be greater than 0,
       please check the style of container, or the props width(100%) and height(100%),
       or add a minWidth(0) or minHeight(undefined) or use aspect(undefined) to control the
       height and width.
[2m09:31:14[22m [33m[1m[vite][22m[39m [33m[2m(client)[22m[39m [2m[console.warn] [22mGSAP target .severity-meter-fill not found. https://gsap.com
[2m09:31:14[22m [33m[1m[vite][22m[39m [33m[2m(client)[22m[39m [2m[console.warn] [22mGSAP target  not found. https://gsap.com
[2m09:31:14[22m [33m[1m[vite][22m[39m [33m[2m(client)[22m[39m [2m[console.warn] [22mGSAP target  not found. https://gsap.com
[2m09:31:14[22m [33m[1m[vite][22m[39m [33m[2m(client)[22m[39m [2m[console.warn] [22mGSAP target .severity-meter-fill not found. https://gsap.com
[2m09:31:14[22m [33m[1m[vite][22m[39m [33m[2m(client)[22m[39m [2m[console.warn] [22mGSAP target  not found. https://gsap.com
[2m09:31:14[22m [33m[1m[vite][22m[39m [33m[2m(client)[22m[39m [2m[console.warn] [22mGSAP target  not found. https://gsap.com
[2m09:32:44[22m [33m[1m[vite][22m[39m [33m[2m(client)[22m[39m [2m[console.warn] [22mThe width(-1) and height(-1) of chart should be greater than 0,
       please check the style of container, or the props width(100%) and height(100%),
       or add a minWidth(0) or minHeight(undefined) or use aspect(undefined) to control the
       height and width.
[2m09:32:44[22m [33m[1m[vite][22m[39m [33m[2m(client)[22m[39m [2m[console.warn] [22mThe width(-1) and height(-1) of chart should be greater than 0,
       please check the style of container, or the props width(100%) and height(100%),
       or add a minWidth(0) or minHeight(undefined) or use aspect(undefined) to control the
       height and width.
[2m09:32:44[22m [33m[1m[vite][22m[39m [33m[2m(client)[22m[39m [2m[console.warn] [22mThe width(-1) and height(-1) of chart should be greater than 0,
       please check the style of container, or the props width(100%) and height(100%),
       or add a minWidth(0) or minHeight(undefined) or use aspect(undefined) to control the
       height and width.
[2m09:32:44[22m [33m[1m[vite][22m[39m [33m[2m(client)[22m[39m [2m[console.warn] [22mThe width(-1) and height(-1) of chart should be greater than 0,
       please check the style of container, or the props width(100%) and height(100%),
       or add a minWidth(0) or minHeight(undefined) or use aspect(undefined) to control the
       height and width.
[2m09:32:44[22m [33m[1m[vite][22m[39m [33m[2m(client)[22m[39m [2m[console.warn] [22mGSAP target .severity-meter-fill not found. https://gsap.com
[2m09:32:44[22m [33m[1m[vite][22m[39m [33m[2m(client)[22m[39m [2m[console.warn] [22mGSAP target  not found. https://gsap.com
[2m09:32:44[22m [33m[1m[vite][22m[39m [33m[2m(client)[22m[39m [2m[console.warn] [22mGSAP target  not found. https://gsap.com
[2m09:32:44[22m [33m[1m[vite][22m[39m [33m[2m(client)[22m[39m [2m[console.warn] [22mGSAP target .severity-meter-fill not found. https://gsap.com
[2m09:32:44[22m [33m[1m[vite][22m[39m [33m[2m(client)[22m[39m [2m[console.warn] [22mGSAP target  not found. https://gsap.com
[2m09:32:44[22m [33m[1m[vite][22m[39m [33m[2m(client)[22m[39m [2m[console.warn] [22mGSAP target  not found. https://gsap.com
[2m09:32:44[22m [33m[1m[vite][22m[39m [33m[2m(client)[22m[39m [2m[console.warn] [22mGSAP target  not found. https://gsap.com
[2m09:32:59[22m [33m[1m[vite][22m[39m [33m[2m(client)[22m[39m [2m[console.warn] [22mGSAP target .timeline-item, .operation-row, .severity-card, .severity-legend-item not found. https://gsap.com
[2m09:32:59[22m [33m[1m[vite][22m[39m [33m[2m(client)[22m[39m [2m[console.warn] [22mGSAP target  not found. https://gsap.com
[2m09:32:59[22m [33m[1m[vite][22m[39m [33m[2m(client)[22m[39m [2m[console.warn] [22mGSAP target .severity-meter-fill not found. https://gsap.com
[2m09:32:59[22m [33m[1m[vite][22m[39m [33m[2m(client)[22m[39m [2m[console.warn] [22mGSAP target  not found. https://gsap.com
[2m09:32:59[22m [33m[1m[vite][22m[39m [33m[2m(client)[22m[39m [2m[console.warn] [22mGSAP target  not found. https://gsap.com
[2m09:32:59[22m [33m[1m[vite][22m[39m [33m[2m(client)[22m[39m [2m[console.warn] [22mGSAP target  not found. https://gsap.com
[2m09:32:59[22m [33m[1m[vite][22m[39m [33m[2m(client)[22m[39m [2m[console.warn] [22mGSAP target .timeline-item, .operation-row, .severity-card, .severity-legend-item not found. https://gsap.com
[2m09:32:59[22m [33m[1m[vite][22m[39m [33m[2m(client)[22m[39m [2m[console.warn] [22mGSAP target  not found. https://gsap.com
[2m09:32:59[22m [33m[1m[vite][22m[39m [33m[2m(client)[22m[39m [2m[console.warn] [22mGSAP target .severity-meter-fill not found. https://gsap.com
[2m09:32:59[22m [33m[1m[vite][22m[39m [33m[2m(client)[22m[39m [2m[console.warn] [22mGSAP target  not found. https://gsap.com
[2m09:32:59[22m [33m[1m[vite][22m[39m [33m[2m(client)[22m[39m [2m[console.warn] [22mGSAP target  not found. https://gsap.com
[2m09:32:59[22m [33m[1m[vite][22m[39m [33m[2m(client)[22m[39m [2m[console.warn] [22mGSAP target  not found. https://gsap.com
[2m09:33:00[22m [33m[1m[vite][22m[39m [33m[2m(client)[22m[39m [2m[console.warn] [22mGSAP target  not found. https://gsap.com
[2m09:33:05[22m [33m[1m[vite][22m[39m [33m[2m(client)[22m[39m [2m[console.warn] [22mThe width(-1) and height(-1) of chart should be greater than 0,
       please check the style of container, or the props width(100%) and height(100%),
       or add a minWidth(0) or minHeight(undefined) or use aspect(undefined) to control the
       height and width.
[2m09:33:05[22m [33m[1m[vite][22m[39m [33m[2m(client)[22m[39m [2m[console.warn] [22mThe width(-1) and height(-1) of chart should be greater than 0,
       please check the style of container, or the props width(100%) and height(100%),
       or add a minWidth(0) or minHeight(undefined) or use aspect(undefined) to control the
       height and width.
[2m09:33:05[22m [33m[1m[vite][22m[39m [33m[2m(client)[22m[39m [2m[console.warn] [22mThe width(-1) and height(-1) of chart should be greater than 0,
       please check the style of container, or the props width(100%) and height(100%),
       or add a minWidth(0) or minHeight(undefined) or use aspect(undefined) to control the
       height and width.
[2m09:33:05[22m [33m[1m[vite][22m[39m [33m[2m(client)[22m[39m [2m[console.warn] [22mThe width(-1) and height(-1) of chart should be greater than 0,
       please check the style of container, or the props width(100%) and height(100%),
       or add a minWidth(0) or minHeight(undefined) or use aspect(undefined) to control the
       height and width.
[2m09:33:05[22m [33m[1m[vite][22m[39m [33m[2m(client)[22m[39m [2m[console.warn] [22mGSAP target .severity-meter-fill not found. https://gsap.com
[2m09:33:05[22m [33m[1m[vite][22m[39m [33m[2m(client)[22m[39m [2m[console.warn] [22mGSAP target  not found. https://gsap.com
[2m09:33:05[22m [33m[1m[vite][22m[39m [33m[2m(client)[22m[39m [2m[console.warn] [22mGSAP target  not found. https://gsap.com
[2m09:33:05[22m [33m[1m[vite][22m[39m [33m[2m(client)[22m[39m [2m[console.warn] [22mGSAP target .severity-meter-fill not found. https://gsap.com
[2m09:33:05[22m [33m[1m[vite][22m[39m [33m[2m(client)[22m[39m [2m[console.warn] [22mGSAP target  not found. https://gsap.com
[2m09:33:05[22m [33m[1m[vite][22m[39m [33m[2m(client)[22m[39m [2m[console.warn] [22mGSAP target  not found. https://gsap.com
[2m09:33:05[22m [33m[1m[vite][22m[39m [33m[2m(client)[22m[39m [2m[console.warn] [22mGSAP target  not found. https://gsap.com
[2m09:33:10[22m [33m[1m[vite][22m[39m [33m[2m(client)[22m[39m [2m[console.warn] [22mGSAP target .timeline-item, .operation-row, .severity-card, .severity-legend-item not found. https://gsap.com
[2m09:33:10[22m [33m[1m[vite][22m[39m [33m[2m(client)[22m[39m [2m[console.warn] [22mGSAP target  not found. https://gsap.com
[2m09:33:10[22m [33m[1m[vite][22m[39m [33m[2m(client)[22m[39m [2m[console.warn] [22mGSAP target .severity-meter-fill not found. https://gsap.com
[2m09:33:10[22m [33m[1m[vite][22m[39m [33m[2m(client)[22m[39m [2m[console.warn] [22mGSAP target  not found. https://gsap.com
[2m09:33:10[22m [33m[1m[vite][22m[39m [33m[2m(client)[22m[39m [2m[console.warn] [22mGSAP target  not found. https://gsap.com
[2m09:33:10[22m [33m[1m[vite][22m[39m [33m[2m(client)[22m[39m [2m[console.warn] [22mGSAP target  not found. https://gsap.com
[2m09:33:10[22m [33m[1m[vite][22m[39m [33m[2m(client)[22m[39m [2m[console.warn] [22mGSAP target .timeline-item, .operation-row, .severity-card, .severity-legend-item not found. https://gsap.com
[2m09:33:10[22m [33m[1m[vite][22m[39m [33m[2m(client)[22m[39m [2m[console.warn] [22mGSAP target  not found. https://gsap.com
[2m09:33:10[22m [33m[1m[vite][22m[39m [33m[2m(client)[22m[39m [2m[console.warn] [22mGSAP target .severity-meter-fill not found. https://gsap.com
[2m09:33:10[22m [33m[1m[vite][22m[39m [33m[2m(client)[22m[39m [2m[console.warn] [22mGSAP target  not found. https://gsap.com
[2m09:33:10[22m [33m[1m[vite][22m[39m [33m[2m(client)[22m[39m [2m[console.warn] [22mGSAP target  not found. https://gsap.com
[2m09:33:10[22m [33m[1m[vite][22m[39m [33m[2m(client)[22m[39m [2m[console.warn] [22mGSAP target  not found. https://gsap.com
[2m09:33:11[22m [33m[1m[vite][22m[39m [33m[2m(client)[22m[39m [2m[console.warn] [22mGSAP target .timeline-item, .operation-row, .severity-card, .severity-legend-item not found. https://gsap.com
[2m09:33:11[22m [33m[1m[vite][22m[39m [33m[2m(client)[22m[39m [2m[console.warn] [22mGSAP target  not found. https://gsap.com
[2m09:33:11[22m [33m[1m[vite][22m[39m [33m[2m(client)[22m[39m [2m[console.warn] [22mGSAP target .severity-meter-fill not found. https://gsap.com
[2m09:33:11[22m [33m[1m[vite][22m[39m [33m[2m(client)[22m[39m [2m[console.warn] [22mGSAP target  not found. https://gsap.com
[2m09:33:11[22m [33m[1m[vite][22m[39m [33m[2m(client)[22m[39m [2m[console.warn] [22mGSAP target  not found. https://gsap.com
[2m09:33:11[22m [33m[1m[vite][22m[39m [33m[2m(client)[22m[39m [2m[console.warn] [22mGSAP target  not found. https://gsap.com
[2m09:33:11[22m [33m[1m[vite][22m[39m [33m[2m(client)[22m[39m [2m[console.warn] [22mGSAP target .timeline-item, .operation-row, .severity-card, .severity-legend-item not found. https://gsap.com
[2m09:33:11[22m [33m[1m[vite][22m[39m [33m[2m(client)[22m[39m [2m[console.warn] [22mGSAP target  not found. https://gsap.com
[2m09:33:11[22m [33m[1m[vite][22m[39m [33m[2m(client)[22m[39m [2m[console.warn] [22mGSAP target .severity-meter-fill not found. https://gsap.com
[2m09:33:11[22m [33m[1m[vite][22m[39m [33m[2m(client)[22m[39m [2m[console.warn] [22mGSAP target  not found. https://gsap.com
[2m09:33:12[22m [33m[1m[vite][22m[39m [33m[2m(client)[22m[39m [2m[console.warn] [22mGSAP target  not found. https://gsap.com
[2m09:33:12[22m [33m[1m[vite][22m[39m [33m[2m(client)[22m[39m [2m[console.warn] [22mGSAP target  not found. https://gsap.com
[2m09:33:12[22m [33m[1m[vite][22m[39m [33m[2m(client)[22m[39m [2m[console.warn] [22mGSAP target .timeline-item, .operation-row, .severity-card, .severity-legend-item not found. https://gsap.com
[2m09:33:12[22m [33m[1m[vite][22m[39m [33m[2m(client)[22m[39m [2m[console.warn] [22mGSAP target  not found. https://gsap.com
[2m09:33:12[22m [33m[1m[vite][22m[39m [33m[2m(client)[22m[39m [2m[console.warn] [22mGSAP target .severity-meter-fill not found. https://gsap.com
[2m09:33:12[22m [33m[1m[vite][22m[39m [33m[2m(client)[22m[39m [2m[console.warn] [22mGSAP target  not found. https://gsap.com
[2m09:33:12[22m [33m[1m[vite][22m[39m [33m[2m(client)[22m[39m [2m[console.warn] [22mGSAP target  not found. https://gsap.com
[2m09:33:12[22m [33m[1m[vite][22m[39m [33m[2m(client)[22m[39m [2m[console.warn] [22mGSAP target  not found. https://gsap.com
[2m09:33:12[22m [33m[1m[vite][22m[39m [33m[2m(client)[22m[39m [2m[console.warn] [22mGSAP target .timeline-item, .operation-row, .severity-card, .severity-legend-item not found. https://gsap.com
[2m09:33:12[22m [33m[1m[vite][22m[39m [33m[2m(client)[22m[39m [2m[console.warn] [22mGSAP target  not found. https://gsap.com
[2m09:33:12[22m [33m[1m[vite][22m[39m [33m[2m(client)[22m[39m [2m[console.warn] [22mGSAP target .severity-meter-fill not found. https://gsap.com
[2m09:33:12[22m [33m[1m[vite][22m[39m [33m[2m(client)[22m[39m [2m[console.warn] [22mGSAP target  not found. https://gsap.com
[2m09:33:13[22m [33m[1m[vite][22m[39m [33m[2m(client)[22m[39m [2m[console.warn] [22mGSAP target  not found. https://gsap.com
[2m09:33:13[22m [33m[1m[vite][22m[39m [33m[2m(client)[22m[39m [2m[console.warn] [22mGSAP target  not found. https://gsap.com
[2m09:33:13[22m [33m[1m[vite][22m[39m [33m[2m(client)[22m[39m [2m[console.warn] [22mGSAP target .timeline-item, .operation-row, .severity-card, .severity-legend-item not found. https://gsap.com
[2m09:33:13[22m [33m[1m[vite][22m[39m [33m[2m(client)[22m[39m [2m[console.warn] [22mGSAP target  not found. https://gsap.com
[2m09:33:13[22m [33m[1m[vite][22m[39m [33m[2m(client)[22m[39m [2m[console.warn] [22mGSAP target .severity-meter-fill not found. https://gsap.com
[2m09:33:13[22m [33m[1m[vite][22m[39m [33m[2m(client)[22m[39m [2m[console.warn] [22mGSAP target  not found. https://gsap.com
[2m09:33:13[22m [33m[1m[vite][22m[39m [33m[2m(client)[22m[39m [2m[console.warn] [22mGSAP target  not found. https://gsap.com
[2m09:33:13[22m [33m[1m[vite][22m[39m [33m[2m(client)[22m[39m [2m[console.warn] [22mGSAP target  not found. https://gsap.com
[2m09:33:13[22m [33m[1m[vite][22m[39m [33m[2m(client)[22m[39m [2m[console.warn] [22mGSAP target .timeline-item, .operation-row, .severity-card, .severity-legend-item not found. https://gsap.com
[2m09:33:13[22m [33m[1m[vite][22m[39m [33m[2m(client)[22m[39m [2m[console.warn] [22mGSAP target  not found. https://gsap.com
[2m09:33:13[22m [33m[1m[vite][22m[39m [33m[2m(client)[22m[39m [2m[console.warn] [22mGSAP target .severity-meter-fill not found. https://gsap.com
[2m09:33:13[22m [33m[1m[vite][22m[39m [33m[2m(client)[22m[39m [2m[console.warn] [22mGSAP target  not found. https://gsap.com
[2m09:33:14[22m [33m[1m[vite][22m[39m [33m[2m(client)[22m[39m [2m[console.warn] [22mGSAP target  not found. https://gsap.com
[2m09:33:14[22m [33m[1m[vite][22m[39m [33m[2m(client)[22m[39m [2m[console.warn] [22mGSAP target  not found. https://gsap.com
[2m09:33:14[22m [33m[1m[vite][22m[39m [33m[2m(client)[22m[39m [2m[console.warn] [22mGSAP target .timeline-item, .operation-row, .severity-card, .severity-legend-item not found. https://gsap.com
[2m09:33:14[22m [33m[1m[vite][22m[39m [33m[2m(client)[22m[39m [2m[console.warn] [22mGSAP target  not found. https://gsap.com
[2m09:33:14[22m [33m[1m[vite][22m[39m [33m[2m(client)[22m[39m [2m[console.warn] [22mGSAP target .severity-meter-fill not found. https://gsap.com
[2m09:33:14[22m [33m[1m[vite][22m[39m [33m[2m(client)[22m[39m [2m[console.warn] [22mGSAP target  not found. https://gsap.com
[2m09:33:14[22m [33m[1m[vite][22m[39m [33m[2m(client)[22m[39m [2m[console.warn] [22mGSAP target  not found. https://gsap.com
[2m09:33:14[22m [33m[1m[vite][22m[39m [33m[2m(client)[22m[39m [2m[console.warn] [22mGSAP target  not found. https://gsap.com
[2m09:33:14[22m [33m[1m[vite][22m[39m [33m[2m(client)[22m[39m [2m[console.warn] [22mGSAP target .timeline-item, .operation-row, .severity-card, .severity-legend-item not found. https://gsap.com
[2m09:33:14[22m [33m[1m[vite][22m[39m [33m[2m(client)[22m[39m [2m[console.warn] [22mGSAP target  not found. https://gsap.com
[2m09:33:14[22m [33m[1m[vite][22m[39m [33m[2m(client)[22m[39m [2m[console.warn] [22mGSAP target .severity-meter-fill not found. https://gsap.com
[2m09:33:14[22m [33m[1m[vite][22m[39m [33m[2m(client)[22m[39m [2m[console.warn] [22mGSAP target  not found. https://gsap.com
[2m09:33:14[22m [33m[1m[vite][22m[39m [33m[2m(client)[22m[39m [2m[console.warn] [22mGSAP target  not found. https://gsap.com
[2m09:33:14[22m [33m[1m[vite][22m[39m [33m[2m(client)[22m[39m [2m[console.warn] [22mGSAP target  not found. https://gsap.com
[2m09:33:16[22m [33m[1m[vite][22m[39m [33m[2m(client)[22m[39m [2m[console.warn] [22mGSAP target .timeline-item, .operation-row, .severity-card, .severity-legend-item not found. https://gsap.com
[2m09:33:16[22m [33m[1m[vite][22m[39m [33m[2m(client)[22m[39m [2m[console.warn] [22mGSAP target  not found. https://gsap.com
[2m09:33:16[22m [33m[1m[vite][22m[39m [33m[2m(client)[22m[39m [2m[console.warn] [22mGSAP target .severity-meter-fill not found. https://gsap.com
[2m09:33:16[22m [33m[1m[vite][22m[39m [33m[2m(client)[22m[39m [2m[console.warn] [22mGSAP target  not found. https://gsap.com
[2m09:33:16[22m [33m[1m[vite][22m[39m [33m[2m(client)[22m[39m [2m[console.warn] [22mGSAP target  not found. https://gsap.com
[2m09:33:16[22m [33m[1m[vite][22m[39m [33m[2m(client)[22m[39m [2m[console.warn] [22mGSAP target  not found. https://gsap.com
[2m09:33:16[22m [33m[1m[vite][22m[39m [33m[2m(client)[22m[39m [2m[console.warn] [22mGSAP target .timeline-item, .operation-row, .severity-card, .severity-legend-item not found. https://gsap.com
[2m09:33:16[22m [33m[1m[vite][22m[39m [33m[2m(client)[22m[39m [2m[console.warn] [22mGSAP target  not found. https://gsap.com
[2m09:33:16[22m [33m[1m[vite][22m[39m [33m[2m(client)[22m[39m [2m[console.warn] [22mGSAP target .severity-meter-fill not found. https://gsap.com
[2m09:33:16[22m [33m[1m[vite][22m[39m [33m[2m(client)[22m[39m [2m[console.warn] [22mGSAP target  not found. https://gsap.com
[2m09:33:16[22m [33m[1m[vite][22m[39m [33m[2m(client)[22m[39m [2m[console.warn] [22mGSAP target  not found. https://gsap.com
[2m09:33:16[22m [33m[1m[vite][22m[39m [33m[2m(client)[22m[39m [2m[console.warn] [22mGSAP target  not found. https://gsap.com
[2m09:33:16[22m [33m[1m[vite][22m[39m [33m[2m(client)[22m[39m [2m[console.warn] [22mGSAP target [data-gsap="reveal"] not found. https://gsap.com
[2m09:33:16[22m [33m[1m[vite][22m[39m [33m[2m(client)[22m[39m [2m[console.warn] [22mGSAP target  not found. https://gsap.com
[2m09:33:16[22m [33m[1m[vite][22m[39m [33m[2m(client)[22m[39m [2m[console.warn] [22mGSAP target .timeline-item, .operation-row, .severity-card, .severity-legend-item not found. https://gsap.com
[2m09:33:16[22m [33m[1m[vite][22m[39m [33m[2m(client)[22m[39m [2m[console.warn] [22mGSAP target  not found. https://gsap.com
[2m09:33:16[22m [33m[1m[vite][22m[39m [33m[2m(client)[22m[39m [2m[console.warn] [22mGSAP target .severity-meter-fill not found. https://gsap.com
[2m09:33:16[22m [33m[1m[vite][22m[39m [33m[2m(client)[22m[39m [2m[console.warn] [22mGSAP target  not found. https://gsap.com
[2m09:33:16[22m [33m[1m[vite][22m[39m [33m[2m(client)[22m[39m [2m[console.warn] [22mGSAP target  not found. https://gsap.com
[2m09:33:16[22m [33m[1m[vite][22m[39m [33m[2m(client)[22m[39m [2m[console.warn] [22mGSAP target  not found. https://gsap.com
[2m09:33:16[22m [33m[1m[vite][22m[39m [33m[2m(client)[22m[39m [2m[console.warn] [22mGSAP target  not found. https://gsap.com
[2m09:33:16[22m [33m[1m[vite][22m[39m [33m[2m(client)[22m[39m [2m[console.warn] [22mGSAP target [data-gsap="reveal"] not found. https://gsap.com
[2m09:33:16[22m [33m[1m[vite][22m[39m [33m[2m(client)[22m[39m [2m[console.warn] [22mGSAP target  not found. https://gsap.com
[2m09:33:16[22m [33m[1m[vite][22m[39m [33m[2m(client)[22m[39m [2m[console.warn] [22mGSAP target .timeline-item, .operation-row, .severity-card, .severity-legend-item not found. https://gsap.com
[2m09:33:16[22m [33m[1m[vite][22m[39m [33m[2m(client)[22m[39m [2m[console.warn] [22mGSAP target  not found. https://gsap.com
[2m09:33:16[22m [33m[1m[vite][22m[39m [33m[2m(client)[22m[39m [2m[console.warn] [22mGSAP target .severity-meter-fill not found. https://gsap.com
[2m09:33:16[22m [33m[1m[vite][22m[39m [33m[2m(client)[22m[39m [2m[console.warn] [22mGSAP target  not found. https://gsap.com
[2m09:33:16[22m [33m[1m[vite][22m[39m [33m[2m(client)[22m[39m [2m[console.warn] [22mGSAP target  not found. https://gsap.com
[2m09:33:17[22m [33m[1m[vite][22m[39m [33m[2m(client)[22m[39m [2m[console.warn] [22mGSAP target  not found. https://gsap.com
[2m09:33:17[22m [33m[1m[vite][22m[39m [33m[2m(client)[22m[39m [2m[console.warn] [22mGSAP target  not found. https://gsap.com
[2m09:33:17[22m [33m[1m[vite][22m[39m [33m[2m(client)[22m[39m [2m[console.warn] [22mGSAP target .timeline-item, .operation-row, .severity-card, .severity-legend-item not found. https://gsap.com
[2m09:33:17[22m [33m[1m[vite][22m[39m [33m[2m(client)[22m[39m [2m[console.warn] [22mGSAP target  not found. https://gsap.com
[2m09:33:17[22m [33m[1m[vite][22m[39m [33m[2m(client)[22m[39m [2m[console.warn] [22mGSAP target .severity-meter-fill not found. https://gsap.com
[2m09:33:17[22m [33m[1m[vite][22m[39m [33m[2m(client)[22m[39m [2m[console.warn] [22mGSAP target  not found. https://gsap.com
[2m09:33:17[22m [33m[1m[vite][22m[39m [33m[2m(client)[22m[39m [2m[console.warn] [22mGSAP target  not found. https://gsap.com
[2m09:33:17[22m [33m[1m[vite][22m[39m [33m[2m(client)[22m[39m [2m[console.warn] [22mGSAP target  not found. https://gsap.com
[2m09:33:17[22m [33m[1m[vite][22m[39m [33m[2m(client)[22m[39m [2m[console.warn] [22mGSAP target .timeline-item, .operation-row, .severity-card, .severity-legend-item not found. https://gsap.com
[2m09:33:17[22m [33m[1m[vite][22m[39m [33m[2m(client)[22m[39m [2m[console.warn] [22mGSAP target  not found. https://gsap.com
[2m09:33:17[22m [33m[1m[vite][22m[39m [33m[2m(client)[22m[39m [2m[console.warn] [22mGSAP target .severity-meter-fill not found. https://gsap.com
[2m09:33:17[22m [33m[1m[vite][22m[39m [33m[2m(client)[22m[39m [2m[console.warn] [22mGSAP target  not found. https://gsap.com
[2m09:33:17[22m [33m[1m[vite][22m[39m [33m[2m(client)[22m[39m [2m[console.warn] [22mGSAP target  not found. https://gsap.com
[2m09:33:17[22m [33m[1m[vite][22m[39m [33m[2m(client)[22m[39m [2m[console.warn] [22mGSAP target  not found. https://gsap.com
[2m09:33:20[22m [33m[1m[vite][22m[39m [33m[2m(client)[22m[39m [2m[console.warn] [22mGSAP target .timeline-item, .operation-row, .severity-card, .severity-legend-item not found. https://gsap.com
[2m09:33:20[22m [33m[1m[vite][22m[39m [33m[2m(client)[22m[39m [2m[console.warn] [22mGSAP target  not found. https://gsap.com
[2m09:33:20[22m [33m[1m[vite][22m[39m [33m[2m(client)[22m[39m [2m[console.warn] [22mGSAP target .severity-meter-fill not found. https://gsap.com
[2m09:33:20[22m [33m[1m[vite][22m[39m [33m[2m(client)[22m[39m [2m[console.warn] [22mGSAP target  not found. https://gsap.com
[2m09:33:20[22m [33m[1m[vite][22m[39m [33m[2m(client)[22m[39m [2m[console.warn] [22mGSAP target  not found. https://gsap.com
[2m09:33:20[22m [33m[1m[vite][22m[39m [33m[2m(client)[22m[39m [2m[console.warn] [22mGSAP target  not found. https://gsap.com
[2m09:33:20[22m [33m[1m[vite][22m[39m [33m[2m(client)[22m[39m [2m[console.warn] [22mGSAP target .timeline-item, .operation-row, .severity-card, .severity-legend-item not found. https://gsap.com
[2m09:33:20[22m [33m[1m[vite][22m[39m [33m[2m(client)[22m[39m [2m[console.warn] [22mGSAP target  not found. https://gsap.com
[2m09:33:20[22m [33m[1m[vite][22m[39m [33m[2m(client)[22m[39m [2m[console.warn] [22mGSAP target .severity-meter-fill not found. https://gsap.com
[2m09:33:20[22m [33m[1m[vite][22m[39m [33m[2m(client)[22m[39m [2m[console.warn] [22mGSAP target  not found. https://gsap.com
[2m09:33:20[22m [33m[1m[vite][22m[39m [33m[2m(client)[22m[39m [2m[console.warn] [22mGSAP target  not found. https://gsap.com
[2m09:33:21[22m [33m[1m[vite][22m[39m [33m[2m(client)[22m[39m [2m[console.warn] [22mGSAP target  not found. https://gsap.com
[2m09:33:21[22m [33m[1m[vite][22m[39m [33m[2m(client)[22m[39m [2m[console.warn] [22mGSAP target .timeline-item, .operation-row, .severity-card, .severity-legend-item not found. https://gsap.com
[2m09:33:21[22m [33m[1m[vite][22m[39m [33m[2m(client)[22m[39m [2m[console.warn] [22mGSAP target  not found. https://gsap.com
[2m09:33:21[22m [33m[1m[vite][22m[39m [33m[2m(client)[22m[39m [2m[console.warn] [22mGSAP target .severity-meter-fill not found. https://gsap.com
[2m09:33:21[22m [33m[1m[vite][22m[39m [33m[2m(client)[22m[39m [2m[console.warn] [22mGSAP target  not found. https://gsap.com
[2m09:33:21[22m [33m[1m[vite][22m[39m [33m[2m(client)[22m[39m [2m[console.warn] [22mGSAP target  not found. https://gsap.com
[2m09:33:21[22m [33m[1m[vite][22m[39m [33m[2m(client)[22m[39m [2m[console.warn] [22mGSAP target  not found. https://gsap.com
[2m09:33:21[22m [33m[1m[vite][22m[39m [33m[2m(client)[22m[39m [2m[console.warn] [22mGSAP target .timeline-item, .operation-row, .severity-card, .severity-legend-item not found. https://gsap.com
[2m09:33:21[22m [33m[1m[vite][22m[39m [33m[2m(client)[22m[39m [2m[console.warn] [22mGSAP target  not found. https://gsap.com
[2m09:33:21[22m [33m[1m[vite][22m[39m [33m[2m(client)[22m[39m [2m[console.warn] [22mGSAP target .severity-meter-fill not found. https://gsap.com
[2m09:33:21[22m [33m[1m[vite][22m[39m [33m[2m(client)[22m[39m [2m[console.warn] [22mGSAP target  not found. https://gsap.com
[2m09:33:21[22m [33m[1m[vite][22m[39m [33m[2m(client)[22m[39m [2m[console.warn] [22mGSAP target  not found. https://gsap.com
[2m09:33:21[22m [33m[1m[vite][22m[39m [33m[2m(client)[22m[39m [2m[console.warn] [22mGSAP target  not found. https://gsap.com
[2m09:33:29[22m [33m[1m[vite][22m[39m [33m[2m(client)[22m[39m [2m[console.warn] [22mThe width(-1) and height(-1) of chart should be greater than 0,
       please check the style of container, or the props width(100%) and height(100%),
       or add a minWidth(0) or minHeight(undefined) or use aspect(undefined) to control the
       height and width.
[2m09:33:29[22m [33m[1m[vite][22m[39m [33m[2m(client)[22m[39m [2m[console.warn] [22mThe width(-1) and height(-1) of chart should be greater than 0,
       please check the style of container, or the props width(100%) and height(100%),
       or add a minWidth(0) or minHeight(undefined) or use aspect(undefined) to control the
       height and width.
[2m09:33:29[22m [33m[1m[vite][22m[39m [33m[2m(client)[22m[39m [2m[console.warn] [22mThe width(-1) and height(-1) of chart should be greater than 0,
       please check the style of container, or the props width(100%) and height(100%),
       or add a minWidth(0) or minHeight(undefined) or use aspect(undefined) to control the
       height and width.
[2m09:33:29[22m [33m[1m[vite][22m[39m [33m[2m(client)[22m[39m [2m[console.warn] [22mThe width(-1) and height(-1) of chart should be greater than 0,
       please check the style of container, or the props width(100%) and height(100%),
       or add a minWidth(0) or minHeight(undefined) or use aspect(undefined) to control the
       height and width.
[2m09:33:29[22m [33m[1m[vite][22m[39m [33m[2m(client)[22m[39m [2m[console.warn] [22mGSAP target .severity-meter-fill not found. https://gsap.com
[2m09:33:29[22m [33m[1m[vite][22m[39m [33m[2m(client)[22m[39m [2m[console.warn] [22mGSAP target  not found. https://gsap.com
[2m09:33:29[22m [33m[1m[vite][22m[39m [33m[2m(client)[22m[39m [2m[console.warn] [22mGSAP target  not found. https://gsap.com
[2m09:33:29[22m [33m[1m[vite][22m[39m [33m[2m(client)[22m[39m [2m[console.warn] [22mGSAP target .severity-meter-fill not found. https://gsap.com
[2m09:33:29[22m [33m[1m[vite][22m[39m [33m[2m(client)[22m[39m [2m[console.warn] [22mGSAP target  not found. https://gsap.com
[2m09:33:29[22m [33m[1m[vite][22m[39m [33m[2m(client)[22m[39m [2m[console.warn] [22mGSAP target  not found. https://gsap.com
[2m09:33:33[22m [33m[1m[vite][22m[39m [33m[2m(client)[22m[39m [2m[console.warn] [22mGSAP target .timeline-item, .operation-row, .severity-card, .severity-legend-item not found. https://gsap.com
[2m09:33:33[22m [33m[1m[vite][22m[39m [33m[2m(client)[22m[39m [2m[console.warn] [22mGSAP target  not found. https://gsap.com
[2m09:33:33[22m [33m[1m[vite][22m[39m [33m[2m(client)[22m[39m [2m[console.warn] [22mGSAP target .severity-meter-fill not found. https://gsap.com
[2m09:33:33[22m [33m[1m[vite][22m[39m [33m[2m(client)[22m[39m [2m[console.warn] [22mGSAP target  not found. https://gsap.com
[2m09:33:33[22m [33m[1m[vite][22m[39m [33m[2m(client)[22m[39m [2m[console.warn] [22mGSAP target  not found. https://gsap.com
[2m09:33:33[22m [33m[1m[vite][22m[39m [33m[2m(client)[22m[39m [2m[console.warn] [22mGSAP target  not found. https://gsap.com
[2m09:33:33[22m [33m[1m[vite][22m[39m [33m[2m(client)[22m[39m [2m[console.warn] [22mGSAP target .timeline-item, .operation-row, .severity-card, .severity-legend-item not found. https://gsap.com
[2m09:33:33[22m [33m[1m[vite][22m[39m [33m[2m(client)[22m[39m [2m[console.warn] [22mGSAP target  not found. https://gsap.com
[2m09:33:33[22m [33m[1m[vite][22m[39m [33m[2m(client)[22m[39m [2m[console.warn] [22mGSAP target .severity-meter-fill not found. https://gsap.com
[2m09:33:33[22m [33m[1m[vite][22m[39m [33m[2m(client)[22m[39m [2m[console.warn] [22mGSAP target  not found. https://gsap.com
[2m09:33:33[22m [33m[1m[vite][22m[39m [33m[2m(client)[22m[39m [2m[console.warn] [22mGSAP target  not found. https://gsap.com
[2m09:33:33[22m [33m[1m[vite][22m[39m [33m[2m(client)[22m[39m [2m[console.warn] [22mGSAP target  not found. https://gsap.com
[2m09:33:33[22m [33m[1m[vite][22m[39m [33m[2m(client)[22m[39m [2m[console.warn] [22mGSAP target  not found. https://gsap.com
[2m09:33:33[22m [33m[1m[vite][22m[39m [33m[2m(client)[22m[39m [2m[console.warn] [22mGSAP target  not found. https://gsap.com
[2m09:40:35[22m [33m[1m[vite][22m[39m [33m[2m(client)[22m[39m [2m[console.warn] [22mThe width(-1) and height(-1) of chart should be greater than 0,
       please check the style of container, or the props width(100%) and height(100%),
       or add a minWidth(0) or minHeight(undefined) or use aspect(undefined) to control the
       height and width.
[2m09:40:35[22m [33m[1m[vite][22m[39m [33m[2m(client)[22m[39m [2m[console.warn] [22mThe width(-1) and height(-1) of chart should be greater than 0,
       please check the style of container, or the props width(100%) and height(100%),
       or add a minWidth(0) or minHeight(undefined) or use aspect(undefined) to control the
       height and width.
[2m09:40:35[22m [33m[1m[vite][22m[39m [33m[2m(client)[22m[39m [2m[console.warn] [22mThe width(-1) and height(-1) of chart should be greater than 0,
       please check the style of container, or the props width(100%) and height(100%),
       or add a minWidth(0) or minHeight(undefined) or use aspect(undefined) to control the
       height and width.
[2m09:40:35[22m [33m[1m[vite][22m[39m [33m[2m(client)[22m[39m [2m[console.warn] [22mThe width(-1) and height(-1) of chart should be greater than 0,
       please check the style of container, or the props width(100%) and height(100%),
       or add a minWidth(0) or minHeight(undefined) or use aspect(undefined) to control the
       height and width.
[2m09:40:35[22m [33m[1m[vite][22m[39m [33m[2m(client)[22m[39m [2m[console.warn] [22mGSAP target .severity-meter-fill not found. https://gsap.com
[2m09:40:35[22m [33m[1m[vite][22m[39m [33m[2m(client)[22m[39m [2m[console.warn] [22mGSAP target  not found. https://gsap.com
[2m09:40:35[22m [33m[1m[vite][22m[39m [33m[2m(client)[22m[39m [2m[console.warn] [22mGSAP target  not found. https://gsap.com
[2m09:40:35[22m [33m[1m[vite][22m[39m [33m[2m(client)[22m[39m [2m[console.warn] [22mGSAP target .severity-meter-fill not found. https://gsap.com
[2m09:40:35[22m [33m[1m[vite][22m[39m [33m[2m(client)[22m[39m [2m[console.warn] [22mGSAP target  not found. https://gsap.com
[2m09:40:35[22m [33m[1m[vite][22m[39m [33m[2m(client)[22m[39m [2m[console.warn] [22mGSAP target  not found. https://gsap.com
[2m09:43:14[22m [33m[1m[vite][22m[39m [33m[2m(client)[22m[39m [2m[console.warn] [22mThe width(-1) and height(-1) of chart should be greater than 0,
       please check the style of container, or the props width(100%) and height(100%),
       or add a minWidth(0) or minHeight(undefined) or use aspect(undefined) to control the
       height and width.
[2m09:43:14[22m [33m[1m[vite][22m[39m [33m[2m(client)[22m[39m [2m[console.warn] [22mThe width(-1) and height(-1) of chart should be greater than 0,
       please check the style of container, or the props width(100%) and height(100%),
       or add a minWidth(0) or minHeight(undefined) or use aspect(undefined) to control the
       height and width.
[2m09:43:14[22m [33m[1m[vite][22m[39m [33m[2m(client)[22m[39m [2m[console.warn] [22mThe width(-1) and height(-1) of chart should be greater than 0,
       please check the style of container, or the props width(100%) and height(100%),
       or add a minWidth(0) or minHeight(undefined) or use aspect(undefined) to control the
       height and width.
[2m09:43:14[22m [33m[1m[vite][22m[39m [33m[2m(client)[22m[39m [2m[console.warn] [22mThe width(-1) and height(-1) of chart should be greater than 0,
       please check the style of container, or the props width(100%) and height(100%),
       or add a minWidth(0) or minHeight(undefined) or use aspect(undefined) to control the
       height and width.
[2m09:43:14[22m [33m[1m[vite][22m[39m [33m[2m(client)[22m[39m [2m[console.warn] [22mGSAP target .severity-meter-fill not found. https://gsap.com
[2m09:43:14[22m [33m[1m[vite][22m[39m [33m[2m(client)[22m[39m [2m[console.warn] [22mGSAP target  not found. https://gsap.com
[2m09:43:14[22m [33m[1m[vite][22m[39m [33m[2m(client)[22m[39m [2m[console.warn] [22mGSAP target  not found. https://gsap.com
[2m09:43:14[22m [33m[1m[vite][22m[39m [33m[2m(client)[22m[39m [2m[console.warn] [22mGSAP target .severity-meter-fill not found. https://gsap.com
[2m09:43:14[22m [33m[1m[vite][22m[39m [33m[2m(client)[22m[39m [2m[console.warn] [22mGSAP target  not found. https://gsap.com
[2m10:32:11[22m [33m[1m[vite][22m[39m [33m[2m(client)[22m[39m [2m[console.warn] [22mGSAP target  not found. https://gsap.com
[2m11:48:59[22m [33m[1m[vite][22m[39m [33m[2m(client)[22m[39m [2m[console.warn] [22mThe width(-1) and height(-1) of chart should be greater than 0,
       please check the style of container, or the props width(100%) and height(100%),
       or add a minWidth(0) or minHeight(undefined) or use aspect(undefined) to control the
       height and width.
[2m11:48:59[22m [33m[1m[vite][22m[39m [33m[2m(client)[22m[39m [2m[console.warn] [22mThe width(-1) and height(-1) of chart should be greater than 0,
       please check the style of container, or the props width(100%) and height(100%),
       or add a minWidth(0) or minHeight(undefined) or use aspect(undefined) to control the
       height and width.
[2m11:48:59[22m [33m[1m[vite][22m[39m [33m[2m(client)[22m[39m [2m[console.warn] [22mThe width(-1) and height(-1) of chart should be greater than 0,
       please check the style of container, or the props width(100%) and height(100%),
       or add a minWidth(0) or minHeight(undefined) or use aspect(undefined) to control the
       height and width.
[2m11:48:59[22m [33m[1m[vite][22m[39m [33m[2m(client)[22m[39m [2m[console.warn] [22mThe width(-1) and height(-1) of chart should be greater than 0,
       please check the style of container, or the props width(100%) and height(100%),
       or add a minWidth(0) or minHeight(undefined) or use aspect(undefined) to control the
       height and width.
[2m11:48:59[22m [33m[1m[vite][22m[39m [33m[2m(client)[22m[39m [2m[console.warn] [22mGSAP target .severity-meter-fill not found. https://gsap.com
[2m11:48:59[22m [33m[1m[vite][22m[39m [33m[2m(client)[22m[39m [2m[console.warn] [22mGSAP target  not found. https://gsap.com
[2m11:48:59[22m [33m[1m[vite][22m[39m [33m[2m(client)[22m[39m [2m[console.warn] [22mGSAP target  not found. https://gsap.com
[2m11:48:59[22m [33m[1m[vite][22m[39m [33m[2m(client)[22m[39m [2m[console.warn] [22mGSAP target .severity-meter-fill not found. https://gsap.com
[2m11:48:59[22m [33m[1m[vite][22m[39m [33m[2m(client)[22m[39m [2m[console.warn] [22mGSAP target  not found. https://gsap.com
[2m12:51:12[22m [33m[1m[vite][22m[39m [33m[2m(client)[22m[39m [2m[console.warn] [22mThe width(-1) and height(-1) of chart should be greater than 0,
       please check the style of container, or the props width(100%) and height(100%),
       or add a minWidth(0) or minHeight(undefined) or use aspect(undefined) to control the
       height and width.
[2m12:51:12[22m [33m[1m[vite][22m[39m [33m[2m(client)[22m[39m [2m[console.warn] [22mThe width(-1) and height(-1) of chart should be greater than 0,
       please check the style of container, or the props width(100%) and height(100%),
       or add a minWidth(0) or minHeight(undefined) or use aspect(undefined) to control the
       height and width.
[2m12:51:12[22m [33m[1m[vite][22m[39m [33m[2m(client)[22m[39m [2m[console.warn] [22mThe width(-1) and height(-1) of chart should be greater than 0,
       please check the style of container, or the props width(100%) and height(100%),
       or add a minWidth(0) or minHeight(undefined) or use aspect(undefined) to control the
       height and width.
[2m12:51:12[22m [33m[1m[vite][22m[39m [33m[2m(client)[22m[39m [2m[console.warn] [22mThe width(-1) and height(-1) of chart should be greater than 0,
       please check the style of container, or the props width(100%) and height(100%),
       or add a minWidth(0) or minHeight(undefined) or use aspect(undefined) to control the
       height and width.
[2m12:51:12[22m [33m[1m[vite][22m[39m [33m[2m(client)[22m[39m [2m[console.warn] [22mGSAP target .severity-meter-fill not found. https://gsap.com
[2m12:51:12[22m [33m[1m[vite][22m[39m [33m[2m(client)[22m[39m [2m[console.warn] [22mGSAP target  not found. https://gsap.com
[2m12:51:12[22m [33m[1m[vite][22m[39m [33m[2m(client)[22m[39m [2m[console.warn] [22mGSAP target  not found. https://gsap.com
[2m12:51:12[22m [33m[1m[vite][22m[39m [33m[2m(client)[22m[39m [2m[console.warn] [22mGSAP target .severity-meter-fill not found. https://gsap.com
[2m12:51:12[22m [33m[1m[vite][22m[39m [33m[2m(client)[22m[39m [2m[console.warn] [22mGSAP target  not found. https://gsap.com
[2m13:24:39[22m [33m[1m[vite][22m[39m [33m[2m(client)[22m[39m [2m[console.warn] [22mGSAP target  not found. https://gsap.com
[2m13:26:38[22m [33m[1m[vite][22m[39m [33m[2m(client)[22m[39m [2m[console.warn] [22mThe width(-1) and height(-1) of chart should be greater than 0,
       please check the style of container, or the props width(100%) and height(100%),
       or add a minWidth(0) or minHeight(undefined) or use aspect(undefined) to control the
       height and width.
[2m13:26:38[22m [33m[1m[vite][22m[39m [33m[2m(client)[22m[39m [2m[console.warn] [22mThe width(-1) and height(-1) of chart should be greater than 0,
       please check the style of container, or the props width(100%) and height(100%),
       or add a minWidth(0) or minHeight(undefined) or use aspect(undefined) to control the
       height and width.
[2m13:26:39[22m [33m[1m[vite][22m[39m [33m[2m(client)[22m[39m [2m[console.warn] [22mThe width(-1) and height(-1) of chart should be greater than 0,
       please check the style of container, or the props width(100%) and height(100%),
       or add a minWidth(0) or minHeight(undefined) or use aspect(undefined) to control the
       height and width.
[2m13:26:39[22m [33m[1m[vite][22m[39m [33m[2m(client)[22m[39m [2m[console.warn] [22mThe width(-1) and height(-1) of chart should be greater than 0,
       please check the style of container, or the props width(100%) and height(100%),
       or add a minWidth(0) or minHeight(undefined) or use aspect(undefined) to control the
       height and width.
[2m13:26:39[22m [33m[1m[vite][22m[39m [33m[2m(client)[22m[39m [2m[console.warn] [22mGSAP target .severity-meter-fill not found. https://gsap.com
[2m13:26:39[22m [33m[1m[vite][22m[39m [33m[2m(client)[22m[39m [2m[console.warn] [22mGSAP target  not found. https://gsap.com
[2m13:26:39[22m [33m[1m[vite][22m[39m [33m[2m(client)[22m[39m [2m[console.warn] [22mGSAP target  not found. https://gsap.com
[2m13:26:39[22m [33m[1m[vite][22m[39m [33m[2m(client)[22m[39m [2m[console.warn] [22mGSAP target .severity-meter-fill not found. https://gsap.com
[2m13:26:39[22m [33m[1m[vite][22m[39m [33m[2m(client)[22m[39m [2m[console.warn] [22mGSAP target  not found. https://gsap.com
[2m13:26:39[22m [33m[1m[vite][22m[39m [33m[2m(client)[22m[39m [2m[console.warn] [22mGSAP target  not found. https://gsap.com
[2m13:26:51[22m [33m[1m[vite][22m[39m [33m[2m(client)[22m[39m [2m[console.warn] [22mGSAP target .timeline-item, .operation-row, .severity-card, .severity-legend-item not found. https://gsap.com
[2m13:26:51[22m [33m[1m[vite][22m[39m [33m[2m(client)[22m[39m [2m[console.warn] [22mGSAP target  not found. https://gsap.com
[2m13:26:51[22m [33m[1m[vite][22m[39m [33m[2m(client)[22m[39m [2m[console.warn] [22mGSAP target .severity-meter-fill not found. https://gsap.com
[2m13:26:51[22m [33m[1m[vite][22m[39m [33m[2m(client)[22m[39m [2m[console.warn] [22mGSAP target  not found. https://gsap.com
[2m13:26:51[22m [33m[1m[vite][22m[39m [33m[2m(client)[22m[39m [2m[console.warn] [22mGSAP target  not found. https://gsap.com
[2m13:26:51[22m [33m[1m[vite][22m[39m [33m[2m(client)[22m[39m [2m[console.warn] [22mGSAP target  not found. https://gsap.com
[2m13:26:51[22m [33m[1m[vite][22m[39m [33m[2m(client)[22m[39m [2m[console.warn] [22mGSAP target .timeline-item, .operation-row, .severity-card, .severity-legend-item not found. https://gsap.com
[2m13:26:51[22m [33m[1m[vite][22m[39m [33m[2m(client)[22m[39m [2m[console.warn] [22mGSAP target  not found. https://gsap.com
[2m13:26:51[22m [33m[1m[vite][22m[39m [33m[2m(client)[22m[39m [2m[console.warn] [22mGSAP target .severity-meter-fill not found. https://gsap.com
[2m13:26:51[22m [33m[1m[vite][22m[39m [33m[2m(client)[22m[39m [2m[console.warn] [22mGSAP target  not found. https://gsap.com
[2m13:26:51[22m [33m[1m[vite][22m[39m [33m[2m(client)[22m[39m [2m[console.warn] [22mGSAP target  not found. https://gsap.com
[2m13:26:51[22m [33m[1m[vite][22m[39m [33m[2m(client)[22m[39m [2m[console.warn] [22mGSAP target  not found. https://gsap.com
[2m13:30:34[22m [33m[1m[vite][22m[39m [33m[2m(client)[22m[39m [2m[console.warn] [22mThe width(-1) and height(-1) of chart should be greater than 0,
       please check the style of container, or the props width(100%) and height(100%),
       or add a minWidth(0) or minHeight(undefined) or use aspect(undefined) to control the
       height and width.
[2m13:30:34[22m [33m[1m[vite][22m[39m [33m[2m(client)[22m[39m [2m[console.warn] [22mThe width(-1) and height(-1) of chart should be greater than 0,
       please check the style of container, or the props width(100%) and height(100%),
       or add a minWidth(0) or minHeight(undefined) or use aspect(undefined) to control the
       height and width.
[2m13:30:34[22m [33m[1m[vite][22m[39m [33m[2m(client)[22m[39m [2m[console.warn] [22mThe width(-1) and height(-1) of chart should be greater than 0,
       please check the style of container, or the props width(100%) and height(100%),
       or add a minWidth(0) or minHeight(undefined) or use aspect(undefined) to control the
       height and width.
[2m13:30:34[22m [33m[1m[vite][22m[39m [33m[2m(client)[22m[39m [2m[console.warn] [22mThe width(-1) and height(-1) of chart should be greater than 0,
       please check the style of container, or the props width(100%) and height(100%),
       or add a minWidth(0) or minHeight(undefined) or use aspect(undefined) to control the
       height and width.
[2m13:30:34[22m [33m[1m[vite][22m[39m [33m[2m(client)[22m[39m [2m[console.warn] [22mGSAP target .severity-meter-fill not found. https://gsap.com
[2m13:30:34[22m [33m[1m[vite][22m[39m [33m[2m(client)[22m[39m [2m[console.warn] [22mGSAP target  not found. https://gsap.com
[2m13:30:34[22m [33m[1m[vite][22m[39m [33m[2m(client)[22m[39m [2m[console.warn] [22mGSAP target  not found. https://gsap.com
[2m13:30:34[22m [33m[1m[vite][22m[39m [33m[2m(client)[22m[39m [2m[console.warn] [22mGSAP target .severity-meter-fill not found. https://gsap.com
[2m13:30:34[22m [33m[1m[vite][22m[39m [33m[2m(client)[22m[39m [2m[console.warn] [22mGSAP target  not found. https://gsap.com
[2m13:30:35[22m [33m[1m[vite][22m[39m [33m[2m(client)[22m[39m [2m[console.warn] [22mGSAP target  not found. https://gsap.com
[2m13:30:37[22m [33m[1m[vite][22m[39m [33m[2m(client)[22m[39m [2m[console.warn] [22mGSAP target .timeline-item, .operation-row, .severity-card, .severity-legend-item not found. https://gsap.com
[2m13:30:37[22m [33m[1m[vite][22m[39m [33m[2m(client)[22m[39m [2m[console.warn] [22mGSAP target  not found. https://gsap.com
[2m13:30:37[22m [33m[1m[vite][22m[39m [33m[2m(client)[22m[39m [2m[console.warn] [22mGSAP target .severity-meter-fill not found. https://gsap.com
[2m13:30:37[22m [33m[1m[vite][22m[39m [33m[2m(client)[22m[39m [2m[console.warn] [22mGSAP target  not found. https://gsap.com
[2m13:30:37[22m [33m[1m[vite][22m[39m [33m[2m(client)[22m[39m [2m[console.warn] [22mGSAP target  not found. https://gsap.com
[2m13:30:37[22m [33m[1m[vite][22m[39m [33m[2m(client)[22m[39m [2m[console.warn] [22mGSAP target  not found. https://gsap.com
[2m13:30:37[22m [33m[1m[vite][22m[39m [33m[2m(client)[22m[39m [2m[console.warn] [22mGSAP target .timeline-item, .operation-row, .severity-card, .severity-legend-item not found. https://gsap.com
[2m13:30:37[22m [33m[1m[vite][22m[39m [33m[2m(client)[22m[39m [2m[console.warn] [22mGSAP target  not found. https://gsap.com
[2m13:30:37[22m [33m[1m[vite][22m[39m [33m[2m(client)[22m[39m [2m[console.warn] [22mGSAP target .severity-meter-fill not found. https://gsap.com
[2m13:30:37[22m [33m[1m[vite][22m[39m [33m[2m(client)[22m[39m [2m[console.warn] [22mGSAP target  not found. https://gsap.com
[2m13:30:37[22m [33m[1m[vite][22m[39m [33m[2m(client)[22m[39m [2m[console.warn] [22mGSAP target  not found. https://gsap.com
[2m13:30:37[22m [33m[1m[vite][22m[39m [33m[2m(client)[22m[39m [2m[console.warn] [22mGSAP target  not found. https://gsap.com
[2m13:31:03[22m [33m[1m[vite][22m[39m [33m[2m(client)[22m[39m [2m[console.warn] [22mThe width(-1) and height(-1) of chart should be greater than 0,
       please check the style of container, or the props width(100%) and height(100%),
       or add a minWidth(0) or minHeight(undefined) or use aspect(undefined) to control the
       height and width.
[2m13:31:03[22m [33m[1m[vite][22m[39m [33m[2m(client)[22m[39m [2m[console.warn] [22mThe width(-1) and height(-1) of chart should be greater than 0,
       please check the style of container, or the props width(100%) and height(100%),
       or add a minWidth(0) or minHeight(undefined) or use aspect(undefined) to control the
       height and width.
[2m13:31:03[22m [33m[1m[vite][22m[39m [33m[2m(client)[22m[39m [2m[console.warn] [22mThe width(-1) and height(-1) of chart should be greater than 0,
       please check the style of container, or the props width(100%) and height(100%),
       or add a minWidth(0) or minHeight(undefined) or use aspect(undefined) to control the
       height and width.
[2m13:31:03[22m [33m[1m[vite][22m[39m [33m[2m(client)[22m[39m [2m[console.warn] [22mThe width(-1) and height(-1) of chart should be greater than 0,
       please check the style of container, or the props width(100%) and height(100%),
       or add a minWidth(0) or minHeight(undefined) or use aspect(undefined) to control the
       height and width.
[2m13:31:03[22m [33m[1m[vite][22m[39m [33m[2m(client)[22m[39m [2m[console.warn] [22mGSAP target .severity-meter-fill not found. https://gsap.com
[2m13:31:03[22m [33m[1m[vite][22m[39m [33m[2m(client)[22m[39m [2m[console.warn] [22mGSAP target  not found. https://gsap.com
[2m13:31:03[22m [33m[1m[vite][22m[39m [33m[2m(client)[22m[39m [2m[console.warn] [22mGSAP target  not found. https://gsap.com
[2m13:31:03[22m [33m[1m[vite][22m[39m [33m[2m(client)[22m[39m [2m[console.warn] [22mGSAP target .severity-meter-fill not found. https://gsap.com
[2m13:31:03[22m [33m[1m[vite][22m[39m [33m[2m(client)[22m[39m [2m[console.warn] [22mGSAP target  not found. https://gsap.com
[2m13:31:06[22m [33m[1m[vite][22m[39m [33m[2m(client)[22m[39m [2m[console.warn] [22mThe width(-1) and height(-1) of chart should be greater than 0,
       please check the style of container, or the props width(100%) and height(100%),
       or add a minWidth(0) or minHeight(undefined) or use aspect(undefined) to control the
       height and width.
[2m13:31:06[22m [33m[1m[vite][22m[39m [33m[2m(client)[22m[39m [2m[console.warn] [22mThe width(-1) and height(-1) of chart should be greater than 0,
       please check the style of container, or the props width(100%) and height(100%),
       or add a minWidth(0) or minHeight(undefined) or use aspect(undefined) to control the
       height and width.
[2m13:31:06[22m [33m[1m[vite][22m[39m [33m[2m(client)[22m[39m [2m[console.warn] [22mThe width(-1) and height(-1) of chart should be greater than 0,
       please check the style of container, or the props width(100%) and height(100%),
       or add a minWidth(0) or minHeight(undefined) or use aspect(undefined) to control the
       height and width.
[2m13:31:06[22m [33m[1m[vite][22m[39m [33m[2m(client)[22m[39m [2m[console.warn] [22mThe width(-1) and height(-1) of chart should be greater than 0,
       please check the style of container, or the props width(100%) and height(100%),
       or add a minWidth(0) or minHeight(undefined) or use aspect(undefined) to control the
       height and width.
[2m13:31:06[22m [33m[1m[vite][22m[39m [33m[2m(client)[22m[39m [2m[console.warn] [22mGSAP target .severity-meter-fill not found. https://gsap.com
[2m13:31:06[22m [33m[1m[vite][22m[39m [33m[2m(client)[22m[39m [2m[console.warn] [22mGSAP target  not found. https://gsap.com
[2m13:31:06[22m [33m[1m[vite][22m[39m [33m[2m(client)[22m[39m [2m[console.warn] [22mGSAP target  not found. https://gsap.com
[2m13:31:06[22m [33m[1m[vite][22m[39m [33m[2m(client)[22m[39m [2m[console.warn] [22mGSAP target .severity-meter-fill not found. https://gsap.com
[2m13:31:06[22m [33m[1m[vite][22m[39m [33m[2m(client)[22m[39m [2m[console.warn] [22mGSAP target  not found. https://gsap.com
[2m13:31:06[22m [33m[1m[vite][22m[39m [33m[2m(client)[22m[39m [2m[console.warn] [22mGSAP target  not found. https://gsap.com
[2m13:32:02[22m [33m[1m[vite][22m[39m [33m[2m(client)[22m[39m [2m[console.warn] [22mGSAP target .timeline-item, .operation-row, .severity-card, .severity-legend-item not found. https://gsap.com
[2m13:32:02[22m [33m[1m[vite][22m[39m [33m[2m(client)[22m[39m [2m[console.warn] [22mGSAP target  not found. https://gsap.com
[2m13:32:02[22m [33m[1m[vite][22m[39m [33m[2m(client)[22m[39m [2m[console.warn] [22mGSAP target .severity-meter-fill not found. https://gsap.com
[2m13:32:02[22m [33m[1m[vite][22m[39m [33m[2m(client)[22m[39m [2m[console.warn] [22mGSAP target  not found. https://gsap.com
[2m13:32:02[22m [33m[1m[vite][22m[39m [33m[2m(client)[22m[39m [2m[console.warn] [22mGSAP target  not found. https://gsap.com
[2m13:32:02[22m [33m[1m[vite][22m[39m [33m[2m(client)[22m[39m [2m[console.warn] [22mGSAP target  not found. https://gsap.com
[2m13:32:02[22m [33m[1m[vite][22m[39m [33m[2m(client)[22m[39m [2m[console.warn] [22mGSAP target .timeline-item, .operation-row, .severity-card, .severity-legend-item not found. https://gsap.com
[2m13:32:02[22m [33m[1m[vite][22m[39m [33m[2m(client)[22m[39m [2m[console.warn] [22mGSAP target  not found. https://gsap.com
[2m13:32:02[22m [33m[1m[vite][22m[39m [33m[2m(client)[22m[39m [2m[console.warn] [22mGSAP target .severity-meter-fill not found. https://gsap.com
[2m13:32:02[22m [33m[1m[vite][22m[39m [33m[2m(client)[22m[39m [2m[console.warn] [22mGSAP target  not found. https://gsap.com
[2m13:32:02[22m [33m[1m[vite][22m[39m [33m[2m(client)[22m[39m [2m[console.warn] [22mGSAP target  not found. https://gsap.com
[2m13:32:02[22m [33m[1m[vite][22m[39m [33m[2m(client)[22m[39m [2m[console.warn] [22mGSAP target  not found. https://gsap.com
[2m13:32:03[22m [33m[1m[vite][22m[39m [33m[2m(client)[22m[39m [2m[console.warn] [22mGSAP target  not found. https://gsap.com
[2m13:39:17[22m [33m[1m[vite][22m[39m [33m[2m(client)[22m[39m [2m[console.warn] [22mThe width(-1) and height(-1) of chart should be greater than 0,
       please check the style of container, or the props width(100%) and height(100%),
       or add a minWidth(0) or minHeight(undefined) or use aspect(undefined) to control the
       height and width.
[2m13:39:17[22m [33m[1m[vite][22m[39m [33m[2m(client)[22m[39m [2m[console.warn] [22mThe width(-1) and height(-1) of chart should be greater than 0,
       please check the style of container, or the props width(100%) and height(100%),
       or add a minWidth(0) or minHeight(undefined) or use aspect(undefined) to control the
       height and width.
[2m13:39:17[22m [33m[1m[vite][22m[39m [33m[2m(client)[22m[39m [2m[console.warn] [22mThe width(-1) and height(-1) of chart should be greater than 0,
       please check the style of container, or the props width(100%) and height(100%),
       or add a minWidth(0) or minHeight(undefined) or use aspect(undefined) to control the
       height and width.
[2m13:39:17[22m [33m[1m[vite][22m[39m [33m[2m(client)[22m[39m [2m[console.warn] [22mThe width(-1) and height(-1) of chart should be greater than 0,
       please check the style of container, or the props width(100%) and height(100%),
       or add a minWidth(0) or minHeight(undefined) or use aspect(undefined) to control the
       height and width.
[2m13:39:17[22m [33m[1m[vite][22m[39m [33m[2m(client)[22m[39m [2m[console.warn] [22mGSAP target .severity-meter-fill not found. https://gsap.com
[2m13:39:17[22m [33m[1m[vite][22m[39m [33m[2m(client)[22m[39m [2m[console.warn] [22mGSAP target  not found. https://gsap.com
[2m13:39:17[22m [33m[1m[vite][22m[39m [33m[2m(client)[22m[39m [2m[console.warn] [22mGSAP target  not found. https://gsap.com
[2m13:39:17[22m [33m[1m[vite][22m[39m [33m[2m(client)[22m[39m [2m[console.warn] [22mGSAP target .severity-meter-fill not found. https://gsap.com
[2m13:39:17[22m [33m[1m[vite][22m[39m [33m[2m(client)[22m[39m [2m[console.warn] [22mGSAP target  not found. https://gsap.com
[2m13:40:52[22m [33m[1m[vite][22m[39m [33m[2m(client)[22m[39m [2m[console.warn] [22mThe width(-1) and height(-1) of chart should be greater than 0,
       please check the style of container, or the props width(100%) and height(100%),
       or add a minWidth(0) or minHeight(undefined) or use aspect(undefined) to control the
       height and width.
[2m13:40:52[22m [33m[1m[vite][22m[39m [33m[2m(client)[22m[39m [2m[console.warn] [22mThe width(-1) and height(-1) of chart should be greater than 0,
       please check the style of container, or the props width(100%) and height(100%),
       or add a minWidth(0) or minHeight(undefined) or use aspect(undefined) to control the
       height and width.
[2m13:40:52[22m [33m[1m[vite][22m[39m [33m[2m(client)[22m[39m [2m[console.warn] [22mThe width(-1) and height(-1) of chart should be greater than 0,
       please check the style of container, or the props width(100%) and height(100%),
       or add a minWidth(0) or minHeight(undefined) or use aspect(undefined) to control the
       height and width.
[2m13:40:52[22m [33m[1m[vite][22m[39m [33m[2m(client)[22m[39m [2m[console.warn] [22mThe width(-1) and height(-1) of chart should be greater than 0,
       please check the style of container, or the props width(100%) and height(100%),
       or add a minWidth(0) or minHeight(undefined) or use aspect(undefined) to control the
       height and width.
[2m13:40:52[22m [33m[1m[vite][22m[39m [33m[2m(client)[22m[39m [2m[console.warn] [22mGSAP target .severity-meter-fill not found. https://gsap.com
[2m13:40:52[22m [33m[1m[vite][22m[39m [33m[2m(client)[22m[39m [2m[console.warn] [22mGSAP target  not found. https://gsap.com
[2m13:40:52[22m [33m[1m[vite][22m[39m [33m[2m(client)[22m[39m [2m[console.warn] [22mGSAP target  not found. https://gsap.com
[2m13:40:52[22m [33m[1m[vite][22m[39m [33m[2m(client)[22m[39m [2m[console.warn] [22mGSAP target .severity-meter-fill not found. https://gsap.com
[2m13:40:52[22m [33m[1m[vite][22m[39m [33m[2m(client)[22m[39m [2m[console.warn] [22mGSAP target  not found. https://gsap.com
[2m13:40:52[22m [33m[1m[vite][22m[39m [33m[2m(client)[22m[39m [2m[console.warn] [22mGSAP target  not found. https://gsap.com
[2m13:40:56[22m [33m[1m[vite][22m[39m [33m[2m(client)[22m[39m [2m[console.warn] [22mGSAP target .timeline-item, .operation-row, .severity-card, .severity-legend-item not found. https://gsap.com
[2m13:40:56[22m [33m[1m[vite][22m[39m [33m[2m(client)[22m[39m [2m[console.warn] [22mGSAP target  not found. https://gsap.com
[2m13:40:56[22m [33m[1m[vite][22m[39m [33m[2m(client)[22m[39m [2m[console.warn] [22mGSAP target .severity-meter-fill not found. https://gsap.com
[2m13:40:56[22m [33m[1m[vite][22m[39m [33m[2m(client)[22m[39m [2m[console.warn] [22mGSAP target  not found. https://gsap.com
[2m13:40:56[22m [33m[1m[vite][22m[39m [33m[2m(client)[22m[39m [2m[console.warn] [22mGSAP target  not found. https://gsap.com
[2m13:40:56[22m [33m[1m[vite][22m[39m [33m[2m(client)[22m[39m [2m[console.warn] [22mGSAP target  not found. https://gsap.com
[2m13:40:56[22m [33m[1m[vite][22m[39m [33m[2m(client)[22m[39m [2m[console.warn] [22mGSAP target .timeline-item, .operation-row, .severity-card, .severity-legend-item not found. https://gsap.com
[2m13:40:56[22m [33m[1m[vite][22m[39m [33m[2m(client)[22m[39m [2m[console.warn] [22mGSAP target  not found. https://gsap.com
[2m13:40:56[22m [33m[1m[vite][22m[39m [33m[2m(client)[22m[39m [2m[console.warn] [22mGSAP target .severity-meter-fill not found. https://gsap.com
[2m13:40:56[22m [33m[1m[vite][22m[39m [33m[2m(client)[22m[39m [2m[console.warn] [22mGSAP target  not found. https://gsap.com
[2m13:40:56[22m [33m[1m[vite][22m[39m [33m[2m(client)[22m[39m [2m[console.warn] [22mGSAP target  not found. https://gsap.com
[2m13:40:56[22m [33m[1m[vite][22m[39m [33m[2m(client)[22m[39m [2m[console.warn] [22mGSAP target  not found. https://gsap.com
[2m13:40:56[22m [33m[1m[vite][22m[39m [33m[2m(client)[22m[39m [2m[console.warn] [22mGSAP target  not found. https://gsap.com
[2m13:40:56[22m [33m[1m[vite][22m[39m [33m[2m(client)[22m[39m [2m[console.warn] [22mGSAP target  not found. https://gsap.com
[2m13:40:59[22m [33m[1m[vite][22m[39m [33m[2m(client)[22m[39m [2m[console.warn] [22mThe width(-1) and height(-1) of chart should be greater than 0,
       please check the style of container, or the props width(100%) and height(100%),
       or add a minWidth(0) or minHeight(undefined) or use aspect(undefined) to control the
       height and width.
[2m13:40:59[22m [33m[1m[vite][22m[39m [33m[2m(client)[22m[39m [2m[console.warn] [22mThe width(-1) and height(-1) of chart should be greater than 0,
       please check the style of container, or the props width(100%) and height(100%),
       or add a minWidth(0) or minHeight(undefined) or use aspect(undefined) to control the
       height and width.
[2m13:40:59[22m [33m[1m[vite][22m[39m [33m[2m(client)[22m[39m [2m[console.warn] [22mThe width(-1) and height(-1) of chart should be greater than 0,
       please check the style of container, or the props width(100%) and height(100%),
       or add a minWidth(0) or minHeight(undefined) or use aspect(undefined) to control the
       height and width.
[2m13:40:59[22m [33m[1m[vite][22m[39m [33m[2m(client)[22m[39m [2m[console.warn] [22mThe width(-1) and height(-1) of chart should be greater than 0,
       please check the style of container, or the props width(100%) and height(100%),
       or add a minWidth(0) or minHeight(undefined) or use aspect(undefined) to control the
       height and width.
[2m13:41:03[22m [33m[1m[vite][22m[39m [33m[2m(client)[22m[39m [2m[console.warn] [22mGSAP target .timeline-item, .operation-row, .severity-card, .severity-legend-item not found. https://gsap.com
[2m13:41:03[22m [33m[1m[vite][22m[39m [33m[2m(client)[22m[39m [2m[console.warn] [22mGSAP target  not found. https://gsap.com
[2m13:41:03[22m [33m[1m[vite][22m[39m [33m[2m(client)[22m[39m [2m[console.warn] [22mGSAP target .severity-meter-fill not found. https://gsap.com
[2m13:41:03[22m [33m[1m[vite][22m[39m [33m[2m(client)[22m[39m [2m[console.warn] [22mGSAP target  not found. https://gsap.com
[2m13:41:03[22m [33m[1m[vite][22m[39m [33m[2m(client)[22m[39m [2m[console.warn] [22mGSAP target  not found. https://gsap.com
[2m13:41:03[22m [33m[1m[vite][22m[39m [33m[2m(client)[22m[39m [2m[console.warn] [22mGSAP target  not found. https://gsap.com
[2m13:41:03[22m [33m[1m[vite][22m[39m [33m[2m(client)[22m[39m [2m[console.warn] [22mGSAP target .timeline-item, .operation-row, .severity-card, .severity-legend-item not found. https://gsap.com
[2m13:41:03[22m [33m[1m[vite][22m[39m [33m[2m(client)[22m[39m [2m[console.warn] [22mGSAP target  not found. https://gsap.com
[2m13:41:03[22m [33m[1m[vite][22m[39m [33m[2m(client)[22m[39m [2m[console.warn] [22mGSAP target .severity-meter-fill not found. https://gsap.com
[2m13:41:03[22m [33m[1m[vite][22m[39m [33m[2m(client)[22m[39m [2m[console.warn] [22mGSAP target  not found. https://gsap.com
[2m13:41:03[22m [33m[1m[vite][22m[39m [33m[2m(client)[22m[39m [2m[console.warn] [22mGSAP target  not found. https://gsap.com
[2m13:41:04[22m [33m[1m[vite][22m[39m [33m[2m(client)[22m[39m [2m[console.warn] [22mGSAP target  not found. https://gsap.com
[2m13:41:07[22m [33m[1m[vite][22m[39m [33m[2m(client)[22m[39m [2m[console.warn] [22mGSAP target .timeline-item, .operation-row, .severity-card, .severity-legend-item not found. https://gsap.com
[2m13:41:07[22m [33m[1m[vite][22m[39m [33m[2m(client)[22m[39m [2m[console.warn] [22mGSAP target  not found. https://gsap.com
[2m13:41:07[22m [33m[1m[vite][22m[39m [33m[2m(client)[22m[39m [2m[console.warn] [22mGSAP target .severity-meter-fill not found. https://gsap.com
[2m13:41:07[22m [33m[1m[vite][22m[39m [33m[2m(client)[22m[39m [2m[console.warn] [22mGSAP target  not found. https://gsap.com
[2m13:41:07[22m [33m[1m[vite][22m[39m [33m[2m(client)[22m[39m [2m[console.warn] [22mGSAP target  not found. https://gsap.com
[2m13:41:07[22m [33m[1m[vite][22m[39m [33m[2m(client)[22m[39m [2m[console.warn] [22mGSAP target  not found. https://gsap.com
[2m13:41:07[22m [33m[1m[vite][22m[39m [33m[2m(client)[22m[39m [2m[console.warn] [22mGSAP target .timeline-item, .operation-row, .severity-card, .severity-legend-item not found. https://gsap.com
[2m13:41:07[22m [33m[1m[vite][22m[39m [33m[2m(client)[22m[39m [2m[console.warn] [22mGSAP target  not found. https://gsap.com
[2m13:41:07[22m [33m[1m[vite][22m[39m [33m[2m(client)[22m[39m [2m[console.warn] [22mGSAP target .severity-meter-fill not found. https://gsap.com
[2m13:41:07[22m [33m[1m[vite][22m[39m [33m[2m(client)[22m[39m [2m[console.warn] [22mGSAP target  not found. https://gsap.com
[2m13:41:07[22m [33m[1m[vite][22m[39m [33m[2m(client)[22m[39m [2m[console.warn] [22mGSAP target  not found. https://gsap.com
[2m13:41:07[22m [33m[1m[vite][22m[39m [33m[2m(client)[22m[39m [2m[console.warn] [22mGSAP target  not found. https://gsap.com
[2m13:41:20[22m [33m[1m[vite][22m[39m [33m[2m(client)[22m[39m [2m[console.warn] [22mGSAP target .timeline-item, .operation-row, .severity-card, .severity-legend-item not found. https://gsap.com
[2m13:41:20[22m [33m[1m[vite][22m[39m [33m[2m(client)[22m[39m [2m[console.warn] [22mGSAP target  not found. https://gsap.com
[2m13:41:20[22m [33m[1m[vite][22m[39m [33m[2m(client)[22m[39m [2m[console.warn] [22mGSAP target .severity-meter-fill not found. https://gsap.com
[2m13:41:20[22m [33m[1m[vite][22m[39m [33m[2m(client)[22m[39m [2m[console.warn] [22mGSAP target  not found. https://gsap.com
[2m13:41:20[22m [33m[1m[vite][22m[39m [33m[2m(client)[22m[39m [2m[console.warn] [22mGSAP target  not found. https://gsap.com
[2m13:41:20[22m [33m[1m[vite][22m[39m [33m[2m(client)[22m[39m [2m[console.warn] [22mGSAP target  not found. https://gsap.com
[2m13:41:20[22m [33m[1m[vite][22m[39m [33m[2m(client)[22m[39m [2m[console.warn] [22mGSAP target .timeline-item, .operation-row, .severity-card, .severity-legend-item not found. https://gsap.com
[2m13:41:20[22m [33m[1m[vite][22m[39m [33m[2m(client)[22m[39m [2m[console.warn] [22mGSAP target  not found. https://gsap.com
[2m13:41:20[22m [33m[1m[vite][22m[39m [33m[2m(client)[22m[39m [2m[console.warn] [22mGSAP target .severity-meter-fill not found. https://gsap.com
[2m13:41:20[22m [33m[1m[vite][22m[39m [33m[2m(client)[22m[39m [2m[console.warn] [22mGSAP target  not found. https://gsap.com
[2m13:41:20[22m [33m[1m[vite][22m[39m [33m[2m(client)[22m[39m [2m[console.warn] [22mGSAP target  not found. https://gsap.com
[2m13:41:20[22m [33m[1m[vite][22m[39m [33m[2m(client)[22m[39m [2m[console.warn] [22mGSAP target  not found. https://gsap.com
[2m13:41:27[22m [33m[1m[vite][22m[39m [33m[2m(client)[22m[39m [2m[console.warn] [22mGSAP target  not found. https://gsap.com
[2m13:41:27[22m [33m[1m[vite][22m[39m [33m[2m(client)[22m[39m [2m[console.warn] [22mGSAP target .timeline-item, .operation-row, .severity-card, .severity-legend-item not found. https://gsap.com
[2m13:41:27[22m [33m[1m[vite][22m[39m [33m[2m(client)[22m[39m [2m[console.warn] [22mGSAP target  not found. https://gsap.com
[2m13:41:27[22m [33m[1m[vite][22m[39m [33m[2m(client)[22m[39m [2m[console.warn] [22mGSAP target .severity-meter-fill not found. https://gsap.com
[2m13:41:27[22m [33m[1m[vite][22m[39m [33m[2m(client)[22m[39m [2m[console.warn] [22mGSAP target  not found. https://gsap.com
[2m13:41:27[22m [33m[1m[vite][22m[39m [33m[2m(client)[22m[39m [2m[console.warn] [22mGSAP target  not found. https://gsap.com
[2m13:41:27[22m [33m[1m[vite][22m[39m [33m[2m(client)[22m[39m [2m[console.warn] [22mGSAP target  not found. https://gsap.com
[2m13:41:27[22m [33m[1m[vite][22m[39m [33m[2m(client)[22m[39m [2m[console.warn] [22mGSAP target .timeline-item, .operation-row, .severity-card, .severity-legend-item not found. https://gsap.com
[2m13:41:27[22m [33m[1m[vite][22m[39m [33m[2m(client)[22m[39m [2m[console.warn] [22mGSAP target  not found. https://gsap.com
[2m13:41:27[22m [33m[1m[vite][22m[39m [33m[2m(client)[22m[39m [2m[console.warn] [22mGSAP target .severity-meter-fill not found. https://gsap.com
[2m13:41:27[22m [33m[1m[vite][22m[39m [33m[2m(client)[22m[39m [2m[console.warn] [22mGSAP target  not found. https://gsap.com
[2m13:41:27[22m [33m[1m[vite][22m[39m [33m[2m(client)[22m[39m [2m[console.warn] [22mGSAP target  not found. https://gsap.com
[2m13:41:27[22m [33m[1m[vite][22m[39m [33m[2m(client)[22m[39m [2m[console.warn] [22mGSAP target  not found. https://gsap.com
[2m13:41:27[22m [31m[1m[vite][22m[39m [31m[2m(client)[22m[39m [2m[console.error] [22mIn HTML, <button> cannot be a descendant of <button>.
This will cause a hydration error.

  ...
    <div className="flex min-h..." style={{opacity:0, ...}} ref={function}>
      <ApprovalsPage>
        <PageFrame icon={{...}} title="Approval C...">
          <motion.main ref={{...}} className="min-w-0 fl..." initial={{opacity:0,y:10}} animate={{opacity:1,y:0}} ...>
            <main className="min-w-0 fl..." style={{opacity:0, ...}} ref={function}>
              <div className="mx-auto fl...">
                <section>
                <section className="grid gap-5...">
                  <div className="space-y-4">
                    <section>
                    <Panel>
                      <section data-gsap="reveal" className="glass-pane...">
                        <div>
                        <div className="space-y-3">
>                         <button
>                           className="w-full rounded-lg border bg-slate-950/45 p-4 text-left transition hover:border-..."
>                           onClick={function onClick}
>                           type="button"
>                         >
                            <div className="flex flex-...">
                              <div>
                              <div className="flex gap-2">
                                <Button className="h-9" onClick={function onClick} variant="primary">
>                                 <button
>                                   className="inline-flex items-center justify-center gap-2 rounded-md px-3 text-sm f..."
>                                   onClick={function onClick}
>                                 >
                                ...
                  ...

[2m13:41:27[22m [31m[1m[vite][22m[39m [31m[2m(client)[22m[39m [2m[console.error] [22m<button> cannot contain a nested <button>.
See this log for the ancestor stack trace.
[2m13:43:12[22m [31m[1m[vite][22m[39m [31m[2m(client)[22m[39m [31m[Unhandled error] [1mTypeError[22m: haystack.includes(...) is not a function
[39m > src/app/AppShell.tsx:1832:5
    1830 |      const haystack = `${action.name} ${action.actionKey} ${action.description ?? ''} ${module?.name ?? ''}`.toLowerCa...
    1831 |      return haystack.includes(actionSearch.toLowerCase())
    1832 |      (moduleFilter === 'all' || action.moduleId === moduleFilter)
         |       ^
    1833 |      && (riskFilter === 'all' || action.riskLevel === riskFilter)
    1834 |      && (approvalFilter === 'all' || String(action.requiresApproval) === approvalFilter)
 > ActionsPage src/app/AppShell.tsx:1828:27
 > Object.react_stack_bottom_frame node_modules/react-dom/cjs/react-dom-client.development.js:25904:19
 > renderWithHooks node_modules/react-dom/cjs/react-dom-client.development.js:7662:21
 > updateFunctionComponent node_modules/react-dom/cjs/react-dom-client.development.js:10166:18
 > beginWork node_modules/react-dom/cjs/react-dom-client.development.js:11778:17
 > runWithFiberInDEV node_modules/react-dom/cjs/react-dom-client.development.js:871:29
 > performUnitOfWork node_modules/react-dom/cjs/react-dom-client.development.js:17641:21
 > workLoopSync node_modules/react-dom/cjs/react-dom-client.development.js:17469:40

[2m13:43:12[22m [33m[1m[vite][22m[39m [33m[2m(client)[22m[39m [2m[console.warn] [22mAn error occurred in the <ActionsPage> component.

Consider adding an error boundary to your tree to customize error handling behavior.
Visit https://react.dev/link/error-boundaries to learn more about error boundaries.

[2m13:43:31[22m [33m[1m[vite][22m[39m [33m[2m(client)[22m[39m [2m[console.warn] [22mGSAP target .timeline-item, .operation-row, .severity-card, .severity-legend-item not found. https://gsap.com
[2m13:43:31[22m [33m[1m[vite][22m[39m [33m[2m(client)[22m[39m [2m[console.warn] [22mGSAP target  not found. https://gsap.com
[2m13:43:31[22m [33m[1m[vite][22m[39m [33m[2m(client)[22m[39m [2m[console.warn] [22mGSAP target .severity-meter-fill not found. https://gsap.com
[2m13:43:31[22m [33m[1m[vite][22m[39m [33m[2m(client)[22m[39m [2m[console.warn] [22mGSAP target  not found. https://gsap.com
[2m13:43:31[22m [33m[1m[vite][22m[39m [33m[2m(client)[22m[39m [2m[console.warn] [22mGSAP target  not found. https://gsap.com
[2m13:43:31[22m [33m[1m[vite][22m[39m [33m[2m(client)[22m[39m [2m[console.warn] [22mGSAP target  not found. https://gsap.com
[2m13:43:31[22m [33m[1m[vite][22m[39m [33m[2m(client)[22m[39m [2m[console.warn] [22mGSAP target .timeline-item, .operation-row, .severity-card, .severity-legend-item not found. https://gsap.com
[2m13:43:31[22m [33m[1m[vite][22m[39m [33m[2m(client)[22m[39m [2m[console.warn] [22mGSAP target  not found. https://gsap.com
[2m13:43:31[22m [33m[1m[vite][22m[39m [33m[2m(client)[22m[39m [2m[console.warn] [22mGSAP target .severity-meter-fill not found. https://gsap.com
[2m13:43:31[22m [33m[1m[vite][22m[39m [33m[2m(client)[22m[39m [2m[console.warn] [22mGSAP target  not found. https://gsap.com
[2m13:43:31[22m [33m[1m[vite][22m[39m [33m[2m(client)[22m[39m [2m[console.warn] [22mGSAP target  not found. https://gsap.com
[2m13:43:31[22m [33m[1m[vite][22m[39m [33m[2m(client)[22m[39m [2m[console.warn] [22mGSAP target  not found. https://gsap.com
[2m13:44:43[22m [33m[1m[vite][22m[39m [33m[2m(client)[22m[39m [2m[console.warn] [22mThe width(-1) and height(-1) of chart should be greater than 0,
       please check the style of container, or the props width(100%) and height(100%),
       or add a minWidth(0) or minHeight(undefined) or use aspect(undefined) to control the
       height and width.
[2m13:44:43[22m [33m[1m[vite][22m[39m [33m[2m(client)[22m[39m [2m[console.warn] [22mThe width(-1) and height(-1) of chart should be greater than 0,
       please check the style of container, or the props width(100%) and height(100%),
       or add a minWidth(0) or minHeight(undefined) or use aspect(undefined) to control the
       height and width.
[2m13:44:43[22m [33m[1m[vite][22m[39m [33m[2m(client)[22m[39m [2m[console.warn] [22mThe width(-1) and height(-1) of chart should be greater than 0,
       please check the style of container, or the props width(100%) and height(100%),
       or add a minWidth(0) or minHeight(undefined) or use aspect(undefined) to control the
       height and width.
[2m13:44:43[22m [33m[1m[vite][22m[39m [33m[2m(client)[22m[39m [2m[console.warn] [22mThe width(-1) and height(-1) of chart should be greater than 0,
       please check the style of container, or the props width(100%) and height(100%),
       or add a minWidth(0) or minHeight(undefined) or use aspect(undefined) to control the
       height and width.
[2m13:44:43[22m [33m[1m[vite][22m[39m [33m[2m(client)[22m[39m [2m[console.warn] [22mGSAP target .severity-meter-fill not found. https://gsap.com
[2m13:44:43[22m [33m[1m[vite][22m[39m [33m[2m(client)[22m[39m [2m[console.warn] [22mGSAP target  not found. https://gsap.com
[2m13:44:43[22m [33m[1m[vite][22m[39m [33m[2m(client)[22m[39m [2m[console.warn] [22mGSAP target  not found. https://gsap.com
[2m13:44:43[22m [33m[1m[vite][22m[39m [33m[2m(client)[22m[39m [2m[console.warn] [22mGSAP target .severity-meter-fill not found. https://gsap.com
[2m13:44:43[22m [33m[1m[vite][22m[39m [33m[2m(client)[22m[39m [2m[console.warn] [22mGSAP target  not found. https://gsap.com
[2m13:45:25[22m [33m[1m[vite][22m[39m [33m[2m(client)[22m[39m [2m[console.warn] [22mThe width(-1) and height(-1) of chart should be greater than 0,
       please check the style of container, or the props width(100%) and height(100%),
       or add a minWidth(0) or minHeight(undefined) or use aspect(undefined) to control the
       height and width.
[2m13:45:25[22m [33m[1m[vite][22m[39m [33m[2m(client)[22m[39m [2m[console.warn] [22mThe width(-1) and height(-1) of chart should be greater than 0,
       please check the style of container, or the props width(100%) and height(100%),
       or add a minWidth(0) or minHeight(undefined) or use aspect(undefined) to control the
       height and width.
[2m13:45:25[22m [33m[1m[vite][22m[39m [33m[2m(client)[22m[39m [2m[console.warn] [22mThe width(-1) and height(-1) of chart should be greater than 0,
       please check the style of container, or the props width(100%) and height(100%),
       or add a minWidth(0) or minHeight(undefined) or use aspect(undefined) to control the
       height and width.
[2m13:45:25[22m [33m[1m[vite][22m[39m [33m[2m(client)[22m[39m [2m[console.warn] [22mThe width(-1) and height(-1) of chart should be greater than 0,
       please check the style of container, or the props width(100%) and height(100%),
       or add a minWidth(0) or minHeight(undefined) or use aspect(undefined) to control the
       height and width.
[2m13:45:25[22m [33m[1m[vite][22m[39m [33m[2m(client)[22m[39m [2m[console.warn] [22mGSAP target .severity-meter-fill not found. https://gsap.com
[2m13:45:25[22m [33m[1m[vite][22m[39m [33m[2m(client)[22m[39m [2m[console.warn] [22mGSAP target  not found. https://gsap.com
[2m13:45:25[22m [33m[1m[vite][22m[39m [33m[2m(client)[22m[39m [2m[console.warn] [22mGSAP target  not found. https://gsap.com
[2m13:45:25[22m [33m[1m[vite][22m[39m [33m[2m(client)[22m[39m [2m[console.warn] [22mGSAP target .severity-meter-fill not found. https://gsap.com
[2m13:45:25[22m [33m[1m[vite][22m[39m [33m[2m(client)[22m[39m [2m[console.warn] [22mGSAP target  not found. https://gsap.com
[2m13:45:25[22m [33m[1m[vite][22m[39m [33m[2m(client)[22m[39m [2m[console.warn] [22mGSAP target  not found. https://gsap.com
[2m13:45:57[22m [33m[1m[vite][22m[39m [33m[2m(client)[22m[39m [2m[console.warn] [22mGSAP target  not found. https://gsap.com
[2m13:45:57[22m [33m[1m[vite][22m[39m [33m[2m(client)[22m[39m [2m[console.warn] [22mGSAP target .timeline-item, .operation-row, .severity-card, .severity-legend-item not found. https://gsap.com
[2m13:45:57[22m [33m[1m[vite][22m[39m [33m[2m(client)[22m[39m [2m[console.warn] [22mGSAP target  not found. https://gsap.com
[2m13:45:57[22m [33m[1m[vite][22m[39m [33m[2m(client)[22m[39m [2m[console.warn] [22mGSAP target .severity-meter-fill not found. https://gsap.com
[2m13:45:57[22m [33m[1m[vite][22m[39m [33m[2m(client)[22m[39m [2m[console.warn] [22mGSAP target  not found. https://gsap.com
[2m13:45:57[22m [33m[1m[vite][22m[39m [33m[2m(client)[22m[39m [2m[console.warn] [22mGSAP target  not found. https://gsap.com
[2m13:45:57[22m [33m[1m[vite][22m[39m [33m[2m(client)[22m[39m [2m[console.warn] [22mGSAP target  not found. https://gsap.com
[2m13:45:57[22m [33m[1m[vite][22m[39m [33m[2m(client)[22m[39m [2m[console.warn] [22mGSAP target .timeline-item, .operation-row, .severity-card, .severity-legend-item not found. https://gsap.com
[2m13:45:57[22m [33m[1m[vite][22m[39m [33m[2m(client)[22m[39m [2m[console.warn] [22mGSAP target  not found. https://gsap.com
[2m13:45:57[22m [33m[1m[vite][22m[39m [33m[2m(client)[22m[39m [2m[console.warn] [22mGSAP target .severity-meter-fill not found. https://gsap.com
[2m13:45:57[22m [33m[1m[vite][22m[39m [33m[2m(client)[22m[39m [2m[console.warn] [22mGSAP target  not found. https://gsap.com
[2m13:45:57[22m [33m[1m[vite][22m[39m [33m[2m(client)[22m[39m [2m[console.warn] [22mGSAP target  not found. https://gsap.com
[2m13:45:58[22m [33m[1m[vite][22m[39m [33m[2m(client)[22m[39m [2m[console.warn] [22mGSAP target  not found. https://gsap.com
[2m13:58:33[22m [33m[1m[vite][22m[39m [33m[2m(client)[22m[39m [2m[console.warn] [22mThe width(-1) and height(-1) of chart should be greater than 0,
       please check the style of container, or the props width(100%) and height(100%),
       or add a minWidth(0) or minHeight(undefined) or use aspect(undefined) to control the
       height and width.
[2m13:58:33[22m [33m[1m[vite][22m[39m [33m[2m(client)[22m[39m [2m[console.warn] [22mThe width(-1) and height(-1) of chart should be greater than 0,
       please check the style of container, or the props width(100%) and height(100%),
       or add a minWidth(0) or minHeight(undefined) or use aspect(undefined) to control the
       height and width.
[2m14:02:11[22m [33m[1m[vite][22m[39m [33m[2m(client)[22m[39m [2m[console.warn] [22mGSAP target .timeline-item, .operation-row, .severity-card, .severity-legend-item not found. https://gsap.com
[2m14:02:11[22m [33m[1m[vite][22m[39m [33m[2m(client)[22m[39m [2m[console.warn] [22mGSAP target  not found. https://gsap.com
[2m14:02:11[22m [33m[1m[vite][22m[39m [33m[2m(client)[22m[39m [2m[console.warn] [22mGSAP target .severity-meter-fill not found. https://gsap.com
[2m14:02:11[22m [33m[1m[vite][22m[39m [33m[2m(client)[22m[39m [2m[console.warn] [22mGSAP target  not found. https://gsap.com
[2m14:02:11[22m [33m[1m[vite][22m[39m [33m[2m(client)[22m[39m [2m[console.warn] [22mGSAP target  not found. https://gsap.com
[2m14:02:11[22m [33m[1m[vite][22m[39m [33m[2m(client)[22m[39m [2m[console.warn] [22mGSAP target  not found. https://gsap.com
[2m14:02:11[22m [33m[1m[vite][22m[39m [33m[2m(client)[22m[39m [2m[console.warn] [22mGSAP target .timeline-item, .operation-row, .severity-card, .severity-legend-item not found. https://gsap.com
[2m14:02:11[22m [33m[1m[vite][22m[39m [33m[2m(client)[22m[39m [2m[console.warn] [22mGSAP target  not found. https://gsap.com
[2m14:02:11[22m [33m[1m[vite][22m[39m [33m[2m(client)[22m[39m [2m[console.warn] [22mGSAP target .severity-meter-fill not found. https://gsap.com
[2m14:02:11[22m [33m[1m[vite][22m[39m [33m[2m(client)[22m[39m [2m[console.warn] [22mGSAP target  not found. https://gsap.com
[2m14:02:11[22m [33m[1m[vite][22m[39m [33m[2m(client)[22m[39m [2m[console.warn] [22mGSAP target  not found. https://gsap.com
[2m14:02:11[22m [33m[1m[vite][22m[39m [33m[2m(client)[22m[39m [2m[console.warn] [22mGSAP target  not found. https://gsap.com
[2m14:02:11[22m [33m[1m[vite][22m[39m [33m[2m(client)[22m[39m [2m[console.warn] [22mGSAP target  not found. https://gsap.com
[2m14:02:11[22m [33m[1m[vite][22m[39m [33m[2m(client)[22m[39m [2m[console.warn] [22mGSAP target  not found. https://gsap.com
[2m14:02:15[22m [33m[1m[vite][22m[39m [33m[2m(client)[22m[39m [2m[console.warn] [22mGSAP target .timeline-item, .operation-row, .severity-card, .severity-legend-item not found. https://gsap.com
[2m14:02:15[22m [33m[1m[vite][22m[39m [33m[2m(client)[22m[39m [2m[console.warn] [22mGSAP target  not found. https://gsap.com
[2m14:02:15[22m [33m[1m[vite][22m[39m [33m[2m(client)[22m[39m [2m[console.warn] [22mGSAP target .severity-meter-fill not found. https://gsap.com
[2m14:02:15[22m [33m[1m[vite][22m[39m [33m[2m(client)[22m[39m [2m[console.warn] [22mGSAP target  not found. https://gsap.com
[2m14:02:15[22m [33m[1m[vite][22m[39m [33m[2m(client)[22m[39m [2m[console.warn] [22mGSAP target  not found. https://gsap.com
[2m14:02:15[22m [33m[1m[vite][22m[39m [33m[2m(client)[22m[39m [2m[console.warn] [22mGSAP target  not found. https://gsap.com
[2m14:02:15[22m [33m[1m[vite][22m[39m [33m[2m(client)[22m[39m [2m[console.warn] [22mGSAP target .timeline-item, .operation-row, .severity-card, .severity-legend-item not found. https://gsap.com
[2m14:02:15[22m [33m[1m[vite][22m[39m [33m[2m(client)[22m[39m [2m[console.warn] [22mGSAP target  not found. https://gsap.com
[2m14:02:15[22m [33m[1m[vite][22m[39m [33m[2m(client)[22m[39m [2m[console.warn] [22mGSAP target .severity-meter-fill not found. https://gsap.com
[2m14:02:15[22m [33m[1m[vite][22m[39m [33m[2m(client)[22m[39m [2m[console.warn] [22mGSAP target  not found. https://gsap.com
[2m14:02:15[22m [33m[1m[vite][22m[39m [33m[2m(client)[22m[39m [2m[console.warn] [22mGSAP target  not found. https://gsap.com
[2m14:02:15[22m [33m[1m[vite][22m[39m [33m[2m(client)[22m[39m [2m[console.warn] [22mGSAP target  not found. https://gsap.com
[2m14:02:15[22m [33m[1m[vite][22m[39m [33m[2m(client)[22m[39m [2m[console.warn] [22mGSAP target  not found. https://gsap.com
[2m14:02:17[22m [33m[1m[vite][22m[39m [33m[2m(client)[22m[39m [2m[console.warn] [22mGSAP target .timeline-item, .operation-row, .severity-card, .severity-legend-item not found. https://gsap.com
[2m14:02:17[22m [33m[1m[vite][22m[39m [33m[2m(client)[22m[39m [2m[console.warn] [22mGSAP target  not found. https://gsap.com
[2m14:02:17[22m [33m[1m[vite][22m[39m [33m[2m(client)[22m[39m [2m[console.warn] [22mGSAP target .severity-meter-fill not found. https://gsap.com
[2m14:02:17[22m [33m[1m[vite][22m[39m [33m[2m(client)[22m[39m [2m[console.warn] [22mGSAP target  not found. https://gsap.com
[2m14:02:17[22m [33m[1m[vite][22m[39m [33m[2m(client)[22m[39m [2m[console.warn] [22mGSAP target  not found. https://gsap.com
[2m14:02:17[22m [33m[1m[vite][22m[39m [33m[2m(client)[22m[39m [2m[console.warn] [22mGSAP target  not found. https://gsap.com
[2m14:02:17[22m [33m[1m[vite][22m[39m [33m[2m(client)[22m[39m [2m[console.warn] [22mGSAP target .timeline-item, .operation-row, .severity-card, .severity-legend-item not found. https://gsap.com
[2m14:02:17[22m [33m[1m[vite][22m[39m [33m[2m(client)[22m[39m [2m[console.warn] [22mGSAP target  not found. https://gsap.com
[2m14:02:17[22m [33m[1m[vite][22m[39m [33m[2m(client)[22m[39m [2m[console.warn] [22mGSAP target .severity-meter-fill not found. https://gsap.com
[2m14:02:17[22m [33m[1m[vite][22m[39m [33m[2m(client)[22m[39m [2m[console.warn] [22mGSAP target  not found. https://gsap.com
[2m14:02:17[22m [33m[1m[vite][22m[39m [33m[2m(client)[22m[39m [2m[console.warn] [22mGSAP target  not found. https://gsap.com
[2m14:02:17[22m [33m[1m[vite][22m[39m [33m[2m(client)[22m[39m [2m[console.warn] [22mGSAP target  not found. https://gsap.com
[2m14:02:20[22m [33m[1m[vite][22m[39m [33m[2m(client)[22m[39m [2m[console.warn] [22mThe width(-1) and height(-1) of chart should be greater than 0,
       please check the style of container, or the props width(100%) and height(100%),
       or add a minWidth(0) or minHeight(undefined) or use aspect(undefined) to control the
       height and width.
[2m14:02:20[22m [33m[1m[vite][22m[39m [33m[2m(client)[22m[39m [2m[console.warn] [22mThe width(-1) and height(-1) of chart should be greater than 0,
       please check the style of container, or the props width(100%) and height(100%),
       or add a minWidth(0) or minHeight(undefined) or use aspect(undefined) to control the
       height and width.
[2m14:02:20[22m [33m[1m[vite][22m[39m [33m[2m(client)[22m[39m [2m[console.warn] [22mThe width(-1) and height(-1) of chart should be greater than 0,
       please check the style of container, or the props width(100%) and height(100%),
       or add a minWidth(0) or minHeight(undefined) or use aspect(undefined) to control the
       height and width.
[2m14:02:20[22m [33m[1m[vite][22m[39m [33m[2m(client)[22m[39m [2m[console.warn] [22mThe width(-1) and height(-1) of chart should be greater than 0,
       please check the style of container, or the props width(100%) and height(100%),
       or add a minWidth(0) or minHeight(undefined) or use aspect(undefined) to control the
       height and width.
[2m14:02:20[22m [33m[1m[vite][22m[39m [33m[2m(client)[22m[39m [2m[console.warn] [22mGSAP target .severity-meter-fill not found. https://gsap.com
[2m14:02:20[22m [33m[1m[vite][22m[39m [33m[2m(client)[22m[39m [2m[console.warn] [22mGSAP target  not found. https://gsap.com
[2m14:02:20[22m [33m[1m[vite][22m[39m [33m[2m(client)[22m[39m [2m[console.warn] [22mGSAP target  not found. https://gsap.com
[2m14:02:20[22m [33m[1m[vite][22m[39m [33m[2m(client)[22m[39m [2m[console.warn] [22mGSAP target .severity-meter-fill not found. https://gsap.com
[2m14:02:20[22m [33m[1m[vite][22m[39m [33m[2m(client)[22m[39m [2m[console.warn] [22mGSAP target  not found. https://gsap.com
[2m14:02:20[22m [33m[1m[vite][22m[39m [33m[2m(client)[22m[39m [2m[console.warn] [22mGSAP target  not found. https://gsap.com
[2m14:02:21[22m [33m[1m[vite][22m[39m [33m[2m(client)[22m[39m [2m[console.warn] [22mGSAP target .timeline-item, .operation-row, .severity-card, .severity-legend-item not found. https://gsap.com
[2m14:02:21[22m [33m[1m[vite][22m[39m [33m[2m(client)[22m[39m [2m[console.warn] [22mGSAP target  not found. https://gsap.com
[2m14:02:21[22m [33m[1m[vite][22m[39m [33m[2m(client)[22m[39m [2m[console.warn] [22mGSAP target .severity-meter-fill not found. https://gsap.com
[2m14:02:21[22m [33m[1m[vite][22m[39m [33m[2m(client)[22m[39m [2m[console.warn] [22mGSAP target  not found. https://gsap.com
[2m14:02:21[22m [33m[1m[vite][22m[39m [33m[2m(client)[22m[39m [2m[console.warn] [22mGSAP target  not found. https://gsap.com
[2m14:02:21[22m [33m[1m[vite][22m[39m [33m[2m(client)[22m[39m [2m[console.warn] [22mGSAP target  not found. https://gsap.com
[2m14:02:21[22m [33m[1m[vite][22m[39m [33m[2m(client)[22m[39m [2m[console.warn] [22mGSAP target .timeline-item, .operation-row, .severity-card, .severity-legend-item not found. https://gsap.com
[2m14:02:21[22m [33m[1m[vite][22m[39m [33m[2m(client)[22m[39m [2m[console.warn] [22mGSAP target  not found. https://gsap.com
[2m14:02:21[22m [33m[1m[vite][22m[39m [33m[2m(client)[22m[39m [2m[console.warn] [22mGSAP target .severity-meter-fill not found. https://gsap.com
[2m14:02:21[22m [33m[1m[vite][22m[39m [33m[2m(client)[22m[39m [2m[console.warn] [22mGSAP target  not found. https://gsap.com
[2m14:02:22[22m [33m[1m[vite][22m[39m [33m[2m(client)[22m[39m [2m[console.warn] [22mGSAP target  not found. https://gsap.com
[2m14:02:22[22m [33m[1m[vite][22m[39m [33m[2m(client)[22m[39m [2m[console.warn] [22mGSAP target  not found. https://gsap.com
[2m14:02:43[22m [33m[1m[vite][22m[39m [33m[2m(client)[22m[39m [2m[console.warn] [22mGSAP target .timeline-item, .operation-row, .severity-card, .severity-legend-item not found. https://gsap.com
[2m14:02:43[22m [33m[1m[vite][22m[39m [33m[2m(client)[22m[39m [2m[console.warn] [22mGSAP target  not found. https://gsap.com
[2m14:02:43[22m [33m[1m[vite][22m[39m [33m[2m(client)[22m[39m [2m[console.warn] [22mGSAP target .severity-meter-fill not found. https://gsap.com
[2m14:02:43[22m [33m[1m[vite][22m[39m [33m[2m(client)[22m[39m [2m[console.warn] [22mGSAP target  not found. https://gsap.com
[2m14:02:43[22m [33m[1m[vite][22m[39m [33m[2m(client)[22m[39m [2m[console.warn] [22mGSAP target  not found. https://gsap.com
[2m14:02:43[22m [33m[1m[vite][22m[39m [33m[2m(client)[22m[39m [2m[console.warn] [22mGSAP target  not found. https://gsap.com
[2m14:02:43[22m [33m[1m[vite][22m[39m [33m[2m(client)[22m[39m [2m[console.warn] [22mGSAP target .timeline-item, .operation-row, .severity-card, .severity-legend-item not found. https://gsap.com
[2m14:02:43[22m [33m[1m[vite][22m[39m [33m[2m(client)[22m[39m [2m[console.warn] [22mGSAP target  not found. https://gsap.com
[2m14:02:43[22m [33m[1m[vite][22m[39m [33m[2m(client)[22m[39m [2m[console.warn] [22mGSAP target .severity-meter-fill not found. https://gsap.com
[2m14:02:43[22m [33m[1m[vite][22m[39m [33m[2m(client)[22m[39m [2m[console.warn] [22mGSAP target  not found. https://gsap.com
[2m14:02:43[22m [33m[1m[vite][22m[39m [33m[2m(client)[22m[39m [2m[console.warn] [22mGSAP target  not found. https://gsap.com
[2m14:02:43[22m [33m[1m[vite][22m[39m [33m[2m(client)[22m[39m [2m[console.warn] [22mGSAP target  not found. https://gsap.com
[2m14:02:43[22m [33m[1m[vite][22m[39m [33m[2m(client)[22m[39m [2m[console.warn] [22mGSAP target  not found. https://gsap.com
[2m14:02:46[22m [33m[1m[vite][22m[39m [33m[2m(client)[22m[39m [2m[console.warn] [22mGSAP target .timeline-item, .operation-row, .severity-card, .severity-legend-item not found. https://gsap.com
[2m14:02:46[22m [33m[1m[vite][22m[39m [33m[2m(client)[22m[39m [2m[console.warn] [22mGSAP target  not found. https://gsap.com
[2m14:02:46[22m [33m[1m[vite][22m[39m [33m[2m(client)[22m[39m [2m[console.warn] [22mGSAP target .severity-meter-fill not found. https://gsap.com
[2m14:02:46[22m [33m[1m[vite][22m[39m [33m[2m(client)[22m[39m [2m[console.warn] [22mGSAP target  not found. https://gsap.com
[2m14:02:46[22m [33m[1m[vite][22m[39m [33m[2m(client)[22m[39m [2m[console.warn] [22mGSAP target  not found. https://gsap.com
[2m14:02:46[22m [33m[1m[vite][22m[39m [33m[2m(client)[22m[39m [2m[console.warn] [22mGSAP target  not found. https://gsap.com
[2m14:02:46[22m [33m[1m[vite][22m[39m [33m[2m(client)[22m[39m [2m[console.warn] [22mGSAP target .timeline-item, .operation-row, .severity-card, .severity-legend-item not found. https://gsap.com
[2m14:02:46[22m [33m[1m[vite][22m[39m [33m[2m(client)[22m[39m [2m[console.warn] [22mGSAP target  not found. https://gsap.com
[2m14:02:46[22m [33m[1m[vite][22m[39m [33m[2m(client)[22m[39m [2m[console.warn] [22mGSAP target .severity-meter-fill not found. https://gsap.com
[2m14:02:46[22m [33m[1m[vite][22m[39m [33m[2m(client)[22m[39m [2m[console.warn] [22mGSAP target  not found. https://gsap.com
[2m14:02:46[22m [33m[1m[vite][22m[39m [33m[2m(client)[22m[39m [2m[console.warn] [22mGSAP target  not found. https://gsap.com
[2m14:02:46[22m [33m[1m[vite][22m[39m [33m[2m(client)[22m[39m [2m[console.warn] [22mGSAP target  not found. https://gsap.com
[2m14:02:46[22m [33m[1m[vite][22m[39m [33m[2m(client)[22m[39m [2m[console.warn] [22mGSAP target  not found. https://gsap.com
[2m14:02:46[22m [33m[1m[vite][22m[39m [33m[2m(client)[22m[39m [2m[console.warn] [22mGSAP target  not found. https://gsap.com
[2m14:04:19[22m [33m[1m[vite][22m[39m [33m[2m(client)[22m[39m [2m[console.warn] [22mGSAP target .timeline-item, .operation-row, .severity-card, .severity-legend-item not found. https://gsap.com
[2m14:04:19[22m [33m[1m[vite][22m[39m [33m[2m(client)[22m[39m [2m[console.warn] [22mGSAP target  not found. https://gsap.com
[2m14:04:19[22m [33m[1m[vite][22m[39m [33m[2m(client)[22m[39m [2m[console.warn] [22mGSAP target .severity-meter-fill not found. https://gsap.com
[2m14:04:19[22m [33m[1m[vite][22m[39m [33m[2m(client)[22m[39m [2m[console.warn] [22mGSAP target  not found. https://gsap.com
[2m14:04:19[22m [33m[1m[vite][22m[39m [33m[2m(client)[22m[39m [2m[console.warn] [22mGSAP target  not found. https://gsap.com
[2m14:04:19[22m [33m[1m[vite][22m[39m [33m[2m(client)[22m[39m [2m[console.warn] [22mGSAP target  not found. https://gsap.com
[2m14:04:19[22m [33m[1m[vite][22m[39m [33m[2m(client)[22m[39m [2m[console.warn] [22mGSAP target .timeline-item, .operation-row, .severity-card, .severity-legend-item not found. https://gsap.com
[2m14:04:19[22m [33m[1m[vite][22m[39m [33m[2m(client)[22m[39m [2m[console.warn] [22mGSAP target  not found. https://gsap.com
[2m14:04:19[22m [33m[1m[vite][22m[39m [33m[2m(client)[22m[39m [2m[console.warn] [22mGSAP target .severity-meter-fill not found. https://gsap.com
[2m14:04:19[22m [33m[1m[vite][22m[39m [33m[2m(client)[22m[39m [2m[console.warn] [22mGSAP target  not found. https://gsap.com
[2m14:04:19[22m [33m[1m[vite][22m[39m [33m[2m(client)[22m[39m [2m[console.warn] [22mGSAP target  not found. https://gsap.com
[2m14:04:19[22m [33m[1m[vite][22m[39m [33m[2m(client)[22m[39m [2m[console.warn] [22mGSAP target  not found. https://gsap.com
[2m14:04:20[22m [33m[1m[vite][22m[39m [33m[2m(client)[22m[39m [2m[console.warn] [22mGSAP target  not found. https://gsap.com
[2m14:04:20[22m [33m[1m[vite][22m[39m [33m[2m(client)[22m[39m [2m[console.warn] [22mGSAP target  not found. https://gsap.com
[2m14:04:24[22m [33m[1m[vite][22m[39m [33m[2m(client)[22m[39m [2m[console.warn] [22mGSAP target [data-gsap="reveal"] not found. https://gsap.com
[2m14:04:24[22m [33m[1m[vite][22m[39m [33m[2m(client)[22m[39m [2m[console.warn] [22mGSAP target  not found. https://gsap.com
[2m14:04:24[22m [33m[1m[vite][22m[39m [33m[2m(client)[22m[39m [2m[console.warn] [22mGSAP target .timeline-item, .operation-row, .severity-card, .severity-legend-item not found. https://gsap.com
[2m14:04:24[22m [33m[1m[vite][22m[39m [33m[2m(client)[22m[39m [2m[console.warn] [22mGSAP target  not found. https://gsap.com
[2m14:04:24[22m [33m[1m[vite][22m[39m [33m[2m(client)[22m[39m [2m[console.warn] [22mGSAP target .severity-meter-fill not found. https://gsap.com
[2m14:04:24[22m [33m[1m[vite][22m[39m [33m[2m(client)[22m[39m [2m[console.warn] [22mGSAP target  not found. https://gsap.com
[2m14:04:24[22m [33m[1m[vite][22m[39m [33m[2m(client)[22m[39m [2m[console.warn] [22mGSAP target  not found. https://gsap.com
[2m14:04:24[22m [33m[1m[vite][22m[39m [33m[2m(client)[22m[39m [2m[console.warn] [22mGSAP target  not found. https://gsap.com
[2m14:04:24[22m [33m[1m[vite][22m[39m [33m[2m(client)[22m[39m [2m[console.warn] [22mGSAP target  not found. https://gsap.com
[2m14:04:24[22m [33m[1m[vite][22m[39m [33m[2m(client)[22m[39m [2m[console.warn] [22mGSAP target [data-gsap="reveal"] not found. https://gsap.com
[2m14:04:24[22m [33m[1m[vite][22m[39m [33m[2m(client)[22m[39m [2m[console.warn] [22mGSAP target  not found. https://gsap.com
[2m14:04:24[22m [33m[1m[vite][22m[39m [33m[2m(client)[22m[39m [2m[console.warn] [22mGSAP target .timeline-item, .operation-row, .severity-card, .severity-legend-item not found. https://gsap.com
[2m14:04:24[22m [33m[1m[vite][22m[39m [33m[2m(client)[22m[39m [2m[console.warn] [22mGSAP target  not found. https://gsap.com
[2m14:04:24[22m [33m[1m[vite][22m[39m [33m[2m(client)[22m[39m [2m[console.warn] [22mGSAP target .severity-meter-fill not found. https://gsap.com
[2m14:04:24[22m [33m[1m[vite][22m[39m [33m[2m(client)[22m[39m [2m[console.warn] [22mGSAP target  not found. https://gsap.com
[2m14:04:24[22m [33m[1m[vite][22m[39m [33m[2m(client)[22m[39m [2m[console.warn] [22mGSAP target  not found. https://gsap.com
[2m14:04:24[22m [33m[1m[vite][22m[39m [33m[2m(client)[22m[39m [2m[console.warn] [22mGSAP target  not found. https://gsap.com
[2m14:04:24[22m [33m[1m[vite][22m[39m [33m[2m(client)[22m[39m [2m[console.warn] [22mGSAP target  not found. https://gsap.com
[2m14:04:30[22m [33m[1m[vite][22m[39m [33m[2m(client)[22m[39m [2m[console.warn] [22mGSAP target .timeline-item, .operation-row, .severity-card, .severity-legend-item not found. https://gsap.com
[2m14:04:30[22m [33m[1m[vite][22m[39m [33m[2m(client)[22m[39m [2m[console.warn] [22mGSAP target  not found. https://gsap.com
[2m14:04:30[22m [33m[1m[vite][22m[39m [33m[2m(client)[22m[39m [2m[console.warn] [22mGSAP target .severity-meter-fill not found. https://gsap.com
[2m14:04:30[22m [33m[1m[vite][22m[39m [33m[2m(client)[22m[39m [2m[console.warn] [22mGSAP target  not found. https://gsap.com
[2m14:04:30[22m [33m[1m[vite][22m[39m [33m[2m(client)[22m[39m [2m[console.warn] [22mGSAP target  not found. https://gsap.com
[2m14:04:30[22m [33m[1m[vite][22m[39m [33m[2m(client)[22m[39m [2m[console.warn] [22mGSAP target  not found. https://gsap.com
[2m14:04:30[22m [33m[1m[vite][22m[39m [33m[2m(client)[22m[39m [2m[console.warn] [22mGSAP target .timeline-item, .operation-row, .severity-card, .severity-legend-item not found. https://gsap.com
[2m14:04:30[22m [33m[1m[vite][22m[39m [33m[2m(client)[22m[39m [2m[console.warn] [22mGSAP target  not found. https://gsap.com
[2m14:04:30[22m [33m[1m[vite][22m[39m [33m[2m(client)[22m[39m [2m[console.warn] [22mGSAP target .severity-meter-fill not found. https://gsap.com
[2m14:04:30[22m [33m[1m[vite][22m[39m [33m[2m(client)[22m[39m [2m[console.warn] [22mGSAP target  not found. https://gsap.com
[2m14:04:31[22m [33m[1m[vite][22m[39m [33m[2m(client)[22m[39m [2m[console.warn] [22mGSAP target  not found. https://gsap.com
[2m14:04:31[22m [33m[1m[vite][22m[39m [33m[2m(client)[22m[39m [2m[console.warn] [22mGSAP target  not found. https://gsap.com
[2m14:04:31[22m [33m[1m[vite][22m[39m [33m[2m(client)[22m[39m [2m[console.warn] [22mGSAP target  not found. https://gsap.com
[2m14:04:38[22m [33m[1m[vite][22m[39m [33m[2m(client)[22m[39m [2m[console.warn] [22mGSAP target .timeline-item, .operation-row, .severity-card, .severity-legend-item not found. https://gsap.com
[2m14:04:38[22m [33m[1m[vite][22m[39m [33m[2m(client)[22m[39m [2m[console.warn] [22mGSAP target  not found. https://gsap.com
[2m14:04:38[22m [33m[1m[vite][22m[39m [33m[2m(client)[22m[39m [2m[console.warn] [22mGSAP target .severity-meter-fill not found. https://gsap.com
[2m14:04:38[22m [33m[1m[vite][22m[39m [33m[2m(client)[22m[39m [2m[console.warn] [22mGSAP target  not found. https://gsap.com
[2m14:04:38[22m [33m[1m[vite][22m[39m [33m[2m(client)[22m[39m [2m[console.warn] [22mGSAP target  not found. https://gsap.com
[2m14:04:38[22m [33m[1m[vite][22m[39m [33m[2m(client)[22m[39m [2m[console.warn] [22mGSAP target  not found. https://gsap.com
[2m14:04:38[22m [33m[1m[vite][22m[39m [33m[2m(client)[22m[39m [2m[console.warn] [22mGSAP target .timeline-item, .operation-row, .severity-card, .severity-legend-item not found. https://gsap.com
[2m14:04:38[22m [33m[1m[vite][22m[39m [33m[2m(client)[22m[39m [2m[console.warn] [22mGSAP target  not found. https://gsap.com
[2m14:04:38[22m [33m[1m[vite][22m[39m [33m[2m(client)[22m[39m [2m[console.warn] [22mGSAP target .severity-meter-fill not found. https://gsap.com
[2m14:04:38[22m [33m[1m[vite][22m[39m [33m[2m(client)[22m[39m [2m[console.warn] [22mGSAP target  not found. https://gsap.com
[2m14:04:38[22m [33m[1m[vite][22m[39m [33m[2m(client)[22m[39m [2m[console.warn] [22mGSAP target  not found. https://gsap.com
[2m14:04:39[22m [33m[1m[vite][22m[39m [33m[2m(client)[22m[39m [2m[console.warn] [22mGSAP target  not found. https://gsap.com
[2m14:04:41[22m [33m[1m[vite][22m[39m [33m[2m(client)[22m[39m [2m[console.warn] [22mGSAP target .timeline-item, .operation-row, .severity-card, .severity-legend-item not found. https://gsap.com
[2m14:04:41[22m [33m[1m[vite][22m[39m [33m[2m(client)[22m[39m [2m[console.warn] [22mGSAP target  not found. https://gsap.com
[2m14:04:41[22m [33m[1m[vite][22m[39m [33m[2m(client)[22m[39m [2m[console.warn] [22mGSAP target .severity-meter-fill not found. https://gsap.com
[2m14:04:41[22m [33m[1m[vite][22m[39m [33m[2m(client)[22m[39m [2m[console.warn] [22mGSAP target  not found. https://gsap.com
[2m14:04:41[22m [33m[1m[vite][22m[39m [33m[2m(client)[22m[39m [2m[console.warn] [22mGSAP target  not found. https://gsap.com
[2m14:04:41[22m [33m[1m[vite][22m[39m [33m[2m(client)[22m[39m [2m[console.warn] [22mGSAP target  not found. https://gsap.com
[2m14:04:41[22m [33m[1m[vite][22m[39m [33m[2m(client)[22m[39m [2m[console.warn] [22mGSAP target .timeline-item, .operation-row, .severity-card, .severity-legend-item not found. https://gsap.com
[2m14:04:41[22m [33m[1m[vite][22m[39m [33m[2m(client)[22m[39m [2m[console.warn] [22mGSAP target  not found. https://gsap.com
[2m14:04:41[22m [33m[1m[vite][22m[39m [33m[2m(client)[22m[39m [2m[console.warn] [22mGSAP target .severity-meter-fill not found. https://gsap.com
[2m14:04:41[22m [33m[1m[vite][22m[39m [33m[2m(client)[22m[39m [2m[console.warn] [22mGSAP target  not found. https://gsap.com
[2m14:04:41[22m [33m[1m[vite][22m[39m [33m[2m(client)[22m[39m [2m[console.warn] [22mGSAP target  not found. https://gsap.com
[2m14:04:41[22m [33m[1m[vite][22m[39m [33m[2m(client)[22m[39m [2m[console.warn] [22mGSAP target  not found. https://gsap.com
[2m14:06:27[22m [33m[1m[vite][22m[39m [33m[2m(client)[22m[39m [2m[console.warn] [22mThe width(-1) and height(-1) of chart should be greater than 0,
       please check the style of container, or the props width(100%) and height(100%),
       or add a minWidth(0) or minHeight(undefined) or use aspect(undefined) to control the
       height and width.
[2m14:06:27[22m [33m[1m[vite][22m[39m [33m[2m(client)[22m[39m [2m[console.warn] [22mThe width(-1) and height(-1) of chart should be greater than 0,
       please check the style of container, or the props width(100%) and height(100%),
       or add a minWidth(0) or minHeight(undefined) or use aspect(undefined) to control the
       height and width.
[2m14:06:27[22m [33m[1m[vite][22m[39m [33m[2m(client)[22m[39m [2m[console.warn] [22mThe width(-1) and height(-1) of chart should be greater than 0,
       please check the style of container, or the props width(100%) and height(100%),
       or add a minWidth(0) or minHeight(undefined) or use aspect(undefined) to control the
       height and width.
[2m14:06:27[22m [33m[1m[vite][22m[39m [33m[2m(client)[22m[39m [2m[console.warn] [22mThe width(-1) and height(-1) of chart should be greater than 0,
       please check the style of container, or the props width(100%) and height(100%),
       or add a minWidth(0) or minHeight(undefined) or use aspect(undefined) to control the
       height and width.
[2m14:06:42[22m [33m[1m[vite][22m[39m [33m[2m(client)[22m[39m [2m[console.warn] [22mGSAP target .timeline-item, .operation-row, .severity-card, .severity-legend-item not found. https://gsap.com
[2m14:06:42[22m [33m[1m[vite][22m[39m [33m[2m(client)[22m[39m [2m[console.warn] [22mGSAP target  not found. https://gsap.com
[2m14:06:42[22m [33m[1m[vite][22m[39m [33m[2m(client)[22m[39m [2m[console.warn] [22mGSAP target .severity-meter-fill not found. https://gsap.com
[2m14:06:42[22m [33m[1m[vite][22m[39m [33m[2m(client)[22m[39m [2m[console.warn] [22mGSAP target  not found. https://gsap.com
[2m14:06:42[22m [33m[1m[vite][22m[39m [33m[2m(client)[22m[39m [2m[console.warn] [22mGSAP target  not found. https://gsap.com
[2m14:06:42[22m [33m[1m[vite][22m[39m [33m[2m(client)[22m[39m [2m[console.warn] [22mGSAP target  not found. https://gsap.com
[2m14:06:42[22m [33m[1m[vite][22m[39m [33m[2m(client)[22m[39m [2m[console.warn] [22mGSAP target .timeline-item, .operation-row, .severity-card, .severity-legend-item not found. https://gsap.com
[2m14:06:42[22m [33m[1m[vite][22m[39m [33m[2m(client)[22m[39m [2m[console.warn] [22mGSAP target  not found. https://gsap.com
[2m14:06:42[22m [33m[1m[vite][22m[39m [33m[2m(client)[22m[39m [2m[console.warn] [22mGSAP target .severity-meter-fill not found. https://gsap.com
[2m14:06:42[22m [33m[1m[vite][22m[39m [33m[2m(client)[22m[39m [2m[console.warn] [22mGSAP target  not found. https://gsap.com
[2m14:06:42[22m [33m[1m[vite][22m[39m [33m[2m(client)[22m[39m [2m[console.warn] [22mGSAP target  not found. https://gsap.com
[2m14:06:42[22m [33m[1m[vite][22m[39m [33m[2m(client)[22m[39m [2m[console.warn] [22mGSAP target  not found. https://gsap.com
[2m14:06:48[22m [33m[1m[vite][22m[39m [33m[2m(client)[22m[39m [2m[console.warn] [22mGSAP target .timeline-item, .operation-row, .severity-card, .severity-legend-item not found. https://gsap.com
[2m14:06:48[22m [33m[1m[vite][22m[39m [33m[2m(client)[22m[39m [2m[console.warn] [22mGSAP target  not found. https://gsap.com
[2m14:06:48[22m [33m[1m[vite][22m[39m [33m[2m(client)[22m[39m [2m[console.warn] [22mGSAP target .severity-meter-fill not found. https://gsap.com
[2m14:06:48[22m [33m[1m[vite][22m[39m [33m[2m(client)[22m[39m [2m[console.warn] [22mGSAP target  not found. https://gsap.com
[2m14:06:48[22m [33m[1m[vite][22m[39m [33m[2m(client)[22m[39m [2m[console.warn] [22mGSAP target  not found. https://gsap.com
[2m14:06:48[22m [33m[1m[vite][22m[39m [33m[2m(client)[22m[39m [2m[console.warn] [22mGSAP target  not found. https://gsap.com
[2m14:06:48[22m [33m[1m[vite][22m[39m [33m[2m(client)[22m[39m [2m[console.warn] [22mGSAP target .timeline-item, .operation-row, .severity-card, .severity-legend-item not found. https://gsap.com
[2m14:06:48[22m [33m[1m[vite][22m[39m [33m[2m(client)[22m[39m [2m[console.warn] [22mGSAP target  not found. https://gsap.com
[2m14:06:48[22m [33m[1m[vite][22m[39m [33m[2m(client)[22m[39m [2m[console.warn] [22mGSAP target .severity-meter-fill not found. https://gsap.com
[2m14:06:48[22m [33m[1m[vite][22m[39m [33m[2m(client)[22m[39m [2m[console.warn] [22mGSAP target  not found. https://gsap.com
[2m14:06:48[22m [33m[1m[vite][22m[39m [33m[2m(client)[22m[39m [2m[console.warn] [22mGSAP target  not found. https://gsap.com
[2m14:06:48[22m [33m[1m[vite][22m[39m [33m[2m(client)[22m[39m [2m[console.warn] [22mGSAP target  not found. https://gsap.com
[2m14:23:55[22m [33m[1m[vite][22m[39m [33m[2m(client)[22m[39m [2m[console.warn] [22mThe width(-1) and height(-1) of chart should be greater than 0,
       please check the style of container, or the props width(100%) and height(100%),
       or add a minWidth(0) or minHeight(undefined) or use aspect(undefined) to control the
       height and width.
[2m14:23:55[22m [33m[1m[vite][22m[39m [33m[2m(client)[22m[39m [2m[console.warn] [22mThe width(-1) and height(-1) of chart should be greater than 0,
       please check the style of container, or the props width(100%) and height(100%),
       or add a minWidth(0) or minHeight(undefined) or use aspect(undefined) to control the
       height and width.
[2m14:23:55[22m [33m[1m[vite][22m[39m [33m[2m(client)[22m[39m [2m[console.warn] [22mThe width(-1) and height(-1) of chart should be greater than 0,
       please check the style of container, or the props width(100%) and height(100%),
       or add a minWidth(0) or minHeight(undefined) or use aspect(undefined) to control the
       height and width.
[2m14:23:55[22m [33m[1m[vite][22m[39m [33m[2m(client)[22m[39m [2m[console.warn] [22mThe width(-1) and height(-1) of chart should be greater than 0,
       please check the style of container, or the props width(100%) and height(100%),
       or add a minWidth(0) or minHeight(undefined) or use aspect(undefined) to control the
       height and width.
[2m14:23:55[22m [33m[1m[vite][22m[39m [33m[2m(client)[22m[39m [2m[console.warn] [22mGSAP target .severity-meter-fill not found. https://gsap.com
[2m14:23:55[22m [33m[1m[vite][22m[39m [33m[2m(client)[22m[39m [2m[console.warn] [22mGSAP target  not found. https://gsap.com
[2m14:23:55[22m [33m[1m[vite][22m[39m [33m[2m(client)[22m[39m [2m[console.warn] [22mGSAP target  not found. https://gsap.com
[2m14:23:55[22m [33m[1m[vite][22m[39m [33m[2m(client)[22m[39m [2m[console.warn] [22mGSAP target .severity-meter-fill not found. https://gsap.com
[2m14:23:55[22m [33m[1m[vite][22m[39m [33m[2m(client)[22m[39m [2m[console.warn] [22mGSAP target  not found. https://gsap.com
[2m14:23:55[22m [33m[1m[vite][22m[39m [33m[2m(client)[22m[39m [2m[console.warn] [22mGSAP target  not found. https://gsap.com
[2m14:24:18[22m [33m[1m[vite][22m[39m [33m[2m(client)[22m[39m [2m[console.warn] [22mGSAP target .timeline-item, .operation-row, .severity-card, .severity-legend-item not found. https://gsap.com
[2m14:24:18[22m [33m[1m[vite][22m[39m [33m[2m(client)[22m[39m [2m[console.warn] [22mGSAP target  not found. https://gsap.com
[2m14:24:18[22m [33m[1m[vite][22m[39m [33m[2m(client)[22m[39m [2m[console.warn] [22mGSAP target .severity-meter-fill not found. https://gsap.com
[2m14:24:18[22m [33m[1m[vite][22m[39m [33m[2m(client)[22m[39m [2m[console.warn] [22mGSAP target  not found. https://gsap.com
[2m14:24:18[22m [33m[1m[vite][22m[39m [33m[2m(client)[22m[39m [2m[console.warn] [22mGSAP target  not found. https://gsap.com
[2m14:24:18[22m [33m[1m[vite][22m[39m [33m[2m(client)[22m[39m [2m[console.warn] [22mGSAP target  not found. https://gsap.com
[2m14:24:18[22m [33m[1m[vite][22m[39m [33m[2m(client)[22m[39m [2m[console.warn] [22mGSAP target .timeline-item, .operation-row, .severity-card, .severity-legend-item not found. https://gsap.com
[2m14:24:18[22m [33m[1m[vite][22m[39m [33m[2m(client)[22m[39m [2m[console.warn] [22mGSAP target  not found. https://gsap.com
[2m14:24:18[22m [33m[1m[vite][22m[39m [33m[2m(client)[22m[39m [2m[console.warn] [22mGSAP target .severity-meter-fill not found. https://gsap.com
[2m14:24:18[22m [33m[1m[vite][22m[39m [33m[2m(client)[22m[39m [2m[console.warn] [22mGSAP target  not found. https://gsap.com
[2m14:24:18[22m [33m[1m[vite][22m[39m [33m[2m(client)[22m[39m [2m[console.warn] [22mGSAP target  not found. https://gsap.com
[2m14:24:19[22m [33m[1m[vite][22m[39m [33m[2m(client)[22m[39m [2m[console.warn] [22mGSAP target  not found. https://gsap.com
[2m14:24:22[22m [33m[1m[vite][22m[39m [33m[2m(client)[22m[39m [2m[console.warn] [22mGSAP target .timeline-item, .operation-row, .severity-card, .severity-legend-item not found. https://gsap.com
[2m14:24:22[22m [33m[1m[vite][22m[39m [33m[2m(client)[22m[39m [2m[console.warn] [22mGSAP target  not found. https://gsap.com
[2m14:24:22[22m [33m[1m[vite][22m[39m [33m[2m(client)[22m[39m [2m[console.warn] [22mGSAP target .severity-meter-fill not found. https://gsap.com
[2m14:24:22[22m [33m[1m[vite][22m[39m [33m[2m(client)[22m[39m [2m[console.warn] [22mGSAP target  not found. https://gsap.com
[2m14:24:22[22m [33m[1m[vite][22m[39m [33m[2m(client)[22m[39m [2m[console.warn] [22mGSAP target  not found. https://gsap.com
[2m14:24:22[22m [33m[1m[vite][22m[39m [33m[2m(client)[22m[39m [2m[console.warn] [22mGSAP target  not found. https://gsap.com
[2m14:24:22[22m [33m[1m[vite][22m[39m [33m[2m(client)[22m[39m [2m[console.warn] [22mGSAP target .timeline-item, .operation-row, .severity-card, .severity-legend-item not found. https://gsap.com
[2m14:24:22[22m [33m[1m[vite][22m[39m [33m[2m(client)[22m[39m [2m[console.warn] [22mGSAP target  not found. https://gsap.com
[2m14:24:22[22m [33m[1m[vite][22m[39m [33m[2m(client)[22m[39m [2m[console.warn] [22mGSAP target .severity-meter-fill not found. https://gsap.com
[2m14:24:22[22m [33m[1m[vite][22m[39m [33m[2m(client)[22m[39m [2m[console.warn] [22mGSAP target  not found. https://gsap.com
[2m14:24:22[22m [33m[1m[vite][22m[39m [33m[2m(client)[22m[39m [2m[console.warn] [22mGSAP target  not found. https://gsap.com
[2m14:24:22[22m [33m[1m[vite][22m[39m [33m[2m(client)[22m[39m [2m[console.warn] [22mGSAP target  not found. https://gsap.com
[2m14:24:22[22m [31m[1m[vite][22m[39m [31m[2m(client)[22m[39m [2m[console.error] [22mIn HTML, <button> cannot be a descendant of <button>.
This will cause a hydration error.

  ...
    <div className="flex min-h..." style={{opacity:0, ...}} ref={function}>
      <ApprovalsPage>
        <PageFrame icon={{...}} title="Approval C...">
          <motion.main ref={{...}} className="min-w-0 fl..." initial={{opacity:0,y:10}} animate={{opacity:1,y:0}} ...>
            <main className="min-w-0 fl..." style={{opacity:0, ...}} ref={function}>
              <div className="mx-auto fl...">
                <section>
                <section className="grid gap-5...">
                  <div className="space-y-4">
                    <section>
                    <Panel>
                      <section data-gsap="reveal" className="glass-pane...">
                        <div>
                        <div className="space-y-3">
>                         <button
>                           className="w-full rounded-lg border bg-slate-950/45 p-4 text-left transition hover:border-..."
>                           onClick={function onClick}
>                           type="button"
>                         >
                            <div className="flex flex-...">
                              <div>
                              <div className="flex gap-2">
                                <Button className="h-9" onClick={function onClick} variant="primary">
>                                 <button
>                                   className="inline-flex items-center justify-center gap-2 rounded-md px-3 text-sm f..."
>                                   onClick={function onClick}
>                                 >
                                ...
                  ...

[2m14:24:22[22m [31m[1m[vite][22m[39m [31m[2m(client)[22m[39m [2m[console.error] [22m<button> cannot contain a nested <button>.
See this log for the ancestor stack trace.
[2m14:24:23[22m [33m[1m[vite][22m[39m [33m[2m(client)[22m[39m [2m[console.warn] [22mGSAP target .timeline-item, .operation-row, .severity-card, .severity-legend-item not found. https://gsap.com
[2m14:24:23[22m [33m[1m[vite][22m[39m [33m[2m(client)[22m[39m [2m[console.warn] [22mGSAP target  not found. https://gsap.com
[2m14:24:23[22m [33m[1m[vite][22m[39m [33m[2m(client)[22m[39m [2m[console.warn] [22mGSAP target .severity-meter-fill not found. https://gsap.com
[2m14:24:23[22m [33m[1m[vite][22m[39m [33m[2m(client)[22m[39m [2m[console.warn] [22mGSAP target  not found. https://gsap.com
[2m14:24:23[22m [33m[1m[vite][22m[39m [33m[2m(client)[22m[39m [2m[console.warn] [22mGSAP target  not found. https://gsap.com
[2m14:24:23[22m [33m[1m[vite][22m[39m [33m[2m(client)[22m[39m [2m[console.warn] [22mGSAP target  not found. https://gsap.com
[2m14:24:23[22m [33m[1m[vite][22m[39m [33m[2m(client)[22m[39m [2m[console.warn] [22mGSAP target .timeline-item, .operation-row, .severity-card, .severity-legend-item not found. https://gsap.com
[2m14:24:23[22m [33m[1m[vite][22m[39m [33m[2m(client)[22m[39m [2m[console.warn] [22mGSAP target  not found. https://gsap.com
[2m14:24:23[22m [33m[1m[vite][22m[39m [33m[2m(client)[22m[39m [2m[console.warn] [22mGSAP target .severity-meter-fill not found. https://gsap.com
[2m14:24:23[22m [33m[1m[vite][22m[39m [33m[2m(client)[22m[39m [2m[console.warn] [22mGSAP target  not found. https://gsap.com
[2m14:24:24[22m [33m[1m[vite][22m[39m [33m[2m(client)[22m[39m [2m[console.warn] [22mGSAP target  not found. https://gsap.com
[2m14:24:24[22m [33m[1m[vite][22m[39m [33m[2m(client)[22m[39m [2m[console.warn] [22mGSAP target  not found. https://gsap.com
[2m14:24:25[22m [33m[1m[vite][22m[39m [33m[2m(client)[22m[39m [2m[console.warn] [22mGSAP target .timeline-item, .operation-row, .severity-card, .severity-legend-item not found. https://gsap.com
[2m14:24:25[22m [33m[1m[vite][22m[39m [33m[2m(client)[22m[39m [2m[console.warn] [22mGSAP target  not found. https://gsap.com
[2m14:24:25[22m [33m[1m[vite][22m[39m [33m[2m(client)[22m[39m [2m[console.warn] [22mGSAP target .severity-meter-fill not found. https://gsap.com
[2m14:24:25[22m [33m[1m[vite][22m[39m [33m[2m(client)[22m[39m [2m[console.warn] [22mGSAP target  not found. https://gsap.com
[2m14:24:25[22m [33m[1m[vite][22m[39m [33m[2m(client)[22m[39m [2m[console.warn] [22mGSAP target  not found. https://gsap.com
[2m14:24:25[22m [33m[1m[vite][22m[39m [33m[2m(client)[22m[39m [2m[console.warn] [22mGSAP target  not found. https://gsap.com
[2m14:24:25[22m [33m[1m[vite][22m[39m [33m[2m(client)[22m[39m [2m[console.warn] [22mGSAP target .timeline-item, .operation-row, .severity-card, .severity-legend-item not found. https://gsap.com
[2m14:24:25[22m [33m[1m[vite][22m[39m [33m[2m(client)[22m[39m [2m[console.warn] [22mGSAP target  not found. https://gsap.com
[2m14:24:25[22m [33m[1m[vite][22m[39m [33m[2m(client)[22m[39m [2m[console.warn] [22mGSAP target .severity-meter-fill not found. https://gsap.com
[2m14:24:25[22m [33m[1m[vite][22m[39m [33m[2m(client)[22m[39m [2m[console.warn] [22mGSAP target  not found. https://gsap.com
[2m14:24:26[22m [33m[1m[vite][22m[39m [33m[2m(client)[22m[39m [2m[console.warn] [22mGSAP target  not found. https://gsap.com
[2m14:24:26[22m [33m[1m[vite][22m[39m [33m[2m(client)[22m[39m [2m[console.warn] [22mGSAP target  not found. https://gsap.com
[2m14:24:27[22m [33m[1m[vite][22m[39m [33m[2m(client)[22m[39m [2m[console.warn] [22mGSAP target .timeline-item, .operation-row, .severity-card, .severity-legend-item not found. https://gsap.com
[2m14:24:27[22m [33m[1m[vite][22m[39m [33m[2m(client)[22m[39m [2m[console.warn] [22mGSAP target  not found. https://gsap.com
[2m14:24:27[22m [33m[1m[vite][22m[39m [33m[2m(client)[22m[39m [2m[console.warn] [22mGSAP target .severity-meter-fill not found. https://gsap.com
[2m14:24:27[22m [33m[1m[vite][22m[39m [33m[2m(client)[22m[39m [2m[console.warn] [22mGSAP target  not found. https://gsap.com
[2m14:24:27[22m [33m[1m[vite][22m[39m [33m[2m(client)[22m[39m [2m[console.warn] [22mGSAP target  not found. https://gsap.com
[2m14:24:27[22m [33m[1m[vite][22m[39m [33m[2m(client)[22m[39m [2m[console.warn] [22mGSAP target  not found. https://gsap.com
[2m14:24:27[22m [33m[1m[vite][22m[39m [33m[2m(client)[22m[39m [2m[console.warn] [22mGSAP target .timeline-item, .operation-row, .severity-card, .severity-legend-item not found. https://gsap.com
[2m14:24:27[22m [33m[1m[vite][22m[39m [33m[2m(client)[22m[39m [2m[console.warn] [22mGSAP target  not found. https://gsap.com
[2m14:24:27[22m [33m[1m[vite][22m[39m [33m[2m(client)[22m[39m [2m[console.warn] [22mGSAP target .severity-meter-fill not found. https://gsap.com
[2m14:24:27[22m [33m[1m[vite][22m[39m [33m[2m(client)[22m[39m [2m[console.warn] [22mGSAP target  not found. https://gsap.com
[2m14:24:27[22m [33m[1m[vite][22m[39m [33m[2m(client)[22m[39m [2m[console.warn] [22mGSAP target  not found. https://gsap.com
[2m14:24:27[22m [33m[1m[vite][22m[39m [33m[2m(client)[22m[39m [2m[console.warn] [22mGSAP target  not found. https://gsap.com
[2m14:24:27[22m [33m[1m[vite][22m[39m [33m[2m(client)[22m[39m [2m[console.warn] [22mGSAP target .timeline-item, .operation-row, .severity-card, .severity-legend-item not found. https://gsap.com
[2m14:24:27[22m [33m[1m[vite][22m[39m [33m[2m(client)[22m[39m [2m[console.warn] [22mGSAP target  not found. https://gsap.com
[2m14:24:27[22m [33m[1m[vite][22m[39m [33m[2m(client)[22m[39m [2m[console.warn] [22mGSAP target .severity-meter-fill not found. https://gsap.com
[2m14:24:27[22m [33m[1m[vite][22m[39m [33m[2m(client)[22m[39m [2m[console.warn] [22mGSAP target  not found. https://gsap.com
[2m14:24:27[22m [33m[1m[vite][22m[39m [33m[2m(client)[22m[39m [2m[console.warn] [22mGSAP target  not found. https://gsap.com
[2m14:24:27[22m [33m[1m[vite][22m[39m [33m[2m(client)[22m[39m [2m[console.warn] [22mGSAP target  not found. https://gsap.com
[2m14:24:27[22m [33m[1m[vite][22m[39m [33m[2m(client)[22m[39m [2m[console.warn] [22mGSAP target .timeline-item, .operation-row, .severity-card, .severity-legend-item not found. https://gsap.com
[2m14:24:27[22m [33m[1m[vite][22m[39m [33m[2m(client)[22m[39m [2m[console.warn] [22mGSAP target  not found. https://gsap.com
[2m14:24:27[22m [33m[1m[vite][22m[39m [33m[2m(client)[22m[39m [2m[console.warn] [22mGSAP target .severity-meter-fill not found. https://gsap.com
[2m14:24:27[22m [33m[1m[vite][22m[39m [33m[2m(client)[22m[39m [2m[console.warn] [22mGSAP target  not found. https://gsap.com
[2m14:24:28[22m [33m[1m[vite][22m[39m [33m[2m(client)[22m[39m [2m[console.warn] [22mGSAP target  not found. https://gsap.com
[2m14:24:28[22m [33m[1m[vite][22m[39m [33m[2m(client)[22m[39m [2m[console.warn] [22mGSAP target  not found. https://gsap.com
[2m14:24:32[22m [33m[1m[vite][22m[39m [33m[2m(client)[22m[39m [2m[console.warn] [22mGSAP target .timeline-item, .operation-row, .severity-card, .severity-legend-item not found. https://gsap.com
[2m14:24:32[22m [33m[1m[vite][22m[39m [33m[2m(client)[22m[39m [2m[console.warn] [22mGSAP target  not found. https://gsap.com
[2m14:24:32[22m [33m[1m[vite][22m[39m [33m[2m(client)[22m[39m [2m[console.warn] [22mGSAP target .severity-meter-fill not found. https://gsap.com
[2m14:24:32[22m [33m[1m[vite][22m[39m [33m[2m(client)[22m[39m [2m[console.warn] [22mGSAP target  not found. https://gsap.com
[2m14:24:32[22m [33m[1m[vite][22m[39m [33m[2m(client)[22m[39m [2m[console.warn] [22mGSAP target  not found. https://gsap.com
[2m14:24:32[22m [33m[1m[vite][22m[39m [33m[2m(client)[22m[39m [2m[console.warn] [22mGSAP target  not found. https://gsap.com
[2m14:24:32[22m [33m[1m[vite][22m[39m [33m[2m(client)[22m[39m [2m[console.warn] [22mGSAP target .timeline-item, .operation-row, .severity-card, .severity-legend-item not found. https://gsap.com
[2m14:24:32[22m [33m[1m[vite][22m[39m [33m[2m(client)[22m[39m [2m[console.warn] [22mGSAP target  not found. https://gsap.com
[2m14:24:32[22m [33m[1m[vite][22m[39m [33m[2m(client)[22m[39m [2m[console.warn] [22mGSAP target .severity-meter-fill not found. https://gsap.com
[2m14:24:32[22m [33m[1m[vite][22m[39m [33m[2m(client)[22m[39m [2m[console.warn] [22mGSAP target  not found. https://gsap.com
[2m14:24:32[22m [33m[1m[vite][22m[39m [33m[2m(client)[22m[39m [2m[console.warn] [22mGSAP target  not found. https://gsap.com
[2m14:24:32[22m [33m[1m[vite][22m[39m [33m[2m(client)[22m[39m [2m[console.warn] [22mGSAP target  not found. https://gsap.com
[2m14:24:44[22m [33m[1m[vite][22m[39m [33m[2m(client)[22m[39m [2m[console.warn] [22mGSAP target .timeline-item, .operation-row, .severity-card, .severity-legend-item not found. https://gsap.com
[2m14:24:44[22m [33m[1m[vite][22m[39m [33m[2m(client)[22m[39m [2m[console.warn] [22mGSAP target  not found. https://gsap.com
[2m14:24:44[22m [33m[1m[vite][22m[39m [33m[2m(client)[22m[39m [2m[console.warn] [22mGSAP target .severity-meter-fill not found. https://gsap.com
[2m14:24:44[22m [33m[1m[vite][22m[39m [33m[2m(client)[22m[39m [2m[console.warn] [22mGSAP target  not found. https://gsap.com
[2m14:24:44[22m [33m[1m[vite][22m[39m [33m[2m(client)[22m[39m [2m[console.warn] [22mGSAP target  not found. https://gsap.com
[2m14:24:44[22m [33m[1m[vite][22m[39m [33m[2m(client)[22m[39m [2m[console.warn] [22mGSAP target  not found. https://gsap.com
[2m14:24:44[22m [33m[1m[vite][22m[39m [33m[2m(client)[22m[39m [2m[console.warn] [22mGSAP target .timeline-item, .operation-row, .severity-card, .severity-legend-item not found. https://gsap.com
[2m14:24:44[22m [33m[1m[vite][22m[39m [33m[2m(client)[22m[39m [2m[console.warn] [22mGSAP target  not found. https://gsap.com
[2m14:24:44[22m [33m[1m[vite][22m[39m [33m[2m(client)[22m[39m [2m[console.warn] [22mGSAP target .severity-meter-fill not found. https://gsap.com
[2m14:24:44[22m [33m[1m[vite][22m[39m [33m[2m(client)[22m[39m [2m[console.warn] [22mGSAP target  not found. https://gsap.com
[2m14:24:44[22m [33m[1m[vite][22m[39m [33m[2m(client)[22m[39m [2m[console.warn] [22mGSAP target  not found. https://gsap.com
[2m14:24:44[22m [33m[1m[vite][22m[39m [33m[2m(client)[22m[39m [2m[console.warn] [22mGSAP target  not found. https://gsap.com
[2m14:24:45[22m [33m[1m[vite][22m[39m [33m[2m(client)[22m[39m [2m[console.warn] [22mGSAP target [data-gsap="reveal"] not found. https://gsap.com
[2m14:24:45[22m [33m[1m[vite][22m[39m [33m[2m(client)[22m[39m [2m[console.warn] [22mGSAP target  not found. https://gsap.com
[2m14:24:45[22m [33m[1m[vite][22m[39m [33m[2m(client)[22m[39m [2m[console.warn] [22mGSAP target .timeline-item, .operation-row, .severity-card, .severity-legend-item not found. https://gsap.com
[2m14:24:45[22m [33m[1m[vite][22m[39m [33m[2m(client)[22m[39m [2m[console.warn] [22mGSAP target  not found. https://gsap.com
[2m14:24:45[22m [33m[1m[vite][22m[39m [33m[2m(client)[22m[39m [2m[console.warn] [22mGSAP target .severity-meter-fill not found. https://gsap.com
[2m14:24:45[22m [33m[1m[vite][22m[39m [33m[2m(client)[22m[39m [2m[console.warn] [22mGSAP target  not found. https://gsap.com
[2m14:24:45[22m [33m[1m[vite][22m[39m [33m[2m(client)[22m[39m [2m[console.warn] [22mGSAP target  not found. https://gsap.com
[2m14:24:45[22m [33m[1m[vite][22m[39m [33m[2m(client)[22m[39m [2m[console.warn] [22mGSAP target  not found. https://gsap.com
[2m14:24:45[22m [33m[1m[vite][22m[39m [33m[2m(client)[22m[39m [2m[console.warn] [22mGSAP target  not found. https://gsap.com
[2m14:24:45[22m [33m[1m[vite][22m[39m [33m[2m(client)[22m[39m [2m[console.warn] [22mGSAP target [data-gsap="reveal"] not found. https://gsap.com
[2m14:24:45[22m [33m[1m[vite][22m[39m [33m[2m(client)[22m[39m [2m[console.warn] [22mGSAP target  not found. https://gsap.com
[2m14:24:45[22m [33m[1m[vite][22m[39m [33m[2m(client)[22m[39m [2m[console.warn] [22mGSAP target .timeline-item, .operation-row, .severity-card, .severity-legend-item not found. https://gsap.com
[2m14:24:45[22m [33m[1m[vite][22m[39m [33m[2m(client)[22m[39m [2m[console.warn] [22mGSAP target  not found. https://gsap.com
[2m14:24:45[22m [33m[1m[vite][22m[39m [33m[2m(client)[22m[39m [2m[console.warn] [22mGSAP target .severity-meter-fill not found. https://gsap.com
[2m14:24:45[22m [33m[1m[vite][22m[39m [33m[2m(client)[22m[39m [2m[console.warn] [22mGSAP target  not found. https://gsap.com
[2m14:24:45[22m [33m[1m[vite][22m[39m [33m[2m(client)[22m[39m [2m[console.warn] [22mGSAP target  not found. https://gsap.com
[2m14:24:45[22m [33m[1m[vite][22m[39m [33m[2m(client)[22m[39m [2m[console.warn] [22mGSAP target  not found. https://gsap.com
[2m14:24:45[22m [33m[1m[vite][22m[39m [33m[2m(client)[22m[39m [2m[console.warn] [22mGSAP target  not found. https://gsap.com
[2m14:24:46[22m [33m[1m[vite][22m[39m [33m[2m(client)[22m[39m [2m[console.warn] [22mGSAP target .timeline-item, .operation-row, .severity-card, .severity-legend-item not found. https://gsap.com
[2m14:24:46[22m [33m[1m[vite][22m[39m [33m[2m(client)[22m[39m [2m[console.warn] [22mGSAP target  not found. https://gsap.com
[2m14:24:46[22m [33m[1m[vite][22m[39m [33m[2m(client)[22m[39m [2m[console.warn] [22mGSAP target .severity-meter-fill not found. https://gsap.com
[2m14:24:46[22m [33m[1m[vite][22m[39m [33m[2m(client)[22m[39m [2m[console.warn] [22mGSAP target  not found. https://gsap.com
[2m14:24:46[22m [33m[1m[vite][22m[39m [33m[2m(client)[22m[39m [2m[console.warn] [22mGSAP target  not found. https://gsap.com
[2m14:24:46[22m [33m[1m[vite][22m[39m [33m[2m(client)[22m[39m [2m[console.warn] [22mGSAP target  not found. https://gsap.com
[2m14:24:46[22m [33m[1m[vite][22m[39m [33m[2m(client)[22m[39m [2m[console.warn] [22mGSAP target .timeline-item, .operation-row, .severity-card, .severity-legend-item not found. https://gsap.com
[2m14:24:46[22m [33m[1m[vite][22m[39m [33m[2m(client)[22m[39m [2m[console.warn] [22mGSAP target  not found. https://gsap.com
[2m14:24:46[22m [33m[1m[vite][22m[39m [33m[2m(client)[22m[39m [2m[console.warn] [22mGSAP target .severity-meter-fill not found. https://gsap.com
[2m14:24:46[22m [33m[1m[vite][22m[39m [33m[2m(client)[22m[39m [2m[console.warn] [22mGSAP target  not found. https://gsap.com
[2m14:24:47[22m [33m[1m[vite][22m[39m [33m[2m(client)[22m[39m [2m[console.warn] [22mGSAP target  not found. https://gsap.com
[2m14:24:47[22m [33m[1m[vite][22m[39m [33m[2m(client)[22m[39m [2m[console.warn] [22mGSAP target  not found. https://gsap.com
[2m14:24:47[22m [33m[1m[vite][22m[39m [33m[2m(client)[22m[39m [2m[console.warn] [22mThe width(-1) and height(-1) of chart should be greater than 0,
       please check the style of container, or the props width(100%) and height(100%),
       or add a minWidth(0) or minHeight(undefined) or use aspect(undefined) to control the
       height and width.
[2m14:24:47[22m [33m[1m[vite][22m[39m [33m[2m(client)[22m[39m [2m[console.warn] [22mThe width(-1) and height(-1) of chart should be greater than 0,
       please check the style of container, or the props width(100%) and height(100%),
       or add a minWidth(0) or minHeight(undefined) or use aspect(undefined) to control the
       height and width.
[2m14:24:47[22m [33m[1m[vite][22m[39m [33m[2m(client)[22m[39m [2m[console.warn] [22mThe width(-1) and height(-1) of chart should be greater than 0,
       please check the style of container, or the props width(100%) and height(100%),
       or add a minWidth(0) or minHeight(undefined) or use aspect(undefined) to control the
       height and width.
[2m14:24:47[22m [33m[1m[vite][22m[39m [33m[2m(client)[22m[39m [2m[console.warn] [22mThe width(-1) and height(-1) of chart should be greater than 0,
       please check the style of container, or the props width(100%) and height(100%),
       or add a minWidth(0) or minHeight(undefined) or use aspect(undefined) to control the
       height and width.
[2m14:25:14[22m [33m[1m[vite][22m[39m [33m[2m(client)[22m[39m [2m[console.warn] [22mGSAP target .timeline-item, .operation-row, .severity-card, .severity-legend-item not found. https://gsap.com
[2m14:25:14[22m [33m[1m[vite][22m[39m [33m[2m(client)[22m[39m [2m[console.warn] [22mGSAP target  not found. https://gsap.com
[2m14:25:14[22m [33m[1m[vite][22m[39m [33m[2m(client)[22m[39m [2m[console.warn] [22mGSAP target .severity-meter-fill not found. https://gsap.com
[2m14:25:14[22m [33m[1m[vite][22m[39m [33m[2m(client)[22m[39m [2m[console.warn] [22mGSAP target  not found. https://gsap.com
[2m14:25:14[22m [33m[1m[vite][22m[39m [33m[2m(client)[22m[39m [2m[console.warn] [22mGSAP target  not found. https://gsap.com
[2m14:25:14[22m [33m[1m[vite][22m[39m [33m[2m(client)[22m[39m [2m[console.warn] [22mGSAP target  not found. https://gsap.com
[2m14:25:14[22m [33m[1m[vite][22m[39m [33m[2m(client)[22m[39m [2m[console.warn] [22mGSAP target .timeline-item, .operation-row, .severity-card, .severity-legend-item not found. https://gsap.com
[2m14:25:14[22m [33m[1m[vite][22m[39m [33m[2m(client)[22m[39m [2m[console.warn] [22mGSAP target  not found. https://gsap.com
[2m14:25:14[22m [33m[1m[vite][22m[39m [33m[2m(client)[22m[39m [2m[console.warn] [22mGSAP target .severity-meter-fill not found. https://gsap.com
[2m14:25:14[22m [33m[1m[vite][22m[39m [33m[2m(client)[22m[39m [2m[console.warn] [22mGSAP target  not found. https://gsap.com
[2m14:25:14[22m [33m[1m[vite][22m[39m [33m[2m(client)[22m[39m [2m[console.warn] [22mGSAP target  not found. https://gsap.com
[2m14:25:14[22m [33m[1m[vite][22m[39m [33m[2m(client)[22m[39m [2m[console.warn] [22mGSAP target  not found. https://gsap.com
[2m14:25:45[22m [33m[1m[vite][22m[39m [33m[2m(client)[22m[39m [2m[console.warn] [22mGSAP target .timeline-item, .operation-row, .severity-card, .severity-legend-item not found. https://gsap.com
[2m14:25:45[22m [33m[1m[vite][22m[39m [33m[2m(client)[22m[39m [2m[console.warn] [22mGSAP target  not found. https://gsap.com
[2m14:25:45[22m [33m[1m[vite][22m[39m [33m[2m(client)[22m[39m [2m[console.warn] [22mGSAP target .severity-meter-fill not found. https://gsap.com
[2m14:25:45[22m [33m[1m[vite][22m[39m [33m[2m(client)[22m[39m [2m[console.warn] [22mGSAP target  not found. https://gsap.com
[2m14:25:45[22m [33m[1m[vite][22m[39m [33m[2m(client)[22m[39m [2m[console.warn] [22mGSAP target  not found. https://gsap.com
[2m14:25:45[22m [33m[1m[vite][22m[39m [33m[2m(client)[22m[39m [2m[console.warn] [22mGSAP target  not found. https://gsap.com
[2m14:25:45[22m [33m[1m[vite][22m[39m [33m[2m(client)[22m[39m [2m[console.warn] [22mGSAP target .timeline-item, .operation-row, .severity-card, .severity-legend-item not found. https://gsap.com
[2m14:25:45[22m [33m[1m[vite][22m[39m [33m[2m(client)[22m[39m [2m[console.warn] [22mGSAP target  not found. https://gsap.com
[2m14:25:45[22m [33m[1m[vite][22m[39m [33m[2m(client)[22m[39m [2m[console.warn] [22mGSAP target .severity-meter-fill not found. https://gsap.com
[2m14:25:45[22m [33m[1m[vite][22m[39m [33m[2m(client)[22m[39m [2m[console.warn] [22mGSAP target  not found. https://gsap.com
[2m14:25:45[22m [33m[1m[vite][22m[39m [33m[2m(client)[22m[39m [2m[console.warn] [22mGSAP target  not found. https://gsap.com
[2m14:25:46[22m [33m[1m[vite][22m[39m [33m[2m(client)[22m[39m [2m[console.warn] [22mGSAP target  not found. https://gsap.com
[2m14:25:50[22m [33m[1m[vite][22m[39m [33m[2m(client)[22m[39m [2m[console.warn] [22mGSAP target .timeline-item, .operation-row, .severity-card, .severity-legend-item not found. https://gsap.com
[2m14:25:50[22m [33m[1m[vite][22m[39m [33m[2m(client)[22m[39m [2m[console.warn] [22mGSAP target  not found. https://gsap.com
[2m14:25:50[22m [33m[1m[vite][22m[39m [33m[2m(client)[22m[39m [2m[console.warn] [22mGSAP target .severity-meter-fill not found. https://gsap.com
[2m14:25:50[22m [33m[1m[vite][22m[39m [33m[2m(client)[22m[39m [2m[console.warn] [22mGSAP target  not found. https://gsap.com
[2m14:25:50[22m [33m[1m[vite][22m[39m [33m[2m(client)[22m[39m [2m[console.warn] [22mGSAP target  not found. https://gsap.com
[2m14:25:50[22m [33m[1m[vite][22m[39m [33m[2m(client)[22m[39m [2m[console.warn] [22mGSAP target  not found. https://gsap.com
[2m14:25:50[22m [33m[1m[vite][22m[39m [33m[2m(client)[22m[39m [2m[console.warn] [22mGSAP target .timeline-item, .operation-row, .severity-card, .severity-legend-item not found. https://gsap.com
[2m14:25:50[22m [33m[1m[vite][22m[39m [33m[2m(client)[22m[39m [2m[console.warn] [22mGSAP target  not found. https://gsap.com
[2m14:25:50[22m [33m[1m[vite][22m[39m [33m[2m(client)[22m[39m [2m[console.warn] [22mGSAP target .severity-meter-fill not found. https://gsap.com
[2m14:25:50[22m [33m[1m[vite][22m[39m [33m[2m(client)[22m[39m [2m[console.warn] [22mGSAP target  not found. https://gsap.com
[2m14:25:50[22m [33m[1m[vite][22m[39m [33m[2m(client)[22m[39m [2m[console.warn] [22mGSAP target  not found. https://gsap.com
[2m14:25:50[22m [33m[1m[vite][22m[39m [33m[2m(client)[22m[39m [2m[console.warn] [22mGSAP target  not found. https://gsap.com
[2m14:25:51[22m [33m[1m[vite][22m[39m [33m[2m(client)[22m[39m [2m[console.warn] [22mThe width(-1) and height(-1) of chart should be greater than 0,
       please check the style of container, or the props width(100%) and height(100%),
       or add a minWidth(0) or minHeight(undefined) or use aspect(undefined) to control the
       height and width.
[2m14:25:51[22m [33m[1m[vite][22m[39m [33m[2m(client)[22m[39m [2m[console.warn] [22mThe width(-1) and height(-1) of chart should be greater than 0,
       please check the style of container, or the props width(100%) and height(100%),
       or add a minWidth(0) or minHeight(undefined) or use aspect(undefined) to control the
       height and width.
[2m14:25:51[22m [33m[1m[vite][22m[39m [33m[2m(client)[22m[39m [2m[console.warn] [22mThe width(-1) and height(-1) of chart should be greater than 0,
       please check the style of container, or the props width(100%) and height(100%),
       or add a minWidth(0) or minHeight(undefined) or use aspect(undefined) to control the
       height and width.
[2m14:25:51[22m [33m[1m[vite][22m[39m [33m[2m(client)[22m[39m [2m[console.warn] [22mThe width(-1) and height(-1) of chart should be greater than 0,
       please check the style of container, or the props width(100%) and height(100%),
       or add a minWidth(0) or minHeight(undefined) or use aspect(undefined) to control the
       height and width.
[2m14:25:53[22m [33m[1m[vite][22m[39m [33m[2m(client)[22m[39m [2m[console.warn] [22mGSAP target .timeline-item, .operation-row, .severity-card, .severity-legend-item not found. https://gsap.com
[2m14:25:53[22m [33m[1m[vite][22m[39m [33m[2m(client)[22m[39m [2m[console.warn] [22mGSAP target  not found. https://gsap.com
[2m14:25:53[22m [33m[1m[vite][22m[39m [33m[2m(client)[22m[39m [2m[console.warn] [22mGSAP target .severity-meter-fill not found. https://gsap.com
[2m14:25:53[22m [33m[1m[vite][22m[39m [33m[2m(client)[22m[39m [2m[console.warn] [22mGSAP target  not found. https://gsap.com
[2m14:25:53[22m [33m[1m[vite][22m[39m [33m[2m(client)[22m[39m [2m[console.warn] [22mGSAP target  not found. https://gsap.com
[2m14:25:53[22m [33m[1m[vite][22m[39m [33m[2m(client)[22m[39m [2m[console.warn] [22mGSAP target  not found. https://gsap.com
[2m14:25:53[22m [33m[1m[vite][22m[39m [33m[2m(client)[22m[39m [2m[console.warn] [22mGSAP target .timeline-item, .operation-row, .severity-card, .severity-legend-item not found. https://gsap.com
[2m14:25:53[22m [33m[1m[vite][22m[39m [33m[2m(client)[22m[39m [2m[console.warn] [22mGSAP target  not found. https://gsap.com
[2m14:25:53[22m [33m[1m[vite][22m[39m [33m[2m(client)[22m[39m [2m[console.warn] [22mGSAP target .severity-meter-fill not found. https://gsap.com
[2m14:25:53[22m [33m[1m[vite][22m[39m [33m[2m(client)[22m[39m [2m[console.warn] [22mGSAP target  not found. https://gsap.com
[2m14:25:53[22m [33m[1m[vite][22m[39m [33m[2m(client)[22m[39m [2m[console.warn] [22mGSAP target  not found. https://gsap.com
[2m14:25:53[22m [33m[1m[vite][22m[39m [33m[2m(client)[22m[39m [2m[console.warn] [22mGSAP target  not found. https://gsap.com
[2m14:26:08[22m [33m[1m[vite][22m[39m [33m[2m(client)[22m[39m [2m[console.warn] [22mThe width(-1) and height(-1) of chart should be greater than 0,
       please check the style of container, or the props width(100%) and height(100%),
       or add a minWidth(0) or minHeight(undefined) or use aspect(undefined) to control the
       height and width.
[2m14:26:08[22m [33m[1m[vite][22m[39m [33m[2m(client)[22m[39m [2m[console.warn] [22mThe width(-1) and height(-1) of chart should be greater than 0,
       please check the style of container, or the props width(100%) and height(100%),
       or add a minWidth(0) or minHeight(undefined) or use aspect(undefined) to control the
       height and width.
[2m14:26:08[22m [33m[1m[vite][22m[39m [33m[2m(client)[22m[39m [2m[console.warn] [22mThe width(-1) and height(-1) of chart should be greater than 0,
       please check the style of container, or the props width(100%) and height(100%),
       or add a minWidth(0) or minHeight(undefined) or use aspect(undefined) to control the
       height and width.
[2m14:26:08[22m [33m[1m[vite][22m[39m [33m[2m(client)[22m[39m [2m[console.warn] [22mThe width(-1) and height(-1) of chart should be greater than 0,
       please check the style of container, or the props width(100%) and height(100%),
       or add a minWidth(0) or minHeight(undefined) or use aspect(undefined) to control the
       height and width.
[2m14:26:50[22m [33m[1m[vite][22m[39m [33m[2m(client)[22m[39m [2m[console.warn] [22mGSAP target .timeline-item, .operation-row, .severity-card, .severity-legend-item not found. https://gsap.com
[2m14:26:50[22m [33m[1m[vite][22m[39m [33m[2m(client)[22m[39m [2m[console.warn] [22mGSAP target  not found. https://gsap.com
[2m14:26:50[22m [33m[1m[vite][22m[39m [33m[2m(client)[22m[39m [2m[console.warn] [22mGSAP target .severity-meter-fill not found. https://gsap.com
[2m14:26:50[22m [33m[1m[vite][22m[39m [33m[2m(client)[22m[39m [2m[console.warn] [22mGSAP target  not found. https://gsap.com
[2m14:26:50[22m [33m[1m[vite][22m[39m [33m[2m(client)[22m[39m [2m[console.warn] [22mGSAP target  not found. https://gsap.com
[2m14:26:50[22m [33m[1m[vite][22m[39m [33m[2m(client)[22m[39m [2m[console.warn] [22mGSAP target  not found. https://gsap.com
[2m14:26:50[22m [33m[1m[vite][22m[39m [33m[2m(client)[22m[39m [2m[console.warn] [22mGSAP target .timeline-item, .operation-row, .severity-card, .severity-legend-item not found. https://gsap.com
[2m14:26:50[22m [33m[1m[vite][22m[39m [33m[2m(client)[22m[39m [2m[console.warn] [22mGSAP target  not found. https://gsap.com
[2m14:26:50[22m [33m[1m[vite][22m[39m [33m[2m(client)[22m[39m [2m[console.warn] [22mGSAP target .severity-meter-fill not found. https://gsap.com
[2m14:26:50[22m [33m[1m[vite][22m[39m [33m[2m(client)[22m[39m [2m[console.warn] [22mGSAP target  not found. https://gsap.com
[2m14:26:50[22m [33m[1m[vite][22m[39m [33m[2m(client)[22m[39m [2m[console.warn] [22mGSAP target  not found. https://gsap.com
[2m14:26:50[22m [33m[1m[vite][22m[39m [33m[2m(client)[22m[39m [2m[console.warn] [22mGSAP target  not found. https://gsap.com
[2m14:26:55[22m [33m[1m[vite][22m[39m [33m[2m(client)[22m[39m [2m[console.warn] [22mGSAP target .timeline-item, .operation-row, .severity-card, .severity-legend-item not found. https://gsap.com
[2m14:26:55[22m [33m[1m[vite][22m[39m [33m[2m(client)[22m[39m [2m[console.warn] [22mGSAP target  not found. https://gsap.com
[2m14:26:55[22m [33m[1m[vite][22m[39m [33m[2m(client)[22m[39m [2m[console.warn] [22mGSAP target .severity-meter-fill not found. https://gsap.com
[2m14:26:55[22m [33m[1m[vite][22m[39m [33m[2m(client)[22m[39m [2m[console.warn] [22mGSAP target  not found. https://gsap.com
[2m14:26:55[22m [33m[1m[vite][22m[39m [33m[2m(client)[22m[39m [2m[console.warn] [22mGSAP target  not found. https://gsap.com
[2m14:26:55[22m [33m[1m[vite][22m[39m [33m[2m(client)[22m[39m [2m[console.warn] [22mGSAP target  not found. https://gsap.com
[2m14:26:55[22m [33m[1m[vite][22m[39m [33m[2m(client)[22m[39m [2m[console.warn] [22mGSAP target .timeline-item, .operation-row, .severity-card, .severity-legend-item not found. https://gsap.com
[2m14:26:55[22m [33m[1m[vite][22m[39m [33m[2m(client)[22m[39m [2m[console.warn] [22mGSAP target  not found. https://gsap.com
[2m14:26:55[22m [33m[1m[vite][22m[39m [33m[2m(client)[22m[39m [2m[console.warn] [22mGSAP target .severity-meter-fill not found. https://gsap.com
[2m14:26:55[22m [33m[1m[vite][22m[39m [33m[2m(client)[22m[39m [2m[console.warn] [22mGSAP target  not found. https://gsap.com
[2m14:26:55[22m [33m[1m[vite][22m[39m [33m[2m(client)[22m[39m [2m[console.warn] [22mGSAP target  not found. https://gsap.com
[2m14:26:55[22m [33m[1m[vite][22m[39m [33m[2m(client)[22m[39m [2m[console.warn] [22mGSAP target  not found. https://gsap.com
[2m14:27:05[22m [33m[1m[vite][22m[39m [33m[2m(client)[22m[39m [2m[console.warn] [22mGSAP target .timeline-item, .operation-row, .severity-card, .severity-legend-item not found. https://gsap.com
[2m14:27:05[22m [33m[1m[vite][22m[39m [33m[2m(client)[22m[39m [2m[console.warn] [22mGSAP target  not found. https://gsap.com
[2m14:27:05[22m [33m[1m[vite][22m[39m [33m[2m(client)[22m[39m [2m[console.warn] [22mGSAP target .severity-meter-fill not found. https://gsap.com
[2m14:27:05[22m [33m[1m[vite][22m[39m [33m[2m(client)[22m[39m [2m[console.warn] [22mGSAP target  not found. https://gsap.com
[2m14:27:05[22m [33m[1m[vite][22m[39m [33m[2m(client)[22m[39m [2m[console.warn] [22mGSAP target  not found. https://gsap.com
[2m14:27:05[22m [33m[1m[vite][22m[39m [33m[2m(client)[22m[39m [2m[console.warn] [22mGSAP target  not found. https://gsap.com
[2m14:27:05[22m [33m[1m[vite][22m[39m [33m[2m(client)[22m[39m [2m[console.warn] [22mGSAP target .timeline-item, .operation-row, .severity-card, .severity-legend-item not found. https://gsap.com
[2m14:27:05[22m [33m[1m[vite][22m[39m [33m[2m(client)[22m[39m [2m[console.warn] [22mGSAP target  not found. https://gsap.com
[2m14:27:05[22m [33m[1m[vite][22m[39m [33m[2m(client)[22m[39m [2m[console.warn] [22mGSAP target .severity-meter-fill not found. https://gsap.com
[2m14:27:05[22m [33m[1m[vite][22m[39m [33m[2m(client)[22m[39m [2m[console.warn] [22mGSAP target  not found. https://gsap.com
[2m14:27:05[22m [33m[1m[vite][22m[39m [33m[2m(client)[22m[39m [2m[console.warn] [22mGSAP target  not found. https://gsap.com
[2m14:27:05[22m [33m[1m[vite][22m[39m [33m[2m(client)[22m[39m [2m[console.warn] [22mGSAP target  not found. https://gsap.com
[2m14:27:05[22m [33m[1m[vite][22m[39m [33m[2m(client)[22m[39m [2m[console.warn] [22mGSAP target  not found. https://gsap.com
[2m14:27:05[22m [33m[1m[vite][22m[39m [33m[2m(client)[22m[39m [2m[console.warn] [22mGSAP target  not found. https://gsap.com
[2m14:27:06[22m [33m[1m[vite][22m[39m [33m[2m(client)[22m[39m [2m[console.warn] [22mGSAP target .timeline-item, .operation-row, .severity-card, .severity-legend-item not found. https://gsap.com
[2m14:27:06[22m [33m[1m[vite][22m[39m [33m[2m(client)[22m[39m [2m[console.warn] [22mGSAP target  not found. https://gsap.com
[2m14:27:06[22m [33m[1m[vite][22m[39m [33m[2m(client)[22m[39m [2m[console.warn] [22mGSAP target .severity-meter-fill not found. https://gsap.com
[2m14:27:06[22m [33m[1m[vite][22m[39m [33m[2m(client)[22m[39m [2m[console.warn] [22mGSAP target  not found. https://gsap.com
[2m14:27:06[22m [33m[1m[vite][22m[39m [33m[2m(client)[22m[39m [2m[console.warn] [22mGSAP target  not found. https://gsap.com
[2m14:27:06[22m [33m[1m[vite][22m[39m [33m[2m(client)[22m[39m [2m[console.warn] [22mGSAP target  not found. https://gsap.com
[2m14:27:06[22m [33m[1m[vite][22m[39m [33m[2m(client)[22m[39m [2m[console.warn] [22mGSAP target .timeline-item, .operation-row, .severity-card, .severity-legend-item not found. https://gsap.com
[2m14:27:06[22m [33m[1m[vite][22m[39m [33m[2m(client)[22m[39m [2m[console.warn] [22mGSAP target  not found. https://gsap.com
[2m14:27:06[22m [33m[1m[vite][22m[39m [33m[2m(client)[22m[39m [2m[console.warn] [22mGSAP target .severity-meter-fill not found. https://gsap.com
[2m14:27:06[22m [33m[1m[vite][22m[39m [33m[2m(client)[22m[39m [2m[console.warn] [22mGSAP target  not found. https://gsap.com
[2m14:27:06[22m [33m[1m[vite][22m[39m [33m[2m(client)[22m[39m [2m[console.warn] [22mGSAP target  not found. https://gsap.com
[2m14:27:06[22m [33m[1m[vite][22m[39m [33m[2m(client)[22m[39m [2m[console.warn] [22mGSAP target  not found. https://gsap.com
[2m14:27:45[22m [33m[1m[vite][22m[39m [33m[2m(client)[22m[39m [2m[console.warn] [22mGSAP target .timeline-item, .operation-row, .severity-card, .severity-legend-item not found. https://gsap.com
[2m14:27:45[22m [33m[1m[vite][22m[39m [33m[2m(client)[22m[39m [2m[console.warn] [22mGSAP target  not found. https://gsap.com
[2m14:27:45[22m [33m[1m[vite][22m[39m [33m[2m(client)[22m[39m [2m[console.warn] [22mGSAP target .severity-meter-fill not found. https://gsap.com
[2m14:27:45[22m [33m[1m[vite][22m[39m [33m[2m(client)[22m[39m [2m[console.warn] [22mGSAP target  not found. https://gsap.com
[2m14:27:45[22m [33m[1m[vite][22m[39m [33m[2m(client)[22m[39m [2m[console.warn] [22mGSAP target  not found. https://gsap.com
[2m14:27:45[22m [33m[1m[vite][22m[39m [33m[2m(client)[22m[39m [2m[console.warn] [22mGSAP target  not found. https://gsap.com
[2m14:27:45[22m [33m[1m[vite][22m[39m [33m[2m(client)[22m[39m [2m[console.warn] [22mGSAP target .timeline-item, .operation-row, .severity-card, .severity-legend-item not found. https://gsap.com
[2m14:27:45[22m [33m[1m[vite][22m[39m [33m[2m(client)[22m[39m [2m[console.warn] [22mGSAP target  not found. https://gsap.com
[2m14:27:45[22m [33m[1m[vite][22m[39m [33m[2m(client)[22m[39m [2m[console.warn] [22mGSAP target .severity-meter-fill not found. https://gsap.com
[2m14:27:45[22m [33m[1m[vite][22m[39m [33m[2m(client)[22m[39m [2m[console.warn] [22mGSAP target  not found. https://gsap.com
[2m14:27:45[22m [33m[1m[vite][22m[39m [33m[2m(client)[22m[39m [2m[console.warn] [22mGSAP target  not found. https://gsap.com
[2m14:27:45[22m [33m[1m[vite][22m[39m [33m[2m(client)[22m[39m [2m[console.warn] [22mGSAP target  not found. https://gsap.com
[2m14:27:45[22m [33m[1m[vite][22m[39m [33m[2m(client)[22m[39m [2m[console.warn] [22mGSAP target  not found. https://gsap.com
[2m14:27:45[22m [33m[1m[vite][22m[39m [33m[2m(client)[22m[39m [2m[console.warn] [22mGSAP target  not found. https://gsap.com
[2m14:37:13[22m [33m[1m[vite][22m[39m [33m[2m(client)[22m[39m [2m[console.warn] [22mThe width(-1) and height(-1) of chart should be greater than 0,
       please check the style of container, or the props width(100%) and height(100%),
       or add a minWidth(0) or minHeight(undefined) or use aspect(undefined) to control the
       height and width.
[2m14:37:13[22m [33m[1m[vite][22m[39m [33m[2m(client)[22m[39m [2m[console.warn] [22mThe width(-1) and height(-1) of chart should be greater than 0,
       please check the style of container, or the props width(100%) and height(100%),
       or add a minWidth(0) or minHeight(undefined) or use aspect(undefined) to control the
       height and width.
[2m14:37:13[22m [33m[1m[vite][22m[39m [33m[2m(client)[22m[39m [2m[console.warn] [22mThe width(-1) and height(-1) of chart should be greater than 0,
       please check the style of container, or the props width(100%) and height(100%),
       or add a minWidth(0) or minHeight(undefined) or use aspect(undefined) to control the
       height and width.
[2m14:37:13[22m [33m[1m[vite][22m[39m [33m[2m(client)[22m[39m [2m[console.warn] [22mThe width(-1) and height(-1) of chart should be greater than 0,
       please check the style of container, or the props width(100%) and height(100%),
       or add a minWidth(0) or minHeight(undefined) or use aspect(undefined) to control the
       height and width.
[2m14:37:13[22m [33m[1m[vite][22m[39m [33m[2m(client)[22m[39m [2m[console.warn] [22mGSAP target .severity-meter-fill not found. https://gsap.com
[2m14:37:13[22m [33m[1m[vite][22m[39m [33m[2m(client)[22m[39m [2m[console.warn] [22mGSAP target  not found. https://gsap.com
[2m14:37:13[22m [33m[1m[vite][22m[39m [33m[2m(client)[22m[39m [2m[console.warn] [22mGSAP target  not found. https://gsap.com
[2m14:37:13[22m [33m[1m[vite][22m[39m [33m[2m(client)[22m[39m [2m[console.warn] [22mGSAP target .severity-meter-fill not found. https://gsap.com
[2m14:37:13[22m [33m[1m[vite][22m[39m [33m[2m(client)[22m[39m [2m[console.warn] [22mGSAP target  not found. https://gsap.com
[2m14:37:14[22m [33m[1m[vite][22m[39m [33m[2m(client)[22m[39m [2m[console.warn] [22mGSAP target  not found. https://gsap.com
[2m14:37:23[22m [33m[1m[vite][22m[39m [33m[2m(client)[22m[39m [2m[console.warn] [22mGSAP target .timeline-item, .operation-row, .severity-card, .severity-legend-item not found. https://gsap.com
[2m14:37:23[22m [33m[1m[vite][22m[39m [33m[2m(client)[22m[39m [2m[console.warn] [22mGSAP target  not found. https://gsap.com
[2m14:37:23[22m [33m[1m[vite][22m[39m [33m[2m(client)[22m[39m [2m[console.warn] [22mGSAP target .severity-meter-fill not found. https://gsap.com
[2m14:37:23[22m [33m[1m[vite][22m[39m [33m[2m(client)[22m[39m [2m[console.warn] [22mGSAP target  not found. https://gsap.com
[2m14:37:23[22m [33m[1m[vite][22m[39m [33m[2m(client)[22m[39m [2m[console.warn] [22mGSAP target  not found. https://gsap.com
[2m14:37:23[22m [33m[1m[vite][22m[39m [33m[2m(client)[22m[39m [2m[console.warn] [22mGSAP target  not found. https://gsap.com
[2m14:37:23[22m [33m[1m[vite][22m[39m [33m[2m(client)[22m[39m [2m[console.warn] [22mGSAP target .timeline-item, .operation-row, .severity-card, .severity-legend-item not found. https://gsap.com
[2m14:37:23[22m [33m[1m[vite][22m[39m [33m[2m(client)[22m[39m [2m[console.warn] [22mGSAP target  not found. https://gsap.com
[2m14:37:23[22m [33m[1m[vite][22m[39m [33m[2m(client)[22m[39m [2m[console.warn] [22mGSAP target .severity-meter-fill not found. https://gsap.com
[2m14:37:23[22m [33m[1m[vite][22m[39m [33m[2m(client)[22m[39m [2m[console.warn] [22mGSAP target  not found. https://gsap.com
[2m14:37:24[22m [33m[1m[vite][22m[39m [33m[2m(client)[22m[39m [2m[console.warn] [22mGSAP target  not found. https://gsap.com
[2m14:37:24[22m [33m[1m[vite][22m[39m [33m[2m(client)[22m[39m [2m[console.warn] [22mGSAP target  not found. https://gsap.com
[2m14:37:27[22m [33m[1m[vite][22m[39m [33m[2m(client)[22m[39m [2m[console.warn] [22mGSAP target .timeline-item, .operation-row, .severity-card, .severity-legend-item not found. https://gsap.com
[2m14:37:27[22m [33m[1m[vite][22m[39m [33m[2m(client)[22m[39m [2m[console.warn] [22mGSAP target  not found. https://gsap.com
[2m14:37:27[22m [33m[1m[vite][22m[39m [33m[2m(client)[22m[39m [2m[console.warn] [22mGSAP target .severity-meter-fill not found. https://gsap.com
[2m14:37:27[22m [33m[1m[vite][22m[39m [33m[2m(client)[22m[39m [2m[console.warn] [22mGSAP target  not found. https://gsap.com
[2m14:37:27[22m [33m[1m[vite][22m[39m [33m[2m(client)[22m[39m [2m[console.warn] [22mGSAP target  not found. https://gsap.com
[2m14:37:27[22m [33m[1m[vite][22m[39m [33m[2m(client)[22m[39m [2m[console.warn] [22mGSAP target  not found. https://gsap.com
[2m14:37:27[22m [33m[1m[vite][22m[39m [33m[2m(client)[22m[39m [2m[console.warn] [22mGSAP target .timeline-item, .operation-row, .severity-card, .severity-legend-item not found. https://gsap.com
[2m14:37:27[22m [33m[1m[vite][22m[39m [33m[2m(client)[22m[39m [2m[console.warn] [22mGSAP target  not found. https://gsap.com
[2m14:37:27[22m [33m[1m[vite][22m[39m [33m[2m(client)[22m[39m [2m[console.warn] [22mGSAP target .severity-meter-fill not found. https://gsap.com
[2m14:37:27[22m [33m[1m[vite][22m[39m [33m[2m(client)[22m[39m [2m[console.warn] [22mGSAP target  not found. https://gsap.com
[2m14:37:27[22m [33m[1m[vite][22m[39m [33m[2m(client)[22m[39m [2m[console.warn] [22mGSAP target  not found. https://gsap.com
[2m14:37:27[22m [33m[1m[vite][22m[39m [33m[2m(client)[22m[39m [2m[console.warn] [22mGSAP target  not found. https://gsap.com
[2m14:37:28[22m [31m[1m[vite][22m[39m [31m[2m(client)[22m[39m [2m[console.error] [22mIn HTML, <button> cannot be a descendant of <button>.
This will cause a hydration error.

  ...
    <div className="flex min-h..." style={{opacity:0, ...}} ref={function}>
      <ApprovalsPage>
        <PageFrame icon={{...}} title="Approval C...">
          <motion.main ref={{...}} className="min-w-0 fl..." initial={{opacity:0,y:10}} animate={{opacity:1,y:0}} ...>
            <main className="min-w-0 fl..." style={{opacity:0, ...}} ref={function}>
              <div className="mx-auto fl...">
                <section>
                <section className="grid gap-5...">
                  <div className="space-y-4">
                    <section>
                    <Panel>
                      <section data-gsap="reveal" className="glass-pane...">
                        <div>
                        <div className="space-y-3">
>                         <button className="approval-request-card active" onClick={function onClick} type="button">
                            <div className="flex flex-...">
                              <div>
                              <div className="flex gap-2">
                                <Button className="h-9" onClick={function onClick} variant="primary">
>                                 <button
>                                   className="inline-flex items-center justify-center gap-2 rounded-md px-3 text-sm f..."
>                                   onClick={function onClick}
>                                 >
                                ...
                  ...

[2m14:37:28[22m [31m[1m[vite][22m[39m [31m[2m(client)[22m[39m [2m[console.error] [22m<button> cannot contain a nested <button>.
See this log for the ancestor stack trace.
[2m14:37:29[22m [33m[1m[vite][22m[39m [33m[2m(client)[22m[39m [2m[console.warn] [22mGSAP target .timeline-item, .operation-row, .severity-card, .severity-legend-item not found. https://gsap.com
[2m14:37:29[22m [33m[1m[vite][22m[39m [33m[2m(client)[22m[39m [2m[console.warn] [22mGSAP target  not found. https://gsap.com
[2m14:37:29[22m [33m[1m[vite][22m[39m [33m[2m(client)[22m[39m [2m[console.warn] [22mGSAP target .severity-meter-fill not found. https://gsap.com
[2m14:37:29[22m [33m[1m[vite][22m[39m [33m[2m(client)[22m[39m [2m[console.warn] [22mGSAP target  not found. https://gsap.com
[2m14:37:29[22m [33m[1m[vite][22m[39m [33m[2m(client)[22m[39m [2m[console.warn] [22mGSAP target  not found. https://gsap.com
[2m14:37:29[22m [33m[1m[vite][22m[39m [33m[2m(client)[22m[39m [2m[console.warn] [22mGSAP target  not found. https://gsap.com
[2m14:37:29[22m [33m[1m[vite][22m[39m [33m[2m(client)[22m[39m [2m[console.warn] [22mGSAP target .timeline-item, .operation-row, .severity-card, .severity-legend-item not found. https://gsap.com
[2m14:37:29[22m [33m[1m[vite][22m[39m [33m[2m(client)[22m[39m [2m[console.warn] [22mGSAP target  not found. https://gsap.com
[2m14:37:29[22m [33m[1m[vite][22m[39m [33m[2m(client)[22m[39m [2m[console.warn] [22mGSAP target .severity-meter-fill not found. https://gsap.com
[2m14:37:29[22m [33m[1m[vite][22m[39m [33m[2m(client)[22m[39m [2m[console.warn] [22mGSAP target  not found. https://gsap.com
[2m14:37:30[22m [33m[1m[vite][22m[39m [33m[2m(client)[22m[39m [2m[console.warn] [22mGSAP target  not found. https://gsap.com
[2m14:37:30[22m [33m[1m[vite][22m[39m [33m[2m(client)[22m[39m [2m[console.warn] [22mGSAP target  not found. https://gsap.com
[2m14:37:31[22m [33m[1m[vite][22m[39m [33m[2m(client)[22m[39m [2m[console.warn] [22mGSAP target .timeline-item, .operation-row, .severity-card, .severity-legend-item not found. https://gsap.com
[2m14:37:31[22m [33m[1m[vite][22m[39m [33m[2m(client)[22m[39m [2m[console.warn] [22mGSAP target  not found. https://gsap.com
[2m14:37:31[22m [33m[1m[vite][22m[39m [33m[2m(client)[22m[39m [2m[console.warn] [22mGSAP target .severity-meter-fill not found. https://gsap.com
[2m14:37:31[22m [33m[1m[vite][22m[39m [33m[2m(client)[22m[39m [2m[console.warn] [22mGSAP target  not found. https://gsap.com
[2m14:37:31[22m [33m[1m[vite][22m[39m [33m[2m(client)[22m[39m [2m[console.warn] [22mGSAP target  not found. https://gsap.com
[2m14:37:31[22m [33m[1m[vite][22m[39m [33m[2m(client)[22m[39m [2m[console.warn] [22mGSAP target  not found. https://gsap.com
[2m14:37:31[22m [33m[1m[vite][22m[39m [33m[2m(client)[22m[39m [2m[console.warn] [22mGSAP target .timeline-item, .operation-row, .severity-card, .severity-legend-item not found. https://gsap.com
[2m14:37:31[22m [33m[1m[vite][22m[39m [33m[2m(client)[22m[39m [2m[console.warn] [22mGSAP target  not found. https://gsap.com
[2m14:37:31[22m [33m[1m[vite][22m[39m [33m[2m(client)[22m[39m [2m[console.warn] [22mGSAP target .severity-meter-fill not found. https://gsap.com
[2m14:37:31[22m [33m[1m[vite][22m[39m [33m[2m(client)[22m[39m [2m[console.warn] [22mGSAP target  not found. https://gsap.com
[2m14:37:32[22m [33m[1m[vite][22m[39m [33m[2m(client)[22m[39m [2m[console.warn] [22mGSAP target  not found. https://gsap.com
[2m14:37:32[22m [33m[1m[vite][22m[39m [33m[2m(client)[22m[39m [2m[console.warn] [22mGSAP target  not found. https://gsap.com
[2m14:37:33[22m [33m[1m[vite][22m[39m [33m[2m(client)[22m[39m [2m[console.warn] [22mGSAP target .timeline-item, .operation-row, .severity-card, .severity-legend-item not found. https://gsap.com
[2m14:37:33[22m [33m[1m[vite][22m[39m [33m[2m(client)[22m[39m [2m[console.warn] [22mGSAP target  not found. https://gsap.com
[2m14:37:33[22m [33m[1m[vite][22m[39m [33m[2m(client)[22m[39m [2m[console.warn] [22mGSAP target .severity-meter-fill not found. https://gsap.com
[2m14:37:33[22m [33m[1m[vite][22m[39m [33m[2m(client)[22m[39m [2m[console.warn] [22mGSAP target  not found. https://gsap.com
[2m14:37:33[22m [33m[1m[vite][22m[39m [33m[2m(client)[22m[39m [2m[console.warn] [22mGSAP target  not found. https://gsap.com
[2m14:37:33[22m [33m[1m[vite][22m[39m [33m[2m(client)[22m[39m [2m[console.warn] [22mGSAP target  not found. https://gsap.com
[2m14:37:33[22m [33m[1m[vite][22m[39m [33m[2m(client)[22m[39m [2m[console.warn] [22mGSAP target .timeline-item, .operation-row, .severity-card, .severity-legend-item not found. https://gsap.com
[2m14:37:33[22m [33m[1m[vite][22m[39m [33m[2m(client)[22m[39m [2m[console.warn] [22mGSAP target  not found. https://gsap.com
[2m14:37:33[22m [33m[1m[vite][22m[39m [33m[2m(client)[22m[39m [2m[console.warn] [22mGSAP target .severity-meter-fill not found. https://gsap.com
[2m14:37:33[22m [33m[1m[vite][22m[39m [33m[2m(client)[22m[39m [2m[console.warn] [22mGSAP target  not found. https://gsap.com
[2m14:37:33[22m [33m[1m[vite][22m[39m [33m[2m(client)[22m[39m [2m[console.warn] [22mGSAP target  not found. https://gsap.com
[2m14:37:33[22m [33m[1m[vite][22m[39m [33m[2m(client)[22m[39m [2m[console.warn] [22mGSAP target  not found. https://gsap.com
[2m14:37:35[22m [33m[1m[vite][22m[39m [33m[2m(client)[22m[39m [2m[console.warn] [22mGSAP target .timeline-item, .operation-row, .severity-card, .severity-legend-item not found. https://gsap.com
[2m14:37:35[22m [33m[1m[vite][22m[39m [33m[2m(client)[22m[39m [2m[console.warn] [22mGSAP target  not found. https://gsap.com
[2m14:37:35[22m [33m[1m[vite][22m[39m [33m[2m(client)[22m[39m [2m[console.warn] [22mGSAP target .severity-meter-fill not found. https://gsap.com
[2m14:37:35[22m [33m[1m[vite][22m[39m [33m[2m(client)[22m[39m [2m[console.warn] [22mGSAP target  not found. https://gsap.com
[2m14:37:35[22m [33m[1m[vite][22m[39m [33m[2m(client)[22m[39m [2m[console.warn] [22mGSAP target  not found. https://gsap.com
[2m14:37:35[22m [33m[1m[vite][22m[39m [33m[2m(client)[22m[39m [2m[console.warn] [22mGSAP target  not found. https://gsap.com
[2m14:37:35[22m [33m[1m[vite][22m[39m [33m[2m(client)[22m[39m [2m[console.warn] [22mGSAP target .timeline-item, .operation-row, .severity-card, .severity-legend-item not found. https://gsap.com
[2m14:37:35[22m [33m[1m[vite][22m[39m [33m[2m(client)[22m[39m [2m[console.warn] [22mGSAP target  not found. https://gsap.com
[2m14:37:35[22m [33m[1m[vite][22m[39m [33m[2m(client)[22m[39m [2m[console.warn] [22mGSAP target .severity-meter-fill not found. https://gsap.com
[2m14:37:35[22m [33m[1m[vite][22m[39m [33m[2m(client)[22m[39m [2m[console.warn] [22mGSAP target  not found. https://gsap.com
[2m14:37:35[22m [33m[1m[vite][22m[39m [33m[2m(client)[22m[39m [2m[console.warn] [22mGSAP target  not found. https://gsap.com
[2m14:37:35[22m [33m[1m[vite][22m[39m [33m[2m(client)[22m[39m [2m[console.warn] [22mGSAP target  not found. https://gsap.com
[2m14:37:37[22m [33m[1m[vite][22m[39m [33m[2m(client)[22m[39m [2m[console.warn] [22mThe width(-1) and height(-1) of chart should be greater than 0,
       please check the style of container, or the props width(100%) and height(100%),
       or add a minWidth(0) or minHeight(undefined) or use aspect(undefined) to control the
       height and width.
[2m14:37:37[22m [33m[1m[vite][22m[39m [33m[2m(client)[22m[39m [2m[console.warn] [22mThe width(-1) and height(-1) of chart should be greater than 0,
       please check the style of container, or the props width(100%) and height(100%),
       or add a minWidth(0) or minHeight(undefined) or use aspect(undefined) to control the
       height and width.
[2m14:37:37[22m [33m[1m[vite][22m[39m [33m[2m(client)[22m[39m [2m[console.warn] [22mThe width(-1) and height(-1) of chart should be greater than 0,
       please check the style of container, or the props width(100%) and height(100%),
       or add a minWidth(0) or minHeight(undefined) or use aspect(undefined) to control the
       height and width.
[2m14:37:37[22m [33m[1m[vite][22m[39m [33m[2m(client)[22m[39m [2m[console.warn] [22mThe width(-1) and height(-1) of chart should be greater than 0,
       please check the style of container, or the props width(100%) and height(100%),
       or add a minWidth(0) or minHeight(undefined) or use aspect(undefined) to control the
       height and width.
[2m14:38:53[22m [33m[1m[vite][22m[39m [33m[2m(client)[22m[39m [2m[console.warn] [22mGSAP target .timeline-item, .operation-row, .severity-card, .severity-legend-item not found. https://gsap.com
[2m14:38:53[22m [33m[1m[vite][22m[39m [33m[2m(client)[22m[39m [2m[console.warn] [22mGSAP target  not found. https://gsap.com
[2m14:38:53[22m [33m[1m[vite][22m[39m [33m[2m(client)[22m[39m [2m[console.warn] [22mGSAP target .severity-meter-fill not found. https://gsap.com
[2m14:38:53[22m [33m[1m[vite][22m[39m [33m[2m(client)[22m[39m [2m[console.warn] [22mGSAP target  not found. https://gsap.com
[2m14:38:53[22m [33m[1m[vite][22m[39m [33m[2m(client)[22m[39m [2m[console.warn] [22mGSAP target  not found. https://gsap.com
[2m14:38:53[22m [33m[1m[vite][22m[39m [33m[2m(client)[22m[39m [2m[console.warn] [22mGSAP target  not found. https://gsap.com
[2m14:38:53[22m [33m[1m[vite][22m[39m [33m[2m(client)[22m[39m [2m[console.warn] [22mGSAP target .timeline-item, .operation-row, .severity-card, .severity-legend-item not found. https://gsap.com
[2m14:38:53[22m [33m[1m[vite][22m[39m [33m[2m(client)[22m[39m [2m[console.warn] [22mGSAP target  not found. https://gsap.com
[2m14:38:53[22m [33m[1m[vite][22m[39m [33m[2m(client)[22m[39m [2m[console.warn] [22mGSAP target .severity-meter-fill not found. https://gsap.com
[2m14:38:53[22m [33m[1m[vite][22m[39m [33m[2m(client)[22m[39m [2m[console.warn] [22mGSAP target  not found. https://gsap.com
[2m14:38:53[22m [33m[1m[vite][22m[39m [33m[2m(client)[22m[39m [2m[console.warn] [22mGSAP target  not found. https://gsap.com
[2m14:38:53[22m [33m[1m[vite][22m[39m [33m[2m(client)[22m[39m [2m[console.warn] [22mGSAP target  not found. https://gsap.com
[2m14:38:53[22m [33m[1m[vite][22m[39m [33m[2m(client)[22m[39m [2m[console.warn] [22mGSAP target  not found. https://gsap.com
[2m14:39:00[22m [33m[1m[vite][22m[39m [33m[2m(client)[22m[39m [2m[console.warn] [22mGSAP target .timeline-item, .operation-row, .severity-card, .severity-legend-item not found. https://gsap.com
[2m14:39:00[22m [33m[1m[vite][22m[39m [33m[2m(client)[22m[39m [2m[console.warn] [22mGSAP target  not found. https://gsap.com
[2m14:39:00[22m [33m[1m[vite][22m[39m [33m[2m(client)[22m[39m [2m[console.warn] [22mGSAP target .severity-meter-fill not found. https://gsap.com
[2m14:39:00[22m [33m[1m[vite][22m[39m [33m[2m(client)[22m[39m [2m[console.warn] [22mGSAP target  not found. https://gsap.com
[2m14:39:00[22m [33m[1m[vite][22m[39m [33m[2m(client)[22m[39m [2m[console.warn] [22mGSAP target  not found. https://gsap.com
[2m14:39:00[22m [33m[1m[vite][22m[39m [33m[2m(client)[22m[39m [2m[console.warn] [22mGSAP target  not found. https://gsap.com
[2m14:39:00[22m [33m[1m[vite][22m[39m [33m[2m(client)[22m[39m [2m[console.warn] [22mGSAP target .timeline-item, .operation-row, .severity-card, .severity-legend-item not found. https://gsap.com
[2m14:39:00[22m [33m[1m[vite][22m[39m [33m[2m(client)[22m[39m [2m[console.warn] [22mGSAP target  not found. https://gsap.com
[2m14:39:00[22m [33m[1m[vite][22m[39m [33m[2m(client)[22m[39m [2m[console.warn] [22mGSAP target .severity-meter-fill not found. https://gsap.com
[2m14:39:00[22m [33m[1m[vite][22m[39m [33m[2m(client)[22m[39m [2m[console.warn] [22mGSAP target  not found. https://gsap.com
[2m14:39:01[22m [33m[1m[vite][22m[39m [33m[2m(client)[22m[39m [2m[console.warn] [22mGSAP target  not found. https://gsap.com
[2m14:39:01[22m [33m[1m[vite][22m[39m [33m[2m(client)[22m[39m [2m[console.warn] [22mGSAP target  not found. https://gsap.com
[2m14:39:03[22m [33m[1m[vite][22m[39m [33m[2m(client)[22m[39m [2m[console.warn] [22mGSAP target .timeline-item, .operation-row, .severity-card, .severity-legend-item not found. https://gsap.com
[2m14:39:03[22m [33m[1m[vite][22m[39m [33m[2m(client)[22m[39m [2m[console.warn] [22mGSAP target  not found. https://gsap.com
[2m14:39:03[22m [33m[1m[vite][22m[39m [33m[2m(client)[22m[39m [2m[console.warn] [22mGSAP target .severity-meter-fill not found. https://gsap.com
[2m14:39:03[22m [33m[1m[vite][22m[39m [33m[2m(client)[22m[39m [2m[console.warn] [22mGSAP target  not found. https://gsap.com
[2m14:39:03[22m [33m[1m[vite][22m[39m [33m[2m(client)[22m[39m [2m[console.warn] [22mGSAP target  not found. https://gsap.com
[2m14:39:03[22m [33m[1m[vite][22m[39m [33m[2m(client)[22m[39m [2m[console.warn] [22mGSAP target  not found. https://gsap.com
[2m14:39:03[22m [33m[1m[vite][22m[39m [33m[2m(client)[22m[39m [2m[console.warn] [22mGSAP target .timeline-item, .operation-row, .severity-card, .severity-legend-item not found. https://gsap.com
[2m14:39:03[22m [33m[1m[vite][22m[39m [33m[2m(client)[22m[39m [2m[console.warn] [22mGSAP target  not found. https://gsap.com
[2m14:39:03[22m [33m[1m[vite][22m[39m [33m[2m(client)[22m[39m [2m[console.warn] [22mGSAP target .severity-meter-fill not found. https://gsap.com
[2m14:39:03[22m [33m[1m[vite][22m[39m [33m[2m(client)[22m[39m [2m[console.warn] [22mGSAP target  not found. https://gsap.com
[2m14:39:03[22m [33m[1m[vite][22m[39m [33m[2m(client)[22m[39m [2m[console.warn] [22mGSAP target  not found. https://gsap.com
[2m14:39:03[22m [33m[1m[vite][22m[39m [33m[2m(client)[22m[39m [2m[console.warn] [22mGSAP target  not found. https://gsap.com
[2m14:39:03[22m [33m[1m[vite][22m[39m [33m[2m(client)[22m[39m [2m[console.warn] [22mGSAP target  not found. https://gsap.com
[2m14:39:05[22m [33m[1m[vite][22m[39m [33m[2m(client)[22m[39m [2m[console.warn] [22mThe width(-1) and height(-1) of chart should be greater than 0,
       please check the style of container, or the props width(100%) and height(100%),
       or add a minWidth(0) or minHeight(undefined) or use aspect(undefined) to control the
       height and width.
[2m14:39:05[22m [33m[1m[vite][22m[39m [33m[2m(client)[22m[39m [2m[console.warn] [22mThe width(-1) and height(-1) of chart should be greater than 0,
       please check the style of container, or the props width(100%) and height(100%),
       or add a minWidth(0) or minHeight(undefined) or use aspect(undefined) to control the
       height and width.
[2m14:39:05[22m [33m[1m[vite][22m[39m [33m[2m(client)[22m[39m [2m[console.warn] [22mThe width(-1) and height(-1) of chart should be greater than 0,
       please check the style of container, or the props width(100%) and height(100%),
       or add a minWidth(0) or minHeight(undefined) or use aspect(undefined) to control the
       height and width.
[2m14:39:05[22m [33m[1m[vite][22m[39m [33m[2m(client)[22m[39m [2m[console.warn] [22mThe width(-1) and height(-1) of chart should be greater than 0,
       please check the style of container, or the props width(100%) and height(100%),
       or add a minWidth(0) or minHeight(undefined) or use aspect(undefined) to control the
       height and width.
[2m14:39:13[22m [33m[1m[vite][22m[39m [33m[2m(client)[22m[39m [2m[console.warn] [22mGSAP target .timeline-item, .operation-row, .severity-card, .severity-legend-item not found. https://gsap.com
[2m14:39:13[22m [33m[1m[vite][22m[39m [33m[2m(client)[22m[39m [2m[console.warn] [22mGSAP target  not found. https://gsap.com
[2m14:39:13[22m [33m[1m[vite][22m[39m [33m[2m(client)[22m[39m [2m[console.warn] [22mGSAP target .severity-meter-fill not found. https://gsap.com
[2m14:39:13[22m [33m[1m[vite][22m[39m [33m[2m(client)[22m[39m [2m[console.warn] [22mGSAP target  not found. https://gsap.com
[2m14:39:13[22m [33m[1m[vite][22m[39m [33m[2m(client)[22m[39m [2m[console.warn] [22mGSAP target  not found. https://gsap.com
[2m14:39:13[22m [33m[1m[vite][22m[39m [33m[2m(client)[22m[39m [2m[console.warn] [22mGSAP target  not found. https://gsap.com
[2m14:39:13[22m [33m[1m[vite][22m[39m [33m[2m(client)[22m[39m [2m[console.warn] [22mGSAP target .timeline-item, .operation-row, .severity-card, .severity-legend-item not found. https://gsap.com
[2m14:39:13[22m [33m[1m[vite][22m[39m [33m[2m(client)[22m[39m [2m[console.warn] [22mGSAP target  not found. https://gsap.com
[2m14:39:13[22m [33m[1m[vite][22m[39m [33m[2m(client)[22m[39m [2m[console.warn] [22mGSAP target .severity-meter-fill not found. https://gsap.com
[2m14:39:13[22m [33m[1m[vite][22m[39m [33m[2m(client)[22m[39m [2m[console.warn] [22mGSAP target  not found. https://gsap.com
[2m14:39:13[22m [33m[1m[vite][22m[39m [33m[2m(client)[22m[39m [2m[console.warn] [22mGSAP target  not found. https://gsap.com
[2m14:39:13[22m [33m[1m[vite][22m[39m [33m[2m(client)[22m[39m [2m[console.warn] [22mGSAP target  not found. https://gsap.com
[2m14:42:36[22m [33m[1m[vite][22m[39m [33m[2m(client)[22m[39m [2m[console.warn] [22mThe width(-1) and height(-1) of chart should be greater than 0,
       please check the style of container, or the props width(100%) and height(100%),
       or add a minWidth(0) or minHeight(undefined) or use aspect(undefined) to control the
       height and width.
[2m14:42:36[22m [33m[1m[vite][22m[39m [33m[2m(client)[22m[39m [2m[console.warn] [22mThe width(-1) and height(-1) of chart should be greater than 0,
       please check the style of container, or the props width(100%) and height(100%),
       or add a minWidth(0) or minHeight(undefined) or use aspect(undefined) to control the
       height and width.
[2m14:42:36[22m [33m[1m[vite][22m[39m [33m[2m(client)[22m[39m [2m[console.warn] [22mThe width(-1) and height(-1) of chart should be greater than 0,
       please check the style of container, or the props width(100%) and height(100%),
       or add a minWidth(0) or minHeight(undefined) or use aspect(undefined) to control the
       height and width.
[2m14:42:36[22m [33m[1m[vite][22m[39m [33m[2m(client)[22m[39m [2m[console.warn] [22mThe width(-1) and height(-1) of chart should be greater than 0,
       please check the style of container, or the props width(100%) and height(100%),
       or add a minWidth(0) or minHeight(undefined) or use aspect(undefined) to control the
       height and width.
[2m14:42:36[22m [33m[1m[vite][22m[39m [33m[2m(client)[22m[39m [2m[console.warn] [22mGSAP target .severity-meter-fill not found. https://gsap.com
[2m14:42:36[22m [33m[1m[vite][22m[39m [33m[2m(client)[22m[39m [2m[console.warn] [22mGSAP target  not found. https://gsap.com
[2m14:42:36[22m [33m[1m[vite][22m[39m [33m[2m(client)[22m[39m [2m[console.warn] [22mGSAP target  not found. https://gsap.com
[2m14:42:36[22m [33m[1m[vite][22m[39m [33m[2m(client)[22m[39m [2m[console.warn] [22mGSAP target .severity-meter-fill not found. https://gsap.com
[2m14:42:36[22m [33m[1m[vite][22m[39m [33m[2m(client)[22m[39m [2m[console.warn] [22mGSAP target  not found. https://gsap.com
[2m14:42:36[22m [33m[1m[vite][22m[39m [33m[2m(client)[22m[39m [2m[console.warn] [22mGSAP target  not found. https://gsap.com
[2m14:44:14[22m [31m[1m[vite][22m[39m [31m[2m(client)[22m[39m [31m[Unhandled error] [1mReferenceError[22m: option is not defined
[39m > src/app/AppShell.tsx:491:38
    489 |  
    490 |      return {
    491 |        approvals: approvals + (index > option.points - 3 ? approvals : 0),
        |                                        ^
    492 |        events: bucketEvents.length + fallbackSeed,
    493 |        label: new Date(bucketEnd).toISOString(),
 > buildIntakeTrend src/app/AppShell.tsx:478:15
 > src/app/AppShell.tsx:857:35
 > updateMemo node_modules/react-dom/cjs/react-dom-client.development.js:8795:18
 > Object.useMemo node_modules/react-dom/cjs/react-dom-client.development.js:26484:17
 > exports.useMemo node_modules/react/cjs/react.development.js:1251:33
 > DashboardPage src/app/AppShell.tsx:857:21
 > Object.react_stack_bottom_frame node_modules/react-dom/cjs/react-dom-client.development.js:25904:19
 > renderWithHooks node_modules/react-dom/cjs/react-dom-client.development.js:7662:21

[2m14:44:14[22m [33m[1m[vite][22m[39m [33m[2m(client)[22m[39m [2m[console.warn] [22mAn error occurred in the <DashboardPage> component.

Consider adding an error boundary to your tree to customize error handling behavior.
Visit https://react.dev/link/error-boundaries to learn more about error boundaries.

[2m14:44:23[22m [33m[1m[vite][22m[39m [33m[2m(client)[22m[39m [2m[console.warn] [22mThe width(-1) and height(-1) of chart should be greater than 0,
       please check the style of container, or the props width(100%) and height(100%),
       or add a minWidth(0) or minHeight(undefined) or use aspect(undefined) to control the
       height and width.
[2m14:44:23[22m [33m[1m[vite][22m[39m [33m[2m(client)[22m[39m [2m[console.warn] [22mThe width(-1) and height(-1) of chart should be greater than 0,
       please check the style of container, or the props width(100%) and height(100%),
       or add a minWidth(0) or minHeight(undefined) or use aspect(undefined) to control the
       height and width.
[2m14:44:23[22m [33m[1m[vite][22m[39m [33m[2m(client)[22m[39m [2m[console.warn] [22mThe width(-1) and height(-1) of chart should be greater than 0,
       please check the style of container, or the props width(100%) and height(100%),
       or add a minWidth(0) or minHeight(undefined) or use aspect(undefined) to control the
       height and width.
[2m14:44:23[22m [33m[1m[vite][22m[39m [33m[2m(client)[22m[39m [2m[console.warn] [22mThe width(-1) and height(-1) of chart should be greater than 0,
       please check the style of container, or the props width(100%) and height(100%),
       or add a minWidth(0) or minHeight(undefined) or use aspect(undefined) to control the
       height and width.
[2m14:44:51[22m [33m[1m[vite][22m[39m [33m[2m(client)[22m[39m [2m[console.warn] [22mThe width(-1) and height(-1) of chart should be greater than 0,
       please check the style of container, or the props width(100%) and height(100%),
       or add a minWidth(0) or minHeight(undefined) or use aspect(undefined) to control the
       height and width.
[2m14:44:51[22m [33m[1m[vite][22m[39m [33m[2m(client)[22m[39m [2m[console.warn] [22mThe width(-1) and height(-1) of chart should be greater than 0,
       please check the style of container, or the props width(100%) and height(100%),
       or add a minWidth(0) or minHeight(undefined) or use aspect(undefined) to control the
       height and width.
[2m14:44:51[22m [33m[1m[vite][22m[39m [33m[2m(client)[22m[39m [2m[console.warn] [22mThe width(-1) and height(-1) of chart should be greater than 0,
       please check the style of container, or the props width(100%) and height(100%),
       or add a minWidth(0) or minHeight(undefined) or use aspect(undefined) to control the
       height and width.
[2m14:44:51[22m [33m[1m[vite][22m[39m [33m[2m(client)[22m[39m [2m[console.warn] [22mThe width(-1) and height(-1) of chart should be greater than 0,
       please check the style of container, or the props width(100%) and height(100%),
       or add a minWidth(0) or minHeight(undefined) or use aspect(undefined) to control the
       height and width.
[2m14:45:56[22m [33m[1m[vite][22m[39m [33m[2m(client)[22m[39m [2m[console.warn] [22mThe width(-1) and height(-1) of chart should be greater than 0,
       please check the style of container, or the props width(100%) and height(100%),
       or add a minWidth(0) or minHeight(undefined) or use aspect(undefined) to control the
       height and width.
[2m14:45:56[22m [33m[1m[vite][22m[39m [33m[2m(client)[22m[39m [2m[console.warn] [22mThe width(-1) and height(-1) of chart should be greater than 0,
       please check the style of container, or the props width(100%) and height(100%),
       or add a minWidth(0) or minHeight(undefined) or use aspect(undefined) to control the
       height and width.
[2m14:45:56[22m [33m[1m[vite][22m[39m [33m[2m(client)[22m[39m [2m[console.warn] [22mThe width(-1) and height(-1) of chart should be greater than 0,
       please check the style of container, or the props width(100%) and height(100%),
       or add a minWidth(0) or minHeight(undefined) or use aspect(undefined) to control the
       height and width.
[2m14:45:56[22m [33m[1m[vite][22m[39m [33m[2m(client)[22m[39m [2m[console.warn] [22mThe width(-1) and height(-1) of chart should be greater than 0,
       please check the style of container, or the props width(100%) and height(100%),
       or add a minWidth(0) or minHeight(undefined) or use aspect(undefined) to control the
       height and width.
[2m14:45:56[22m [33m[1m[vite][22m[39m [33m[2m(client)[22m[39m [2m[console.warn] [22mGSAP target .severity-meter-fill not found. https://gsap.com
[2m14:45:56[22m [33m[1m[vite][22m[39m [33m[2m(client)[22m[39m [2m[console.warn] [22mGSAP target  not found. https://gsap.com
[2m14:45:56[22m [33m[1m[vite][22m[39m [33m[2m(client)[22m[39m [2m[console.warn] [22mGSAP target  not found. https://gsap.com
[2m14:45:56[22m [33m[1m[vite][22m[39m [33m[2m(client)[22m[39m [2m[console.warn] [22mGSAP target .severity-meter-fill not found. https://gsap.com
[2m14:45:56[22m [33m[1m[vite][22m[39m [33m[2m(client)[22m[39m [2m[console.warn] [22mGSAP target  not found. https://gsap.com
[2m14:45:57[22m [33m[1m[vite][22m[39m [33m[2m(client)[22m[39m [2m[console.warn] [22mGSAP target  not found. https://gsap.com
[2m14:46:02[22m [33m[1m[vite][22m[39m [33m[2m(client)[22m[39m [2m[console.warn] [22mGSAP target .timeline-item, .operation-row, .severity-card, .severity-legend-item not found. https://gsap.com
[2m14:46:02[22m [33m[1m[vite][22m[39m [33m[2m(client)[22m[39m [2m[console.warn] [22mGSAP target  not found. https://gsap.com
[2m14:46:02[22m [33m[1m[vite][22m[39m [33m[2m(client)[22m[39m [2m[console.warn] [22mGSAP target .severity-meter-fill not found. https://gsap.com
[2m14:46:02[22m [33m[1m[vite][22m[39m [33m[2m(client)[22m[39m [2m[console.warn] [22mGSAP target  not found. https://gsap.com
[2m14:46:02[22m [33m[1m[vite][22m[39m [33m[2m(client)[22m[39m [2m[console.warn] [22mGSAP target  not found. https://gsap.com
[2m14:46:02[22m [33m[1m[vite][22m[39m [33m[2m(client)[22m[39m [2m[console.warn] [22mGSAP target  not found. https://gsap.com
[2m14:46:02[22m [33m[1m[vite][22m[39m [33m[2m(client)[22m[39m [2m[console.warn] [22mGSAP target .timeline-item, .operation-row, .severity-card, .severity-legend-item not found. https://gsap.com
[2m14:46:02[22m [33m[1m[vite][22m[39m [33m[2m(client)[22m[39m [2m[console.warn] [22mGSAP target  not found. https://gsap.com
[2m14:46:02[22m [33m[1m[vite][22m[39m [33m[2m(client)[22m[39m [2m[console.warn] [22mGSAP target .severity-meter-fill not found. https://gsap.com
[2m14:46:02[22m [33m[1m[vite][22m[39m [33m[2m(client)[22m[39m [2m[console.warn] [22mGSAP target  not found. https://gsap.com
[2m14:46:02[22m [33m[1m[vite][22m[39m [33m[2m(client)[22m[39m [2m[console.warn] [22mGSAP target  not found. https://gsap.com
[2m14:46:02[22m [33m[1m[vite][22m[39m [33m[2m(client)[22m[39m [2m[console.warn] [22mGSAP target  not found. https://gsap.com
[2m14:46:05[22m [33m[1m[vite][22m[39m [33m[2m(client)[22m[39m [2m[console.warn] [22mGSAP target .timeline-item, .operation-row, .severity-card, .severity-legend-item not found. https://gsap.com
[2m14:46:05[22m [33m[1m[vite][22m[39m [33m[2m(client)[22m[39m [2m[console.warn] [22mGSAP target  not found. https://gsap.com
[2m14:46:05[22m [33m[1m[vite][22m[39m [33m[2m(client)[22m[39m [2m[console.warn] [22mGSAP target .severity-meter-fill not found. https://gsap.com
[2m14:46:05[22m [33m[1m[vite][22m[39m [33m[2m(client)[22m[39m [2m[console.warn] [22mGSAP target  not found. https://gsap.com
[2m14:46:05[22m [33m[1m[vite][22m[39m [33m[2m(client)[22m[39m [2m[console.warn] [22mGSAP target  not found. https://gsap.com
[2m14:46:05[22m [33m[1m[vite][22m[39m [33m[2m(client)[22m[39m [2m[console.warn] [22mGSAP target  not found. https://gsap.com
[2m14:46:05[22m [33m[1m[vite][22m[39m [33m[2m(client)[22m[39m [2m[console.warn] [22mGSAP target .timeline-item, .operation-row, .severity-card, .severity-legend-item not found. https://gsap.com
[2m14:46:05[22m [33m[1m[vite][22m[39m [33m[2m(client)[22m[39m [2m[console.warn] [22mGSAP target  not found. https://gsap.com
[2m14:46:05[22m [33m[1m[vite][22m[39m [33m[2m(client)[22m[39m [2m[console.warn] [22mGSAP target .severity-meter-fill not found. https://gsap.com
[2m14:46:05[22m [33m[1m[vite][22m[39m [33m[2m(client)[22m[39m [2m[console.warn] [22mGSAP target  not found. https://gsap.com
[2m14:46:05[22m [33m[1m[vite][22m[39m [33m[2m(client)[22m[39m [2m[console.warn] [22mGSAP target  not found. https://gsap.com
[2m14:46:05[22m [33m[1m[vite][22m[39m [33m[2m(client)[22m[39m [2m[console.warn] [22mGSAP target  not found. https://gsap.com
[2m14:46:05[22m [33m[1m[vite][22m[39m [33m[2m(client)[22m[39m [2m[console.warn] [22mGSAP target .timeline-item, .operation-row, .severity-card, .severity-legend-item not found. https://gsap.com
[2m14:46:05[22m [33m[1m[vite][22m[39m [33m[2m(client)[22m[39m [2m[console.warn] [22mGSAP target  not found. https://gsap.com
[2m14:46:05[22m [33m[1m[vite][22m[39m [33m[2m(client)[22m[39m [2m[console.warn] [22mGSAP target .severity-meter-fill not found. https://gsap.com
[2m14:46:05[22m [33m[1m[vite][22m[39m [33m[2m(client)[22m[39m [2m[console.warn] [22mGSAP target  not found. https://gsap.com
[2m14:46:05[22m [33m[1m[vite][22m[39m [33m[2m(client)[22m[39m [2m[console.warn] [22mGSAP target  not found. https://gsap.com
[2m14:46:05[22m [33m[1m[vite][22m[39m [33m[2m(client)[22m[39m [2m[console.warn] [22mGSAP target  not found. https://gsap.com
[2m14:46:05[22m [33m[1m[vite][22m[39m [33m[2m(client)[22m[39m [2m[console.warn] [22mGSAP target .timeline-item, .operation-row, .severity-card, .severity-legend-item not found. https://gsap.com
[2m14:46:05[22m [33m[1m[vite][22m[39m [33m[2m(client)[22m[39m [2m[console.warn] [22mGSAP target  not found. https://gsap.com
[2m14:46:05[22m [33m[1m[vite][22m[39m [33m[2m(client)[22m[39m [2m[console.warn] [22mGSAP target .severity-meter-fill not found. https://gsap.com
[2m14:46:05[22m [33m[1m[vite][22m[39m [33m[2m(client)[22m[39m [2m[console.warn] [22mGSAP target  not found. https://gsap.com
[2m14:46:05[22m [33m[1m[vite][22m[39m [33m[2m(client)[22m[39m [2m[console.warn] [22mGSAP target  not found. https://gsap.com
[2m14:46:06[22m [33m[1m[vite][22m[39m [33m[2m(client)[22m[39m [2m[console.warn] [22mGSAP target  not found. https://gsap.com
[2m14:46:07[22m [33m[1m[vite][22m[39m [33m[2m(client)[22m[39m [2m[console.warn] [22mGSAP target .timeline-item, .operation-row, .severity-card, .severity-legend-item not found. https://gsap.com
[2m14:46:07[22m [33m[1m[vite][22m[39m [33m[2m(client)[22m[39m [2m[console.warn] [22mGSAP target  not found. https://gsap.com
[2m14:46:07[22m [33m[1m[vite][22m[39m [33m[2m(client)[22m[39m [2m[console.warn] [22mGSAP target .severity-meter-fill not found. https://gsap.com
[2m14:46:07[22m [33m[1m[vite][22m[39m [33m[2m(client)[22m[39m [2m[console.warn] [22mGSAP target  not found. https://gsap.com
[2m14:46:07[22m [33m[1m[vite][22m[39m [33m[2m(client)[22m[39m [2m[console.warn] [22mGSAP target  not found. https://gsap.com
[2m14:46:07[22m [33m[1m[vite][22m[39m [33m[2m(client)[22m[39m [2m[console.warn] [22mGSAP target  not found. https://gsap.com
[2m14:46:07[22m [33m[1m[vite][22m[39m [33m[2m(client)[22m[39m [2m[console.warn] [22mGSAP target .timeline-item, .operation-row, .severity-card, .severity-legend-item not found. https://gsap.com
[2m14:46:07[22m [33m[1m[vite][22m[39m [33m[2m(client)[22m[39m [2m[console.warn] [22mGSAP target  not found. https://gsap.com
[2m14:46:07[22m [33m[1m[vite][22m[39m [33m[2m(client)[22m[39m [2m[console.warn] [22mGSAP target .severity-meter-fill not found. https://gsap.com
[2m14:46:07[22m [33m[1m[vite][22m[39m [33m[2m(client)[22m[39m [2m[console.warn] [22mGSAP target  not found. https://gsap.com
[2m14:46:07[22m [33m[1m[vite][22m[39m [33m[2m(client)[22m[39m [2m[console.warn] [22mGSAP target  not found. https://gsap.com
[2m14:46:08[22m [33m[1m[vite][22m[39m [33m[2m(client)[22m[39m [2m[console.warn] [22mGSAP target  not found. https://gsap.com
[2m14:46:08[22m [33m[1m[vite][22m[39m [33m[2m(client)[22m[39m [2m[console.warn] [22mGSAP target  not found. https://gsap.com
[2m14:46:08[22m [33m[1m[vite][22m[39m [33m[2m(client)[22m[39m [2m[console.warn] [22mGSAP target .timeline-item, .operation-row, .severity-card, .severity-legend-item not found. https://gsap.com
[2m14:46:08[22m [33m[1m[vite][22m[39m [33m[2m(client)[22m[39m [2m[console.warn] [22mGSAP target  not found. https://gsap.com
[2m14:46:08[22m [33m[1m[vite][22m[39m [33m[2m(client)[22m[39m [2m[console.warn] [22mGSAP target .severity-meter-fill not found. https://gsap.com
[2m14:46:08[22m [33m[1m[vite][22m[39m [33m[2m(client)[22m[39m [2m[console.warn] [22mGSAP target  not found. https://gsap.com
[2m14:46:08[22m [33m[1m[vite][22m[39m [33m[2m(client)[22m[39m [2m[console.warn] [22mGSAP target  not found. https://gsap.com
[2m14:46:08[22m [33m[1m[vite][22m[39m [33m[2m(client)[22m[39m [2m[console.warn] [22mGSAP target  not found. https://gsap.com
[2m14:46:08[22m [33m[1m[vite][22m[39m [33m[2m(client)[22m[39m [2m[console.warn] [22mGSAP target .timeline-item, .operation-row, .severity-card, .severity-legend-item not found. https://gsap.com
[2m14:46:08[22m [33m[1m[vite][22m[39m [33m[2m(client)[22m[39m [2m[console.warn] [22mGSAP target  not found. https://gsap.com
[2m14:46:08[22m [33m[1m[vite][22m[39m [33m[2m(client)[22m[39m [2m[console.warn] [22mGSAP target .severity-meter-fill not found. https://gsap.com
[2m14:46:08[22m [33m[1m[vite][22m[39m [33m[2m(client)[22m[39m [2m[console.warn] [22mGSAP target  not found. https://gsap.com
[2m14:46:08[22m [33m[1m[vite][22m[39m [33m[2m(client)[22m[39m [2m[console.warn] [22mGSAP target  not found. https://gsap.com
[2m14:46:08[22m [33m[1m[vite][22m[39m [33m[2m(client)[22m[39m [2m[console.warn] [22mGSAP target  not found. https://gsap.com
[2m14:47:49[22m [33m[1m[vite][22m[39m [33m[2m(client)[22m[39m [2m[console.warn] [22mGSAP target .timeline-item, .operation-row, .severity-card, .severity-legend-item not found. https://gsap.com
[2m14:47:49[22m [33m[1m[vite][22m[39m [33m[2m(client)[22m[39m [2m[console.warn] [22mGSAP target  not found. https://gsap.com
[2m14:47:49[22m [33m[1m[vite][22m[39m [33m[2m(client)[22m[39m [2m[console.warn] [22mGSAP target .severity-meter-fill not found. https://gsap.com
[2m14:47:49[22m [33m[1m[vite][22m[39m [33m[2m(client)[22m[39m [2m[console.warn] [22mGSAP target  not found. https://gsap.com
[2m14:47:49[22m [33m[1m[vite][22m[39m [33m[2m(client)[22m[39m [2m[console.warn] [22mGSAP target  not found. https://gsap.com
[2m14:47:49[22m [33m[1m[vite][22m[39m [33m[2m(client)[22m[39m [2m[console.warn] [22mGSAP target  not found. https://gsap.com
[2m14:47:49[22m [33m[1m[vite][22m[39m [33m[2m(client)[22m[39m [2m[console.warn] [22mGSAP target .timeline-item, .operation-row, .severity-card, .severity-legend-item not found. https://gsap.com
[2m14:47:49[22m [33m[1m[vite][22m[39m [33m[2m(client)[22m[39m [2m[console.warn] [22mGSAP target  not found. https://gsap.com
[2m14:47:49[22m [33m[1m[vite][22m[39m [33m[2m(client)[22m[39m [2m[console.warn] [22mGSAP target .severity-meter-fill not found. https://gsap.com
[2m14:47:49[22m [33m[1m[vite][22m[39m [33m[2m(client)[22m[39m [2m[console.warn] [22mGSAP target  not found. https://gsap.com
[2m14:47:49[22m [33m[1m[vite][22m[39m [33m[2m(client)[22m[39m [2m[console.warn] [22mGSAP target  not found. https://gsap.com
[2m14:47:49[22m [33m[1m[vite][22m[39m [33m[2m(client)[22m[39m [2m[console.warn] [22mGSAP target  not found. https://gsap.com
[2m14:47:52[22m [33m[1m[vite][22m[39m [33m[2m(client)[22m[39m [2m[console.warn] [22mGSAP target .timeline-item, .operation-row, .severity-card, .severity-legend-item not found. https://gsap.com
[2m14:47:52[22m [33m[1m[vite][22m[39m [33m[2m(client)[22m[39m [2m[console.warn] [22mGSAP target  not found. https://gsap.com
[2m14:47:52[22m [33m[1m[vite][22m[39m [33m[2m(client)[22m[39m [2m[console.warn] [22mGSAP target .severity-meter-fill not found. https://gsap.com
[2m14:47:52[22m [33m[1m[vite][22m[39m [33m[2m(client)[22m[39m [2m[console.warn] [22mGSAP target  not found. https://gsap.com
[2m14:47:52[22m [33m[1m[vite][22m[39m [33m[2m(client)[22m[39m [2m[console.warn] [22mGSAP target  not found. https://gsap.com
[2m14:47:52[22m [33m[1m[vite][22m[39m [33m[2m(client)[22m[39m [2m[console.warn] [22mGSAP target  not found. https://gsap.com
[2m14:47:52[22m [33m[1m[vite][22m[39m [33m[2m(client)[22m[39m [2m[console.warn] [22mGSAP target .timeline-item, .operation-row, .severity-card, .severity-legend-item not found. https://gsap.com
[2m14:47:52[22m [33m[1m[vite][22m[39m [33m[2m(client)[22m[39m [2m[console.warn] [22mGSAP target  not found. https://gsap.com
[2m14:47:52[22m [33m[1m[vite][22m[39m [33m[2m(client)[22m[39m [2m[console.warn] [22mGSAP target .severity-meter-fill not found. https://gsap.com
[2m14:47:52[22m [33m[1m[vite][22m[39m [33m[2m(client)[22m[39m [2m[console.warn] [22mGSAP target  not found. https://gsap.com
[2m14:47:52[22m [33m[1m[vite][22m[39m [33m[2m(client)[22m[39m [2m[console.warn] [22mGSAP target  not found. https://gsap.com
[2m14:47:52[22m [33m[1m[vite][22m[39m [33m[2m(client)[22m[39m [2m[console.warn] [22mGSAP target  not found. https://gsap.com
[2m14:47:55[22m [33m[1m[vite][22m[39m [33m[2m(client)[22m[39m [2m[console.warn] [22mGSAP target [data-gsap="reveal"] not found. https://gsap.com
[2m14:47:55[22m [33m[1m[vite][22m[39m [33m[2m(client)[22m[39m [2m[console.warn] [22mGSAP target  not found. https://gsap.com
[2m14:47:55[22m [33m[1m[vite][22m[39m [33m[2m(client)[22m[39m [2m[console.warn] [22mGSAP target .timeline-item, .operation-row, .severity-card, .severity-legend-item not found. https://gsap.com
[2m14:47:55[22m [33m[1m[vite][22m[39m [33m[2m(client)[22m[39m [2m[console.warn] [22mGSAP target  not found. https://gsap.com
[2m14:47:55[22m [33m[1m[vite][22m[39m [33m[2m(client)[22m[39m [2m[console.warn] [22mGSAP target .severity-meter-fill not found. https://gsap.com
[2m14:47:55[22m [33m[1m[vite][22m[39m [33m[2m(client)[22m[39m [2m[console.warn] [22mGSAP target  not found. https://gsap.com
[2m14:47:55[22m [33m[1m[vite][22m[39m [33m[2m(client)[22m[39m [2m[console.warn] [22mGSAP target  not found. https://gsap.com
[2m14:47:55[22m [33m[1m[vite][22m[39m [33m[2m(client)[22m[39m [2m[console.warn] [22mGSAP target  not found. https://gsap.com
[2m14:47:55[22m [33m[1m[vite][22m[39m [33m[2m(client)[22m[39m [2m[console.warn] [22mGSAP target  not found. https://gsap.com
[2m14:47:55[22m [33m[1m[vite][22m[39m [33m[2m(client)[22m[39m [2m[console.warn] [22mGSAP target [data-gsap="reveal"] not found. https://gsap.com
[2m14:47:55[22m [33m[1m[vite][22m[39m [33m[2m(client)[22m[39m [2m[console.warn] [22mGSAP target  not found. https://gsap.com
[2m14:47:55[22m [33m[1m[vite][22m[39m [33m[2m(client)[22m[39m [2m[console.warn] [22mGSAP target .timeline-item, .operation-row, .severity-card, .severity-legend-item not found. https://gsap.com
[2m14:47:55[22m [33m[1m[vite][22m[39m [33m[2m(client)[22m[39m [2m[console.warn] [22mGSAP target  not found. https://gsap.com
[2m14:47:55[22m [33m[1m[vite][22m[39m [33m[2m(client)[22m[39m [2m[console.warn] [22mGSAP target .severity-meter-fill not found. https://gsap.com
[2m14:47:55[22m [33m[1m[vite][22m[39m [33m[2m(client)[22m[39m [2m[console.warn] [22mGSAP target  not found. https://gsap.com
[2m14:47:55[22m [33m[1m[vite][22m[39m [33m[2m(client)[22m[39m [2m[console.warn] [22mGSAP target  not found. https://gsap.com
[2m14:47:55[22m [33m[1m[vite][22m[39m [33m[2m(client)[22m[39m [2m[console.warn] [22mGSAP target  not found. https://gsap.com
[2m14:47:56[22m [33m[1m[vite][22m[39m [33m[2m(client)[22m[39m [2m[console.warn] [22mGSAP target  not found. https://gsap.com
[2m14:47:56[22m [33m[1m[vite][22m[39m [33m[2m(client)[22m[39m [2m[console.warn] [22mGSAP target .timeline-item, .operation-row, .severity-card, .severity-legend-item not found. https://gsap.com
[2m14:47:56[22m [33m[1m[vite][22m[39m [33m[2m(client)[22m[39m [2m[console.warn] [22mGSAP target  not found. https://gsap.com
[2m14:47:56[22m [33m[1m[vite][22m[39m [33m[2m(client)[22m[39m [2m[console.warn] [22mGSAP target .severity-meter-fill not found. https://gsap.com
[2m14:47:56[22m [33m[1m[vite][22m[39m [33m[2m(client)[22m[39m [2m[console.warn] [22mGSAP target  not found. https://gsap.com
[2m14:47:56[22m [33m[1m[vite][22m[39m [33m[2m(client)[22m[39m [2m[console.warn] [22mGSAP target  not found. https://gsap.com
[2m14:47:56[22m [33m[1m[vite][22m[39m [33m[2m(client)[22m[39m [2m[console.warn] [22mGSAP target  not found. https://gsap.com
[2m14:47:56[22m [33m[1m[vite][22m[39m [33m[2m(client)[22m[39m [2m[console.warn] [22mGSAP target .timeline-item, .operation-row, .severity-card, .severity-legend-item not found. https://gsap.com
[2m14:47:56[22m [33m[1m[vite][22m[39m [33m[2m(client)[22m[39m [2m[console.warn] [22mGSAP target  not found. https://gsap.com
[2m14:47:56[22m [33m[1m[vite][22m[39m [33m[2m(client)[22m[39m [2m[console.warn] [22mGSAP target .severity-meter-fill not found. https://gsap.com
[2m14:47:56[22m [33m[1m[vite][22m[39m [33m[2m(client)[22m[39m [2m[console.warn] [22mGSAP target  not found. https://gsap.com
[2m14:47:56[22m [33m[1m[vite][22m[39m [33m[2m(client)[22m[39m [2m[console.warn] [22mGSAP target  not found. https://gsap.com
[2m14:47:57[22m [33m[1m[vite][22m[39m [33m[2m(client)[22m[39m [2m[console.warn] [22mGSAP target  not found. https://gsap.com
[2m14:48:05[22m [33m[1m[vite][22m[39m [33m[2m(client)[22m[39m [2m[console.warn] [22mGSAP target .timeline-item, .operation-row, .severity-card, .severity-legend-item not found. https://gsap.com
[2m14:48:05[22m [33m[1m[vite][22m[39m [33m[2m(client)[22m[39m [2m[console.warn] [22mGSAP target  not found. https://gsap.com
[2m14:48:05[22m [33m[1m[vite][22m[39m [33m[2m(client)[22m[39m [2m[console.warn] [22mGSAP target .severity-meter-fill not found. https://gsap.com
[2m14:48:05[22m [33m[1m[vite][22m[39m [33m[2m(client)[22m[39m [2m[console.warn] [22mGSAP target  not found. https://gsap.com
[2m14:48:05[22m [33m[1m[vite][22m[39m [33m[2m(client)[22m[39m [2m[console.warn] [22mGSAP target  not found. https://gsap.com
[2m14:48:05[22m [33m[1m[vite][22m[39m [33m[2m(client)[22m[39m [2m[console.warn] [22mGSAP target  not found. https://gsap.com
[2m14:48:05[22m [33m[1m[vite][22m[39m [33m[2m(client)[22m[39m [2m[console.warn] [22mGSAP target .timeline-item, .operation-row, .severity-card, .severity-legend-item not found. https://gsap.com
[2m14:48:05[22m [33m[1m[vite][22m[39m [33m[2m(client)[22m[39m [2m[console.warn] [22mGSAP target  not found. https://gsap.com
[2m14:48:05[22m [33m[1m[vite][22m[39m [33m[2m(client)[22m[39m [2m[console.warn] [22mGSAP target .severity-meter-fill not found. https://gsap.com
[2m14:48:05[22m [33m[1m[vite][22m[39m [33m[2m(client)[22m[39m [2m[console.warn] [22mGSAP target  not found. https://gsap.com
[2m14:48:05[22m [33m[1m[vite][22m[39m [33m[2m(client)[22m[39m [2m[console.warn] [22mGSAP target  not found. https://gsap.com
[2m14:48:06[22m [33m[1m[vite][22m[39m [33m[2m(client)[22m[39m [2m[console.warn] [22mGSAP target  not found. https://gsap.com
[2m14:48:26[22m [33m[1m[vite][22m[39m [33m[2m(client)[22m[39m [2m[console.warn] [22mGSAP target .timeline-item, .operation-row, .severity-card, .severity-legend-item not found. https://gsap.com
[2m14:48:26[22m [33m[1m[vite][22m[39m [33m[2m(client)[22m[39m [2m[console.warn] [22mGSAP target  not found. https://gsap.com
[2m14:48:26[22m [33m[1m[vite][22m[39m [33m[2m(client)[22m[39m [2m[console.warn] [22mGSAP target .severity-meter-fill not found. https://gsap.com
[2m14:48:26[22m [33m[1m[vite][22m[39m [33m[2m(client)[22m[39m [2m[console.warn] [22mGSAP target  not found. https://gsap.com
[2m14:48:26[22m [33m[1m[vite][22m[39m [33m[2m(client)[22m[39m [2m[console.warn] [22mGSAP target  not found. https://gsap.com
[2m14:48:26[22m [33m[1m[vite][22m[39m [33m[2m(client)[22m[39m [2m[console.warn] [22mGSAP target  not found. https://gsap.com
[2m14:48:26[22m [33m[1m[vite][22m[39m [33m[2m(client)[22m[39m [2m[console.warn] [22mGSAP target .timeline-item, .operation-row, .severity-card, .severity-legend-item not found. https://gsap.com
[2m14:48:26[22m [33m[1m[vite][22m[39m [33m[2m(client)[22m[39m [2m[console.warn] [22mGSAP target  not found. https://gsap.com
[2m14:48:26[22m [33m[1m[vite][22m[39m [33m[2m(client)[22m[39m [2m[console.warn] [22mGSAP target .severity-meter-fill not found. https://gsap.com
[2m14:48:26[22m [33m[1m[vite][22m[39m [33m[2m(client)[22m[39m [2m[console.warn] [22mGSAP target  not found. https://gsap.com
[2m14:48:26[22m [33m[1m[vite][22m[39m [33m[2m(client)[22m[39m [2m[console.warn] [22mGSAP target  not found. https://gsap.com
[2m14:48:26[22m [33m[1m[vite][22m[39m [33m[2m(client)[22m[39m [2m[console.warn] [22mGSAP target  not found. https://gsap.com
[2m14:49:27[22m [33m[1m[vite][22m[39m [33m[2m(client)[22m[39m [2m[console.warn] [22mGSAP target .timeline-item, .operation-row, .severity-card, .severity-legend-item not found. https://gsap.com
[2m14:49:27[22m [33m[1m[vite][22m[39m [33m[2m(client)[22m[39m [2m[console.warn] [22mGSAP target  not found. https://gsap.com
[2m14:49:27[22m [33m[1m[vite][22m[39m [33m[2m(client)[22m[39m [2m[console.warn] [22mGSAP target .severity-meter-fill not found. https://gsap.com
[2m14:49:27[22m [33m[1m[vite][22m[39m [33m[2m(client)[22m[39m [2m[console.warn] [22mGSAP target  not found. https://gsap.com
[2m14:49:27[22m [33m[1m[vite][22m[39m [33m[2m(client)[22m[39m [2m[console.warn] [22mGSAP target  not found. https://gsap.com
[2m14:49:27[22m [33m[1m[vite][22m[39m [33m[2m(client)[22m[39m [2m[console.warn] [22mGSAP target  not found. https://gsap.com
[2m14:49:27[22m [33m[1m[vite][22m[39m [33m[2m(client)[22m[39m [2m[console.warn] [22mGSAP target .timeline-item, .operation-row, .severity-card, .severity-legend-item not found. https://gsap.com
[2m14:49:27[22m [33m[1m[vite][22m[39m [33m[2m(client)[22m[39m [2m[console.warn] [22mGSAP target  not found. https://gsap.com
[2m14:49:27[22m [33m[1m[vite][22m[39m [33m[2m(client)[22m[39m [2m[console.warn] [22mGSAP target .severity-meter-fill not found. https://gsap.com
[2m14:49:27[22m [33m[1m[vite][22m[39m [33m[2m(client)[22m[39m [2m[console.warn] [22mGSAP target  not found. https://gsap.com
[2m14:49:27[22m [33m[1m[vite][22m[39m [33m[2m(client)[22m[39m [2m[console.warn] [22mGSAP target  not found. https://gsap.com
[2m14:49:27[22m [33m[1m[vite][22m[39m [33m[2m(client)[22m[39m [2m[console.warn] [22mGSAP target  not found. https://gsap.com
[2m14:49:32[22m [33m[1m[vite][22m[39m [33m[2m(client)[22m[39m [2m[console.warn] [22mGSAP target .timeline-item, .operation-row, .severity-card, .severity-legend-item not found. https://gsap.com
[2m14:49:32[22m [33m[1m[vite][22m[39m [33m[2m(client)[22m[39m [2m[console.warn] [22mGSAP target  not found. https://gsap.com
[2m14:49:32[22m [33m[1m[vite][22m[39m [33m[2m(client)[22m[39m [2m[console.warn] [22mGSAP target .severity-meter-fill not found. https://gsap.com
[2m14:49:32[22m [33m[1m[vite][22m[39m [33m[2m(client)[22m[39m [2m[console.warn] [22mGSAP target  not found. https://gsap.com
[2m14:49:32[22m [33m[1m[vite][22m[39m [33m[2m(client)[22m[39m [2m[console.warn] [22mGSAP target  not found. https://gsap.com
[2m14:49:32[22m [33m[1m[vite][22m[39m [33m[2m(client)[22m[39m [2m[console.warn] [22mGSAP target  not found. https://gsap.com
[2m14:49:32[22m [33m[1m[vite][22m[39m [33m[2m(client)[22m[39m [2m[console.warn] [22mGSAP target .timeline-item, .operation-row, .severity-card, .severity-legend-item not found. https://gsap.com
[2m14:49:32[22m [33m[1m[vite][22m[39m [33m[2m(client)[22m[39m [2m[console.warn] [22mGSAP target  not found. https://gsap.com
[2m14:49:32[22m [33m[1m[vite][22m[39m [33m[2m(client)[22m[39m [2m[console.warn] [22mGSAP target .severity-meter-fill not found. https://gsap.com
[2m14:49:32[22m [33m[1m[vite][22m[39m [33m[2m(client)[22m[39m [2m[console.warn] [22mGSAP target  not found. https://gsap.com
[2m14:49:32[22m [33m[1m[vite][22m[39m [33m[2m(client)[22m[39m [2m[console.warn] [22mGSAP target  not found. https://gsap.com
[2m14:49:32[22m [33m[1m[vite][22m[39m [33m[2m(client)[22m[39m [2m[console.warn] [22mGSAP target  not found. https://gsap.com
[2m14:49:33[22m [33m[1m[vite][22m[39m [33m[2m(client)[22m[39m [2m[console.warn] [22mGSAP target .timeline-item, .operation-row, .severity-card, .severity-legend-item not found. https://gsap.com
[2m14:49:33[22m [33m[1m[vite][22m[39m [33m[2m(client)[22m[39m [2m[console.warn] [22mGSAP target  not found. https://gsap.com
[2m14:49:33[22m [33m[1m[vite][22m[39m [33m[2m(client)[22m[39m [2m[console.warn] [22mGSAP target .severity-meter-fill not found. https://gsap.com
[2m14:49:33[22m [33m[1m[vite][22m[39m [33m[2m(client)[22m[39m [2m[console.warn] [22mGSAP target  not found. https://gsap.com
[2m14:49:33[22m [33m[1m[vite][22m[39m [33m[2m(client)[22m[39m [2m[console.warn] [22mGSAP target  not found. https://gsap.com
[2m14:49:33[22m [33m[1m[vite][22m[39m [33m[2m(client)[22m[39m [2m[console.warn] [22mGSAP target  not found. https://gsap.com
[2m14:49:33[22m [33m[1m[vite][22m[39m [33m[2m(client)[22m[39m [2m[console.warn] [22mGSAP target .timeline-item, .operation-row, .severity-card, .severity-legend-item not found. https://gsap.com
[2m14:49:33[22m [33m[1m[vite][22m[39m [33m[2m(client)[22m[39m [2m[console.warn] [22mGSAP target  not found. https://gsap.com
[2m14:49:33[22m [33m[1m[vite][22m[39m [33m[2m(client)[22m[39m [2m[console.warn] [22mGSAP target .severity-meter-fill not found. https://gsap.com
[2m14:49:33[22m [33m[1m[vite][22m[39m [33m[2m(client)[22m[39m [2m[console.warn] [22mGSAP target  not found. https://gsap.com
[2m14:49:33[22m [33m[1m[vite][22m[39m [33m[2m(client)[22m[39m [2m[console.warn] [22mGSAP target  not found. https://gsap.com
[2m14:49:33[22m [33m[1m[vite][22m[39m [33m[2m(client)[22m[39m [2m[console.warn] [22mGSAP target  not found. https://gsap.com
[2m14:49:36[22m [33m[1m[vite][22m[39m [33m[2m(client)[22m[39m [2m[console.warn] [22mGSAP target .timeline-item, .operation-row, .severity-card, .severity-legend-item not found. https://gsap.com
[2m14:49:36[22m [33m[1m[vite][22m[39m [33m[2m(client)[22m[39m [2m[console.warn] [22mGSAP target  not found. https://gsap.com
[2m14:49:36[22m [33m[1m[vite][22m[39m [33m[2m(client)[22m[39m [2m[console.warn] [22mGSAP target .severity-meter-fill not found. https://gsap.com
[2m14:49:36[22m [33m[1m[vite][22m[39m [33m[2m(client)[22m[39m [2m[console.warn] [22mGSAP target  not found. https://gsap.com
[2m14:49:36[22m [33m[1m[vite][22m[39m [33m[2m(client)[22m[39m [2m[console.warn] [22mGSAP target  not found. https://gsap.com
[2m14:49:36[22m [33m[1m[vite][22m[39m [33m[2m(client)[22m[39m [2m[console.warn] [22mGSAP target  not found. https://gsap.com
[2m14:49:36[22m [33m[1m[vite][22m[39m [33m[2m(client)[22m[39m [2m[console.warn] [22mGSAP target .timeline-item, .operation-row, .severity-card, .severity-legend-item not found. https://gsap.com
[2m14:49:36[22m [33m[1m[vite][22m[39m [33m[2m(client)[22m[39m [2m[console.warn] [22mGSAP target  not found. https://gsap.com
[2m14:49:36[22m [33m[1m[vite][22m[39m [33m[2m(client)[22m[39m [2m[console.warn] [22mGSAP target .severity-meter-fill not found. https://gsap.com
[2m14:49:36[22m [33m[1m[vite][22m[39m [33m[2m(client)[22m[39m [2m[console.warn] [22mGSAP target  not found. https://gsap.com
[2m14:49:36[22m [33m[1m[vite][22m[39m [33m[2m(client)[22m[39m [2m[console.warn] [22mGSAP target  not found. https://gsap.com
[2m14:49:36[22m [33m[1m[vite][22m[39m [33m[2m(client)[22m[39m [2m[console.warn] [22mGSAP target  not found. https://gsap.com
[2m14:49:37[22m [33m[1m[vite][22m[39m [33m[2m(client)[22m[39m [2m[console.warn] [22mGSAP target .timeline-item, .operation-row, .severity-card, .severity-legend-item not found. https://gsap.com
[2m14:49:37[22m [33m[1m[vite][22m[39m [33m[2m(client)[22m[39m [2m[console.warn] [22mGSAP target  not found. https://gsap.com
[2m14:49:37[22m [33m[1m[vite][22m[39m [33m[2m(client)[22m[39m [2m[console.warn] [22mGSAP target .severity-meter-fill not found. https://gsap.com
[2m14:49:37[22m [33m[1m[vite][22m[39m [33m[2m(client)[22m[39m [2m[console.warn] [22mGSAP target  not found. https://gsap.com
[2m14:49:37[22m [33m[1m[vite][22m[39m [33m[2m(client)[22m[39m [2m[console.warn] [22mGSAP target  not found. https://gsap.com
[2m14:49:37[22m [33m[1m[vite][22m[39m [33m[2m(client)[22m[39m [2m[console.warn] [22mGSAP target  not found. https://gsap.com
[2m14:49:37[22m [33m[1m[vite][22m[39m [33m[2m(client)[22m[39m [2m[console.warn] [22mGSAP target .timeline-item, .operation-row, .severity-card, .severity-legend-item not found. https://gsap.com
[2m14:49:37[22m [33m[1m[vite][22m[39m [33m[2m(client)[22m[39m [2m[console.warn] [22mGSAP target  not found. https://gsap.com
[2m14:49:37[22m [33m[1m[vite][22m[39m [33m[2m(client)[22m[39m [2m[console.warn] [22mGSAP target .severity-meter-fill not found. https://gsap.com
[2m14:49:37[22m [33m[1m[vite][22m[39m [33m[2m(client)[22m[39m [2m[console.warn] [22mGSAP target  not found. https://gsap.com
[2m14:49:37[22m [33m[1m[vite][22m[39m [33m[2m(client)[22m[39m [2m[console.warn] [22mGSAP target  not found. https://gsap.com
[2m14:49:37[22m [33m[1m[vite][22m[39m [33m[2m(client)[22m[39m [2m[console.warn] [22mGSAP target  not found. https://gsap.com
[2m14:49:38[22m [33m[1m[vite][22m[39m [33m[2m(client)[22m[39m [2m[console.warn] [22mGSAP target .timeline-item, .operation-row, .severity-card, .severity-legend-item not found. https://gsap.com
[2m14:49:38[22m [33m[1m[vite][22m[39m [33m[2m(client)[22m[39m [2m[console.warn] [22mGSAP target  not found. https://gsap.com
[2m14:49:38[22m [33m[1m[vite][22m[39m [33m[2m(client)[22m[39m [2m[console.warn] [22mGSAP target .severity-meter-fill not found. https://gsap.com
[2m14:49:38[22m [33m[1m[vite][22m[39m [33m[2m(client)[22m[39m [2m[console.warn] [22mGSAP target  not found. https://gsap.com
[2m14:49:38[22m [33m[1m[vite][22m[39m [33m[2m(client)[22m[39m [2m[console.warn] [22mGSAP target  not found. https://gsap.com
[2m14:49:38[22m [33m[1m[vite][22m[39m [33m[2m(client)[22m[39m [2m[console.warn] [22mGSAP target  not found. https://gsap.com
[2m14:49:38[22m [33m[1m[vite][22m[39m [33m[2m(client)[22m[39m [2m[console.warn] [22mGSAP target .timeline-item, .operation-row, .severity-card, .severity-legend-item not found. https://gsap.com
[2m14:49:38[22m [33m[1m[vite][22m[39m [33m[2m(client)[22m[39m [2m[console.warn] [22mGSAP target  not found. https://gsap.com
[2m14:49:38[22m [33m[1m[vite][22m[39m [33m[2m(client)[22m[39m [2m[console.warn] [22mGSAP target .severity-meter-fill not found. https://gsap.com
[2m14:49:38[22m [33m[1m[vite][22m[39m [33m[2m(client)[22m[39m [2m[console.warn] [22mGSAP target  not found. https://gsap.com
[2m14:49:38[22m [33m[1m[vite][22m[39m [33m[2m(client)[22m[39m [2m[console.warn] [22mGSAP target  not found. https://gsap.com
[2m14:49:38[22m [33m[1m[vite][22m[39m [33m[2m(client)[22m[39m [2m[console.warn] [22mGSAP target  not found. https://gsap.com
[2m14:49:40[22m [33m[1m[vite][22m[39m [33m[2m(client)[22m[39m [2m[console.warn] [22mGSAP target .timeline-item, .operation-row, .severity-card, .severity-legend-item not found. https://gsap.com
[2m14:49:40[22m [33m[1m[vite][22m[39m [33m[2m(client)[22m[39m [2m[console.warn] [22mGSAP target  not found. https://gsap.com
[2m14:49:40[22m [33m[1m[vite][22m[39m [33m[2m(client)[22m[39m [2m[console.warn] [22mGSAP target .severity-meter-fill not found. https://gsap.com
[2m14:49:40[22m [33m[1m[vite][22m[39m [33m[2m(client)[22m[39m [2m[console.warn] [22mGSAP target  not found. https://gsap.com
[2m14:49:40[22m [33m[1m[vite][22m[39m [33m[2m(client)[22m[39m [2m[console.warn] [22mGSAP target  not found. https://gsap.com
[2m14:49:40[22m [33m[1m[vite][22m[39m [33m[2m(client)[22m[39m [2m[console.warn] [22mGSAP target  not found. https://gsap.com
[2m14:49:40[22m [33m[1m[vite][22m[39m [33m[2m(client)[22m[39m [2m[console.warn] [22mGSAP target .timeline-item, .operation-row, .severity-card, .severity-legend-item not found. https://gsap.com
[2m14:49:40[22m [33m[1m[vite][22m[39m [33m[2m(client)[22m[39m [2m[console.warn] [22mGSAP target  not found. https://gsap.com
[2m14:49:40[22m [33m[1m[vite][22m[39m [33m[2m(client)[22m[39m [2m[console.warn] [22mGSAP target .severity-meter-fill not found. https://gsap.com
[2m14:49:40[22m [33m[1m[vite][22m[39m [33m[2m(client)[22m[39m [2m[console.warn] [22mGSAP target  not found. https://gsap.com
[2m14:49:40[22m [33m[1m[vite][22m[39m [33m[2m(client)[22m[39m [2m[console.warn] [22mGSAP target  not found. https://gsap.com
[2m14:49:40[22m [33m[1m[vite][22m[39m [33m[2m(client)[22m[39m [2m[console.warn] [22mGSAP target  not found. https://gsap.com
[2m14:49:41[22m [33m[1m[vite][22m[39m [33m[2m(client)[22m[39m [2m[console.warn] [22mGSAP target .timeline-item, .operation-row, .severity-card, .severity-legend-item not found. https://gsap.com
[2m14:49:41[22m [33m[1m[vite][22m[39m [33m[2m(client)[22m[39m [2m[console.warn] [22mGSAP target  not found. https://gsap.com
[2m14:49:41[22m [33m[1m[vite][22m[39m [33m[2m(client)[22m[39m [2m[console.warn] [22mGSAP target .severity-meter-fill not found. https://gsap.com
[2m14:49:41[22m [33m[1m[vite][22m[39m [33m[2m(client)[22m[39m [2m[console.warn] [22mGSAP target  not found. https://gsap.com
[2m14:49:41[22m [33m[1m[vite][22m[39m [33m[2m(client)[22m[39m [2m[console.warn] [22mGSAP target  not found. https://gsap.com
[2m14:49:41[22m [33m[1m[vite][22m[39m [33m[2m(client)[22m[39m [2m[console.warn] [22mGSAP target  not found. https://gsap.com
[2m14:49:41[22m [33m[1m[vite][22m[39m [33m[2m(client)[22m[39m [2m[console.warn] [22mGSAP target .timeline-item, .operation-row, .severity-card, .severity-legend-item not found. https://gsap.com
[2m14:49:41[22m [33m[1m[vite][22m[39m [33m[2m(client)[22m[39m [2m[console.warn] [22mGSAP target  not found. https://gsap.com
[2m14:49:41[22m [33m[1m[vite][22m[39m [33m[2m(client)[22m[39m [2m[console.warn] [22mGSAP target .severity-meter-fill not found. https://gsap.com
[2m14:49:41[22m [33m[1m[vite][22m[39m [33m[2m(client)[22m[39m [2m[console.warn] [22mGSAP target  not found. https://gsap.com
[2m14:49:41[22m [33m[1m[vite][22m[39m [33m[2m(client)[22m[39m [2m[console.warn] [22mGSAP target  not found. https://gsap.com
[2m14:49:41[22m [33m[1m[vite][22m[39m [33m[2m(client)[22m[39m [2m[console.warn] [22mGSAP target  not found. https://gsap.com
[2m14:49:42[22m [31m[1m[vite][22m[39m [31m[2m(client)[22m[39m [2m[console.error] [22mIn HTML, <button> cannot be a descendant of <button>.
This will cause a hydration error.

  ...
    <div className="flex min-h..." style={{opacity:0, ...}} ref={function}>
      <ApprovalsPage>
        <PageFrame icon={{...}} title="Approval C...">
          <motion.main ref={{...}} className="min-w-0 fl..." initial={{opacity:0,y:10}} animate={{opacity:1,y:0}} ...>
            <main className="min-w-0 fl..." style={{opacity:0, ...}} ref={function}>
              <div className="mx-auto fl...">
                <section>
                <section className="grid gap-5...">
                  <div className="space-y-4">
                    <section>
                    <Panel>
                      <section data-gsap="reveal" className="glass-pane...">
                        <div>
                        <div className="space-y-3">
>                         <button className="approval-request-card active" onClick={function onClick} type="button">
                            <div className="flex flex-...">
                              <div>
                              <div className="flex gap-2">
                                <Button className="h-9" onClick={function onClick} variant="primary">
>                                 <button
>                                   className="inline-flex items-center justify-center gap-2 rounded-md px-3 text-sm f..."
>                                   onClick={function onClick}
>                                 >
                                ...
                  ...

[2m14:49:42[22m [31m[1m[vite][22m[39m [31m[2m(client)[22m[39m [2m[console.error] [22m<button> cannot contain a nested <button>.
See this log for the ancestor stack trace.
[2m14:49:42[22m [33m[1m[vite][22m[39m [33m[2m(client)[22m[39m [2m[console.warn] [22mGSAP target .timeline-item, .operation-row, .severity-card, .severity-legend-item not found. https://gsap.com
[2m14:49:42[22m [33m[1m[vite][22m[39m [33m[2m(client)[22m[39m [2m[console.warn] [22mGSAP target  not found. https://gsap.com
[2m14:49:42[22m [33m[1m[vite][22m[39m [33m[2m(client)[22m[39m [2m[console.warn] [22mGSAP target .severity-meter-fill not found. https://gsap.com
[2m14:49:42[22m [33m[1m[vite][22m[39m [33m[2m(client)[22m[39m [2m[console.warn] [22mGSAP target  not found. https://gsap.com
[2m14:49:42[22m [33m[1m[vite][22m[39m [33m[2m(client)[22m[39m [2m[console.warn] [22mGSAP target  not found. https://gsap.com
[2m14:49:42[22m [33m[1m[vite][22m[39m [33m[2m(client)[22m[39m [2m[console.warn] [22mGSAP target  not found. https://gsap.com
[2m14:49:42[22m [33m[1m[vite][22m[39m [33m[2m(client)[22m[39m [2m[console.warn] [22mGSAP target .timeline-item, .operation-row, .severity-card, .severity-legend-item not found. https://gsap.com
[2m14:49:42[22m [33m[1m[vite][22m[39m [33m[2m(client)[22m[39m [2m[console.warn] [22mGSAP target  not found. https://gsap.com
[2m14:49:42[22m [33m[1m[vite][22m[39m [33m[2m(client)[22m[39m [2m[console.warn] [22mGSAP target .severity-meter-fill not found. https://gsap.com
[2m14:49:42[22m [33m[1m[vite][22m[39m [33m[2m(client)[22m[39m [2m[console.warn] [22mGSAP target  not found. https://gsap.com
[2m14:49:42[22m [33m[1m[vite][22m[39m [33m[2m(client)[22m[39m [2m[console.warn] [22mGSAP target  not found. https://gsap.com
[2m14:49:42[22m [33m[1m[vite][22m[39m [33m[2m(client)[22m[39m [2m[console.warn] [22mGSAP target  not found. https://gsap.com
[2m14:49:43[22m [33m[1m[vite][22m[39m [33m[2m(client)[22m[39m [2m[console.warn] [22mThe width(-1) and height(-1) of chart should be greater than 0,
       please check the style of container, or the props width(100%) and height(100%),
       or add a minWidth(0) or minHeight(undefined) or use aspect(undefined) to control the
       height and width.
[2m14:49:43[22m [33m[1m[vite][22m[39m [33m[2m(client)[22m[39m [2m[console.warn] [22mThe width(-1) and height(-1) of chart should be greater than 0,
       please check the style of container, or the props width(100%) and height(100%),
       or add a minWidth(0) or minHeight(undefined) or use aspect(undefined) to control the
       height and width.
[2m14:49:43[22m [33m[1m[vite][22m[39m [33m[2m(client)[22m[39m [2m[console.warn] [22mThe width(-1) and height(-1) of chart should be greater than 0,
       please check the style of container, or the props width(100%) and height(100%),
       or add a minWidth(0) or minHeight(undefined) or use aspect(undefined) to control the
       height and width.
[2m14:49:43[22m [33m[1m[vite][22m[39m [33m[2m(client)[22m[39m [2m[console.warn] [22mThe width(-1) and height(-1) of chart should be greater than 0,
       please check the style of container, or the props width(100%) and height(100%),
       or add a minWidth(0) or minHeight(undefined) or use aspect(undefined) to control the
       height and width.
[2m14:49:44[22m [33m[1m[vite][22m[39m [33m[2m(client)[22m[39m [2m[console.warn] [22mGSAP target .timeline-item, .operation-row, .severity-card, .severity-legend-item not found. https://gsap.com
[2m14:49:44[22m [33m[1m[vite][22m[39m [33m[2m(client)[22m[39m [2m[console.warn] [22mGSAP target  not found. https://gsap.com
[2m14:49:44[22m [33m[1m[vite][22m[39m [33m[2m(client)[22m[39m [2m[console.warn] [22mGSAP target .severity-meter-fill not found. https://gsap.com
[2m14:49:44[22m [33m[1m[vite][22m[39m [33m[2m(client)[22m[39m [2m[console.warn] [22mGSAP target  not found. https://gsap.com
[2m14:49:44[22m [33m[1m[vite][22m[39m [33m[2m(client)[22m[39m [2m[console.warn] [22mGSAP target  not found. https://gsap.com
[2m14:49:44[22m [33m[1m[vite][22m[39m [33m[2m(client)[22m[39m [2m[console.warn] [22mGSAP target  not found. https://gsap.com
[2m14:49:44[22m [33m[1m[vite][22m[39m [33m[2m(client)[22m[39m [2m[console.warn] [22mGSAP target .timeline-item, .operation-row, .severity-card, .severity-legend-item not found. https://gsap.com
[2m14:49:44[22m [33m[1m[vite][22m[39m [33m[2m(client)[22m[39m [2m[console.warn] [22mGSAP target  not found. https://gsap.com
[2m14:49:44[22m [33m[1m[vite][22m[39m [33m[2m(client)[22m[39m [2m[console.warn] [22mGSAP target .severity-meter-fill not found. https://gsap.com
[2m14:49:44[22m [33m[1m[vite][22m[39m [33m[2m(client)[22m[39m [2m[console.warn] [22mGSAP target  not found. https://gsap.com
[2m14:49:44[22m [33m[1m[vite][22m[39m [33m[2m(client)[22m[39m [2m[console.warn] [22mGSAP target  not found. https://gsap.com
[2m14:49:44[22m [33m[1m[vite][22m[39m [33m[2m(client)[22m[39m [2m[console.warn] [22mGSAP target  not found. https://gsap.com
[2m14:49:48[22m [33m[1m[vite][22m[39m [33m[2m(client)[22m[39m [2m[console.warn] [22mGSAP target .timeline-item, .operation-row, .severity-card, .severity-legend-item not found. https://gsap.com
[2m14:49:48[22m [33m[1m[vite][22m[39m [33m[2m(client)[22m[39m [2m[console.warn] [22mGSAP target  not found. https://gsap.com
[2m14:49:48[22m [33m[1m[vite][22m[39m [33m[2m(client)[22m[39m [2m[console.warn] [22mGSAP target .severity-meter-fill not found. https://gsap.com
[2m14:49:48[22m [33m[1m[vite][22m[39m [33m[2m(client)[22m[39m [2m[console.warn] [22mGSAP target  not found. https://gsap.com
[2m14:49:48[22m [33m[1m[vite][22m[39m [33m[2m(client)[22m[39m [2m[console.warn] [22mGSAP target  not found. https://gsap.com
[2m14:49:48[22m [33m[1m[vite][22m[39m [33m[2m(client)[22m[39m [2m[console.warn] [22mGSAP target  not found. https://gsap.com
[2m14:49:48[22m [33m[1m[vite][22m[39m [33m[2m(client)[22m[39m [2m[console.warn] [22mGSAP target .timeline-item, .operation-row, .severity-card, .severity-legend-item not found. https://gsap.com
[2m14:49:48[22m [33m[1m[vite][22m[39m [33m[2m(client)[22m[39m [2m[console.warn] [22mGSAP target  not found. https://gsap.com
[2m14:49:48[22m [33m[1m[vite][22m[39m [33m[2m(client)[22m[39m [2m[console.warn] [22mGSAP target .severity-meter-fill not found. https://gsap.com
[2m14:49:48[22m [33m[1m[vite][22m[39m [33m[2m(client)[22m[39m [2m[console.warn] [22mGSAP target  not found. https://gsap.com
[2m14:49:48[22m [33m[1m[vite][22m[39m [33m[2m(client)[22m[39m [2m[console.warn] [22mGSAP target  not found. https://gsap.com
[2m14:49:48[22m [33m[1m[vite][22m[39m [33m[2m(client)[22m[39m [2m[console.warn] [22mGSAP target  not found. https://gsap.com
[2m14:50:46[22m [33m[1m[vite][22m[39m [33m[2m(client)[22m[39m [2m[console.warn] [22mGSAP target .timeline-item, .operation-row, .severity-card, .severity-legend-item not found. https://gsap.com
[2m14:50:46[22m [33m[1m[vite][22m[39m [33m[2m(client)[22m[39m [2m[console.warn] [22mGSAP target  not found. https://gsap.com
[2m14:50:46[22m [33m[1m[vite][22m[39m [33m[2m(client)[22m[39m [2m[console.warn] [22mGSAP target .severity-meter-fill not found. https://gsap.com
[2m14:50:46[22m [33m[1m[vite][22m[39m [33m[2m(client)[22m[39m [2m[console.warn] [22mGSAP target  not found. https://gsap.com
[2m14:50:46[22m [33m[1m[vite][22m[39m [33m[2m(client)[22m[39m [2m[console.warn] [22mGSAP target  not found. https://gsap.com
[2m14:50:46[22m [33m[1m[vite][22m[39m [33m[2m(client)[22m[39m [2m[console.warn] [22mGSAP target  not found. https://gsap.com
[2m14:50:46[22m [33m[1m[vite][22m[39m [33m[2m(client)[22m[39m [2m[console.warn] [22mGSAP target .timeline-item, .operation-row, .severity-card, .severity-legend-item not found. https://gsap.com
[2m14:50:46[22m [33m[1m[vite][22m[39m [33m[2m(client)[22m[39m [2m[console.warn] [22mGSAP target  not found. https://gsap.com
[2m14:50:46[22m [33m[1m[vite][22m[39m [33m[2m(client)[22m[39m [2m[console.warn] [22mGSAP target .severity-meter-fill not found. https://gsap.com
[2m14:50:46[22m [33m[1m[vite][22m[39m [33m[2m(client)[22m[39m [2m[console.warn] [22mGSAP target  not found. https://gsap.com
[2m14:50:46[22m [33m[1m[vite][22m[39m [33m[2m(client)[22m[39m [2m[console.warn] [22mGSAP target  not found. https://gsap.com
[2m14:50:46[22m [33m[1m[vite][22m[39m [33m[2m(client)[22m[39m [2m[console.warn] [22mGSAP target  not found. https://gsap.com
[2m14:50:47[22m [33m[1m[vite][22m[39m [33m[2m(client)[22m[39m [2m[console.warn] [22mGSAP target .timeline-item, .operation-row, .severity-card, .severity-legend-item not found. https://gsap.com
[2m14:50:47[22m [33m[1m[vite][22m[39m [33m[2m(client)[22m[39m [2m[console.warn] [22mGSAP target  not found. https://gsap.com
[2m14:50:47[22m [33m[1m[vite][22m[39m [33m[2m(client)[22m[39m [2m[console.warn] [22mGSAP target .severity-meter-fill not found. https://gsap.com
[2m14:50:47[22m [33m[1m[vite][22m[39m [33m[2m(client)[22m[39m [2m[console.warn] [22mGSAP target  not found. https://gsap.com
[2m14:50:47[22m [33m[1m[vite][22m[39m [33m[2m(client)[22m[39m [2m[console.warn] [22mGSAP target  not found. https://gsap.com
[2m14:50:47[22m [33m[1m[vite][22m[39m [33m[2m(client)[22m[39m [2m[console.warn] [22mGSAP target  not found. https://gsap.com
[2m14:50:47[22m [33m[1m[vite][22m[39m [33m[2m(client)[22m[39m [2m[console.warn] [22mGSAP target .timeline-item, .operation-row, .severity-card, .severity-legend-item not found. https://gsap.com
[2m14:50:47[22m [33m[1m[vite][22m[39m [33m[2m(client)[22m[39m [2m[console.warn] [22mGSAP target  not found. https://gsap.com
[2m14:50:47[22m [33m[1m[vite][22m[39m [33m[2m(client)[22m[39m [2m[console.warn] [22mGSAP target .severity-meter-fill not found. https://gsap.com
[2m14:50:47[22m [33m[1m[vite][22m[39m [33m[2m(client)[22m[39m [2m[console.warn] [22mGSAP target  not found. https://gsap.com
[2m14:50:48[22m [33m[1m[vite][22m[39m [33m[2m(client)[22m[39m [2m[console.warn] [22mGSAP target  not found. https://gsap.com
[2m14:50:48[22m [33m[1m[vite][22m[39m [33m[2m(client)[22m[39m [2m[console.warn] [22mGSAP target  not found. https://gsap.com
[2m14:50:48[22m [33m[1m[vite][22m[39m [33m[2m(client)[22m[39m [2m[console.warn] [22mGSAP target .timeline-item, .operation-row, .severity-card, .severity-legend-item not found. https://gsap.com
[2m14:50:48[22m [33m[1m[vite][22m[39m [33m[2m(client)[22m[39m [2m[console.warn] [22mGSAP target  not found. https://gsap.com
[2m14:50:48[22m [33m[1m[vite][22m[39m [33m[2m(client)[22m[39m [2m[console.warn] [22mGSAP target .severity-meter-fill not found. https://gsap.com
[2m14:50:48[22m [33m[1m[vite][22m[39m [33m[2m(client)[22m[39m [2m[console.warn] [22mGSAP target  not found. https://gsap.com
[2m14:50:48[22m [33m[1m[vite][22m[39m [33m[2m(client)[22m[39m [2m[console.warn] [22mGSAP target  not found. https://gsap.com
[2m14:50:48[22m [33m[1m[vite][22m[39m [33m[2m(client)[22m[39m [2m[console.warn] [22mGSAP target  not found. https://gsap.com
[2m14:50:48[22m [33m[1m[vite][22m[39m [33m[2m(client)[22m[39m [2m[console.warn] [22mGSAP target .timeline-item, .operation-row, .severity-card, .severity-legend-item not found. https://gsap.com
[2m14:50:48[22m [33m[1m[vite][22m[39m [33m[2m(client)[22m[39m [2m[console.warn] [22mGSAP target  not found. https://gsap.com
[2m14:50:48[22m [33m[1m[vite][22m[39m [33m[2m(client)[22m[39m [2m[console.warn] [22mGSAP target .severity-meter-fill not found. https://gsap.com
[2m14:50:48[22m [33m[1m[vite][22m[39m [33m[2m(client)[22m[39m [2m[console.warn] [22mGSAP target  not found. https://gsap.com
[2m14:50:48[22m [33m[1m[vite][22m[39m [33m[2m(client)[22m[39m [2m[console.warn] [22mGSAP target  not found. https://gsap.com
[2m14:50:48[22m [33m[1m[vite][22m[39m [33m[2m(client)[22m[39m [2m[console.warn] [22mGSAP target  not found. https://gsap.com
[2m14:50:50[22m [33m[1m[vite][22m[39m [33m[2m(client)[22m[39m [2m[console.warn] [22mGSAP target .timeline-item, .operation-row, .severity-card, .severity-legend-item not found. https://gsap.com
[2m14:50:50[22m [33m[1m[vite][22m[39m [33m[2m(client)[22m[39m [2m[console.warn] [22mGSAP target  not found. https://gsap.com
[2m14:50:50[22m [33m[1m[vite][22m[39m [33m[2m(client)[22m[39m [2m[console.warn] [22mGSAP target .severity-meter-fill not found. https://gsap.com
[2m14:50:50[22m [33m[1m[vite][22m[39m [33m[2m(client)[22m[39m [2m[console.warn] [22mGSAP target  not found. https://gsap.com
[2m14:50:50[22m [33m[1m[vite][22m[39m [33m[2m(client)[22m[39m [2m[console.warn] [22mGSAP target  not found. https://gsap.com
[2m14:50:50[22m [33m[1m[vite][22m[39m [33m[2m(client)[22m[39m [2m[console.warn] [22mGSAP target  not found. https://gsap.com
[2m14:50:50[22m [33m[1m[vite][22m[39m [33m[2m(client)[22m[39m [2m[console.warn] [22mGSAP target .timeline-item, .operation-row, .severity-card, .severity-legend-item not found. https://gsap.com
[2m14:50:50[22m [33m[1m[vite][22m[39m [33m[2m(client)[22m[39m [2m[console.warn] [22mGSAP target  not found. https://gsap.com
[2m14:50:50[22m [33m[1m[vite][22m[39m [33m[2m(client)[22m[39m [2m[console.warn] [22mGSAP target .severity-meter-fill not found. https://gsap.com
[2m14:50:50[22m [33m[1m[vite][22m[39m [33m[2m(client)[22m[39m [2m[console.warn] [22mGSAP target  not found. https://gsap.com
[2m14:50:50[22m [33m[1m[vite][22m[39m [33m[2m(client)[22m[39m [2m[console.warn] [22mGSAP target  not found. https://gsap.com
[2m14:50:50[22m [33m[1m[vite][22m[39m [33m[2m(client)[22m[39m [2m[console.warn] [22mGSAP target  not found. https://gsap.com
[2m14:50:50[22m [33m[1m[vite][22m[39m [33m[2m(client)[22m[39m [2m[console.warn] [22mGSAP target .timeline-item, .operation-row, .severity-card, .severity-legend-item not found. https://gsap.com
[2m14:50:50[22m [33m[1m[vite][22m[39m [33m[2m(client)[22m[39m [2m[console.warn] [22mGSAP target  not found. https://gsap.com
[2m14:50:50[22m [33m[1m[vite][22m[39m [33m[2m(client)[22m[39m [2m[console.warn] [22mGSAP target .severity-meter-fill not found. https://gsap.com
[2m14:50:50[22m [33m[1m[vite][22m[39m [33m[2m(client)[22m[39m [2m[console.warn] [22mGSAP target  not found. https://gsap.com
[2m14:50:50[22m [33m[1m[vite][22m[39m [33m[2m(client)[22m[39m [2m[console.warn] [22mGSAP target  not found. https://gsap.com
[2m14:50:50[22m [33m[1m[vite][22m[39m [33m[2m(client)[22m[39m [2m[console.warn] [22mGSAP target  not found. https://gsap.com
[2m14:50:50[22m [33m[1m[vite][22m[39m [33m[2m(client)[22m[39m [2m[console.warn] [22mGSAP target .timeline-item, .operation-row, .severity-card, .severity-legend-item not found. https://gsap.com
[2m14:50:50[22m [33m[1m[vite][22m[39m [33m[2m(client)[22m[39m [2m[console.warn] [22mGSAP target  not found. https://gsap.com
[2m14:50:50[22m [33m[1m[vite][22m[39m [33m[2m(client)[22m[39m [2m[console.warn] [22mGSAP target .severity-meter-fill not found. https://gsap.com
[2m14:50:50[22m [33m[1m[vite][22m[39m [33m[2m(client)[22m[39m [2m[console.warn] [22mGSAP target  not found. https://gsap.com
[2m14:50:50[22m [33m[1m[vite][22m[39m [33m[2m(client)[22m[39m [2m[console.warn] [22mGSAP target  not found. https://gsap.com
[2m14:50:50[22m [33m[1m[vite][22m[39m [33m[2m(client)[22m[39m [2m[console.warn] [22mGSAP target  not found. https://gsap.com
[2m14:58:17[22m [33m[1m[vite][22m[39m [33m[2m(client)[22m[39m [2m[console.warn] [22mThe width(-1) and height(-1) of chart should be greater than 0,
       please check the style of container, or the props width(100%) and height(100%),
       or add a minWidth(0) or minHeight(undefined) or use aspect(undefined) to control the
       height and width.
[2m14:58:17[22m [33m[1m[vite][22m[39m [33m[2m(client)[22m[39m [2m[console.warn] [22mThe width(-1) and height(-1) of chart should be greater than 0,
       please check the style of container, or the props width(100%) and height(100%),
       or add a minWidth(0) or minHeight(undefined) or use aspect(undefined) to control the
       height and width.
[2m14:58:17[22m [33m[1m[vite][22m[39m [33m[2m(client)[22m[39m [2m[console.warn] [22mThe width(-1) and height(-1) of chart should be greater than 0,
       please check the style of container, or the props width(100%) and height(100%),
       or add a minWidth(0) or minHeight(undefined) or use aspect(undefined) to control the
       height and width.
[2m14:58:17[22m [33m[1m[vite][22m[39m [33m[2m(client)[22m[39m [2m[console.warn] [22mThe width(-1) and height(-1) of chart should be greater than 0,
       please check the style of container, or the props width(100%) and height(100%),
       or add a minWidth(0) or minHeight(undefined) or use aspect(undefined) to control the
       height and width.
[2m14:58:17[22m [33m[1m[vite][22m[39m [33m[2m(client)[22m[39m [2m[console.warn] [22mGSAP target .severity-meter-fill not found. https://gsap.com
[2m14:58:17[22m [33m[1m[vite][22m[39m [33m[2m(client)[22m[39m [2m[console.warn] [22mGSAP target  not found. https://gsap.com
[2m14:58:17[22m [33m[1m[vite][22m[39m [33m[2m(client)[22m[39m [2m[console.warn] [22mGSAP target  not found. https://gsap.com
[2m14:58:17[22m [33m[1m[vite][22m[39m [33m[2m(client)[22m[39m [2m[console.warn] [22mGSAP target .severity-meter-fill not found. https://gsap.com
[2m14:58:17[22m [33m[1m[vite][22m[39m [33m[2m(client)[22m[39m [2m[console.warn] [22mGSAP target  not found. https://gsap.com
[2m14:58:17[22m [33m[1m[vite][22m[39m [33m[2m(client)[22m[39m [2m[console.warn] [22mGSAP target  not found. https://gsap.com
[2m14:59:02[22m [33m[1m[vite][22m[39m [33m[2m(client)[22m[39m [2m[console.warn] [22mGSAP target .timeline-item, .operation-row, .severity-card, .severity-legend-item not found. https://gsap.com
[2m14:59:02[22m [33m[1m[vite][22m[39m [33m[2m(client)[22m[39m [2m[console.warn] [22mGSAP target  not found. https://gsap.com
[2m14:59:02[22m [33m[1m[vite][22m[39m [33m[2m(client)[22m[39m [2m[console.warn] [22mGSAP target .severity-meter-fill not found. https://gsap.com
[2m14:59:02[22m [33m[1m[vite][22m[39m [33m[2m(client)[22m[39m [2m[console.warn] [22mGSAP target  not found. https://gsap.com
[2m14:59:02[22m [33m[1m[vite][22m[39m [33m[2m(client)[22m[39m [2m[console.warn] [22mGSAP target  not found. https://gsap.com
[2m14:59:02[22m [33m[1m[vite][22m[39m [33m[2m(client)[22m[39m [2m[console.warn] [22mGSAP target  not found. https://gsap.com
[2m14:59:02[22m [33m[1m[vite][22m[39m [33m[2m(client)[22m[39m [2m[console.warn] [22mGSAP target .timeline-item, .operation-row, .severity-card, .severity-legend-item not found. https://gsap.com
[2m14:59:02[22m [33m[1m[vite][22m[39m [33m[2m(client)[22m[39m [2m[console.warn] [22mGSAP target  not found. https://gsap.com
[2m14:59:02[22m [33m[1m[vite][22m[39m [33m[2m(client)[22m[39m [2m[console.warn] [22mGSAP target .severity-meter-fill not found. https://gsap.com
[2m14:59:02[22m [33m[1m[vite][22m[39m [33m[2m(client)[22m[39m [2m[console.warn] [22mGSAP target  not found. https://gsap.com
[2m14:59:02[22m [33m[1m[vite][22m[39m [33m[2m(client)[22m[39m [2m[console.warn] [22mGSAP target  not found. https://gsap.com
[2m14:59:02[22m [33m[1m[vite][22m[39m [33m[2m(client)[22m[39m [2m[console.warn] [22mGSAP target  not found. https://gsap.com
[2m14:59:33[22m [33m[1m[vite][22m[39m [33m[2m(client)[22m[39m [2m[console.warn] [22mGSAP target .timeline-item, .operation-row, .severity-card, .severity-legend-item not found. https://gsap.com
[2m14:59:33[22m [33m[1m[vite][22m[39m [33m[2m(client)[22m[39m [2m[console.warn] [22mGSAP target  not found. https://gsap.com
[2m14:59:33[22m [33m[1m[vite][22m[39m [33m[2m(client)[22m[39m [2m[console.warn] [22mGSAP target .severity-meter-fill not found. https://gsap.com
[2m14:59:33[22m [33m[1m[vite][22m[39m [33m[2m(client)[22m[39m [2m[console.warn] [22mGSAP target  not found. https://gsap.com
[2m14:59:33[22m [33m[1m[vite][22m[39m [33m[2m(client)[22m[39m [2m[console.warn] [22mGSAP target  not found. https://gsap.com
[2m14:59:33[22m [33m[1m[vite][22m[39m [33m[2m(client)[22m[39m [2m[console.warn] [22mGSAP target  not found. https://gsap.com
[2m14:59:33[22m [33m[1m[vite][22m[39m [33m[2m(client)[22m[39m [2m[console.warn] [22mGSAP target .timeline-item, .operation-row, .severity-card, .severity-legend-item not found. https://gsap.com
[2m14:59:33[22m [33m[1m[vite][22m[39m [33m[2m(client)[22m[39m [2m[console.warn] [22mGSAP target  not found. https://gsap.com
[2m14:59:33[22m [33m[1m[vite][22m[39m [33m[2m(client)[22m[39m [2m[console.warn] [22mGSAP target .severity-meter-fill not found. https://gsap.com
[2m14:59:33[22m [33m[1m[vite][22m[39m [33m[2m(client)[22m[39m [2m[console.warn] [22mGSAP target  not found. https://gsap.com
[2m14:59:33[22m [33m[1m[vite][22m[39m [33m[2m(client)[22m[39m [2m[console.warn] [22mGSAP target  not found. https://gsap.com
[2m14:59:33[22m [33m[1m[vite][22m[39m [33m[2m(client)[22m[39m [2m[console.warn] [22mGSAP target  not found. https://gsap.com
[2m15:10:34[22m [33m[1m[vite][22m[39m [33m[2m(client)[22m[39m [2m[console.warn] [22mThe width(-1) and height(-1) of chart should be greater than 0,
       please check the style of container, or the props width(100%) and height(100%),
       or add a minWidth(0) or minHeight(undefined) or use aspect(undefined) to control the
       height and width.
[2m15:10:34[22m [33m[1m[vite][22m[39m [33m[2m(client)[22m[39m [2m[console.warn] [22mThe width(-1) and height(-1) of chart should be greater than 0,
       please check the style of container, or the props width(100%) and height(100%),
       or add a minWidth(0) or minHeight(undefined) or use aspect(undefined) to control the
       height and width.
[2m15:10:34[22m [33m[1m[vite][22m[39m [33m[2m(client)[22m[39m [2m[console.warn] [22mThe width(-1) and height(-1) of chart should be greater than 0,
       please check the style of container, or the props width(100%) and height(100%),
       or add a minWidth(0) or minHeight(undefined) or use aspect(undefined) to control the
       height and width.
[2m15:10:34[22m [33m[1m[vite][22m[39m [33m[2m(client)[22m[39m [2m[console.warn] [22mThe width(-1) and height(-1) of chart should be greater than 0,
       please check the style of container, or the props width(100%) and height(100%),
       or add a minWidth(0) or minHeight(undefined) or use aspect(undefined) to control the
       height and width.
[2m15:10:34[22m [33m[1m[vite][22m[39m [33m[2m(client)[22m[39m [2m[console.warn] [22mGSAP target .severity-meter-fill not found. https://gsap.com
[2m15:10:34[22m [33m[1m[vite][22m[39m [33m[2m(client)[22m[39m [2m[console.warn] [22mGSAP target  not found. https://gsap.com
[2m15:10:34[22m [33m[1m[vite][22m[39m [33m[2m(client)[22m[39m [2m[console.warn] [22mGSAP target  not found. https://gsap.com
[2m15:10:34[22m [33m[1m[vite][22m[39m [33m[2m(client)[22m[39m [2m[console.warn] [22mGSAP target .severity-meter-fill not found. https://gsap.com
[2m15:10:34[22m [33m[1m[vite][22m[39m [33m[2m(client)[22m[39m [2m[console.warn] [22mGSAP target  not found. https://gsap.com
[2m15:10:34[22m [33m[1m[vite][22m[39m [33m[2m(client)[22m[39m [2m[console.warn] [22mThe width(-1) and height(-1) of chart should be greater than 0,
       please check the style of container, or the props width(100%) and height(100%),
       or add a minWidth(0) or minHeight(undefined) or use aspect(undefined) to control the
       height and width.
[2m15:10:34[22m [33m[1m[vite][22m[39m [33m[2m(client)[22m[39m [2m[console.warn] [22mThe width(-1) and height(-1) of chart should be greater than 0,
       please check the style of container, or the props width(100%) and height(100%),
       or add a minWidth(0) or minHeight(undefined) or use aspect(undefined) to control the
       height and width.
[2m15:10:34[22m [33m[1m[vite][22m[39m [33m[2m(client)[22m[39m [2m[console.warn] [22mThe width(-1) and height(-1) of chart should be greater than 0,
       please check the style of container, or the props width(100%) and height(100%),
       or add a minWidth(0) or minHeight(undefined) or use aspect(undefined) to control the
       height and width.
[2m15:10:34[22m [33m[1m[vite][22m[39m [33m[2m(client)[22m[39m [2m[console.warn] [22mThe width(-1) and height(-1) of chart should be greater than 0,
       please check the style of container, or the props width(100%) and height(100%),
       or add a minWidth(0) or minHeight(undefined) or use aspect(undefined) to control the
       height and width.
[2m15:10:34[22m [33m[1m[vite][22m[39m [33m[2m(client)[22m[39m [2m[console.warn] [22mGSAP target .severity-meter-fill not found. https://gsap.com
[2m15:10:34[22m [33m[1m[vite][22m[39m [33m[2m(client)[22m[39m [2m[console.warn] [22mGSAP target  not found. https://gsap.com
[2m15:10:34[22m [33m[1m[vite][22m[39m [33m[2m(client)[22m[39m [2m[console.warn] [22mGSAP target  not found. https://gsap.com
[2m15:10:34[22m [33m[1m[vite][22m[39m [33m[2m(client)[22m[39m [2m[console.warn] [22mGSAP target .severity-meter-fill not found. https://gsap.com
[2m15:10:34[22m [33m[1m[vite][22m[39m [33m[2m(client)[22m[39m [2m[console.warn] [22mGSAP target  not found. https://gsap.com
[2m15:10:34[22m [33m[1m[vite][22m[39m [33m[2m(client)[22m[39m [2m[console.warn] [22mGSAP target  not found. https://gsap.com
[2m15:13:09[22m [33m[1m[vite][22m[39m [33m[2m(client)[22m[39m [2m[console.warn] [22mGSAP target  not found. https://gsap.com
[2m15:13:37[22m [33m[1m[vite][22m[39m [33m[2m(client)[22m[39m [2m[console.warn] [22mGSAP target .timeline-item, .operation-row, .severity-card, .severity-legend-item not found. https://gsap.com
[2m15:13:37[22m [33m[1m[vite][22m[39m [33m[2m(client)[22m[39m [2m[console.warn] [22mGSAP target  not found. https://gsap.com
[2m15:13:37[22m [33m[1m[vite][22m[39m [33m[2m(client)[22m[39m [2m[console.warn] [22mGSAP target .severity-meter-fill not found. https://gsap.com
[2m15:13:37[22m [33m[1m[vite][22m[39m [33m[2m(client)[22m[39m [2m[console.warn] [22mGSAP target  not found. https://gsap.com
[2m15:13:37[22m [33m[1m[vite][22m[39m [33m[2m(client)[22m[39m [2m[console.warn] [22mGSAP target  not found. https://gsap.com
[2m15:13:37[22m [33m[1m[vite][22m[39m [33m[2m(client)[22m[39m [2m[console.warn] [22mGSAP target  not found. https://gsap.com
[2m15:13:37[22m [33m[1m[vite][22m[39m [33m[2m(client)[22m[39m [2m[console.warn] [22mGSAP target .timeline-item, .operation-row, .severity-card, .severity-legend-item not found. https://gsap.com
[2m15:13:37[22m [33m[1m[vite][22m[39m [33m[2m(client)[22m[39m [2m[console.warn] [22mGSAP target  not found. https://gsap.com
[2m15:13:37[22m [33m[1m[vite][22m[39m [33m[2m(client)[22m[39m [2m[console.warn] [22mGSAP target .severity-meter-fill not found. https://gsap.com
[2m15:13:37[22m [33m[1m[vite][22m[39m [33m[2m(client)[22m[39m [2m[console.warn] [22mGSAP target  not found. https://gsap.com
[2m15:13:37[22m [33m[1m[vite][22m[39m [33m[2m(client)[22m[39m [2m[console.warn] [22mGSAP target  not found. https://gsap.com
[2m15:13:37[22m [33m[1m[vite][22m[39m [33m[2m(client)[22m[39m [2m[console.warn] [22mGSAP target  not found. https://gsap.com
[2m15:13:38[22m [33m[1m[vite][22m[39m [33m[2m(client)[22m[39m [2m[console.warn] [22mThe width(-1) and height(-1) of chart should be greater than 0,
       please check the style of container, or the props width(100%) and height(100%),
       or add a minWidth(0) or minHeight(undefined) or use aspect(undefined) to control the
       height and width.
[2m15:13:38[22m [33m[1m[vite][22m[39m [33m[2m(client)[22m[39m [2m[console.warn] [22mThe width(-1) and height(-1) of chart should be greater than 0,
       please check the style of container, or the props width(100%) and height(100%),
       or add a minWidth(0) or minHeight(undefined) or use aspect(undefined) to control the
       height and width.
[2m15:13:38[22m [33m[1m[vite][22m[39m [33m[2m(client)[22m[39m [2m[console.warn] [22mThe width(-1) and height(-1) of chart should be greater than 0,
       please check the style of container, or the props width(100%) and height(100%),
       or add a minWidth(0) or minHeight(undefined) or use aspect(undefined) to control the
       height and width.
[2m15:13:38[22m [33m[1m[vite][22m[39m [33m[2m(client)[22m[39m [2m[console.warn] [22mThe width(-1) and height(-1) of chart should be greater than 0,
       please check the style of container, or the props width(100%) and height(100%),
       or add a minWidth(0) or minHeight(undefined) or use aspect(undefined) to control the
       height and width.
[2m15:14:28[22m [33m[1m[vite][22m[39m [33m[2m(client)[22m[39m [2m[console.warn] [22mGSAP target .timeline-item, .operation-row, .severity-card, .severity-legend-item not found. https://gsap.com
[2m15:14:28[22m [33m[1m[vite][22m[39m [33m[2m(client)[22m[39m [2m[console.warn] [22mGSAP target  not found. https://gsap.com
[2m15:14:28[22m [33m[1m[vite][22m[39m [33m[2m(client)[22m[39m [2m[console.warn] [22mGSAP target .severity-meter-fill not found. https://gsap.com
[2m15:14:28[22m [33m[1m[vite][22m[39m [33m[2m(client)[22m[39m [2m[console.warn] [22mGSAP target  not found. https://gsap.com
[2m15:14:28[22m [33m[1m[vite][22m[39m [33m[2m(client)[22m[39m [2m[console.warn] [22mGSAP target  not found. https://gsap.com
[2m15:14:28[22m [33m[1m[vite][22m[39m [33m[2m(client)[22m[39m [2m[console.warn] [22mGSAP target  not found. https://gsap.com
[2m15:14:28[22m [33m[1m[vite][22m[39m [33m[2m(client)[22m[39m [2m[console.warn] [22mGSAP target .timeline-item, .operation-row, .severity-card, .severity-legend-item not found. https://gsap.com
[2m15:14:28[22m [33m[1m[vite][22m[39m [33m[2m(client)[22m[39m [2m[console.warn] [22mGSAP target  not found. https://gsap.com
[2m15:14:28[22m [33m[1m[vite][22m[39m [33m[2m(client)[22m[39m [2m[console.warn] [22mGSAP target .severity-meter-fill not found. https://gsap.com
[2m15:14:28[22m [33m[1m[vite][22m[39m [33m[2m(client)[22m[39m [2m[console.warn] [22mGSAP target  not found. https://gsap.com
[2m15:14:28[22m [33m[1m[vite][22m[39m [33m[2m(client)[22m[39m [2m[console.warn] [22mGSAP target  not found. https://gsap.com
[2m15:14:28[22m [33m[1m[vite][22m[39m [33m[2m(client)[22m[39m [2m[console.warn] [22mGSAP target  not found. https://gsap.com
[2m15:14:29[22m [33m[1m[vite][22m[39m [33m[2m(client)[22m[39m [2m[console.warn] [22mThe width(-1) and height(-1) of chart should be greater than 0,
       please check the style of container, or the props width(100%) and height(100%),
       or add a minWidth(0) or minHeight(undefined) or use aspect(undefined) to control the
       height and width.
[2m15:14:29[22m [33m[1m[vite][22m[39m [33m[2m(client)[22m[39m [2m[console.warn] [22mThe width(-1) and height(-1) of chart should be greater than 0,
       please check the style of container, or the props width(100%) and height(100%),
       or add a minWidth(0) or minHeight(undefined) or use aspect(undefined) to control the
       height and width.
[2m15:14:29[22m [33m[1m[vite][22m[39m [33m[2m(client)[22m[39m [2m[console.warn] [22mThe width(-1) and height(-1) of chart should be greater than 0,
       please check the style of container, or the props width(100%) and height(100%),
       or add a minWidth(0) or minHeight(undefined) or use aspect(undefined) to control the
       height and width.
[2m15:14:29[22m [33m[1m[vite][22m[39m [33m[2m(client)[22m[39m [2m[console.warn] [22mThe width(-1) and height(-1) of chart should be greater than 0,
       please check the style of container, or the props width(100%) and height(100%),
       or add a minWidth(0) or minHeight(undefined) or use aspect(undefined) to control the
       height and width.
[2m15:14:29[22m [33m[1m[vite][22m[39m [33m[2m(client)[22m[39m [2m[console.warn] [22mGSAP target .timeline-item, .operation-row, .severity-card, .severity-legend-item not found. https://gsap.com
[2m15:14:29[22m [33m[1m[vite][22m[39m [33m[2m(client)[22m[39m [2m[console.warn] [22mGSAP target  not found. https://gsap.com
[2m15:14:29[22m [33m[1m[vite][22m[39m [33m[2m(client)[22m[39m [2m[console.warn] [22mGSAP target .severity-meter-fill not found. https://gsap.com
[2m15:14:29[22m [33m[1m[vite][22m[39m [33m[2m(client)[22m[39m [2m[console.warn] [22mGSAP target  not found. https://gsap.com
[2m15:14:29[22m [33m[1m[vite][22m[39m [33m[2m(client)[22m[39m [2m[console.warn] [22mGSAP target  not found. https://gsap.com
[2m15:14:29[22m [33m[1m[vite][22m[39m [33m[2m(client)[22m[39m [2m[console.warn] [22mGSAP target  not found. https://gsap.com
[2m15:14:29[22m [33m[1m[vite][22m[39m [33m[2m(client)[22m[39m [2m[console.warn] [22mGSAP target .timeline-item, .operation-row, .severity-card, .severity-legend-item not found. https://gsap.com
[2m15:14:29[22m [33m[1m[vite][22m[39m [33m[2m(client)[22m[39m [2m[console.warn] [22mGSAP target  not found. https://gsap.com
[2m15:14:29[22m [33m[1m[vite][22m[39m [33m[2m(client)[22m[39m [2m[console.warn] [22mGSAP target .severity-meter-fill not found. https://gsap.com
[2m15:14:29[22m [33m[1m[vite][22m[39m [33m[2m(client)[22m[39m [2m[console.warn] [22mGSAP target  not found. https://gsap.com
[2m15:14:30[22m [33m[1m[vite][22m[39m [33m[2m(client)[22m[39m [2m[console.warn] [22mGSAP target  not found. https://gsap.com
[2m15:14:30[22m [33m[1m[vite][22m[39m [33m[2m(client)[22m[39m [2m[console.warn] [22mGSAP target  not found. https://gsap.com
[2m15:14:31[22m [33m[1m[vite][22m[39m [33m[2m(client)[22m[39m [2m[console.warn] [22mGSAP target .timeline-item, .operation-row, .severity-card, .severity-legend-item not found. https://gsap.com
[2m15:14:31[22m [33m[1m[vite][22m[39m [33m[2m(client)[22m[39m [2m[console.warn] [22mGSAP target  not found. https://gsap.com
[2m15:14:31[22m [33m[1m[vite][22m[39m [33m[2m(client)[22m[39m [2m[console.warn] [22mGSAP target .severity-meter-fill not found. https://gsap.com
[2m15:14:31[22m [33m[1m[vite][22m[39m [33m[2m(client)[22m[39m [2m[console.warn] [22mGSAP target  not found. https://gsap.com
[2m15:14:31[22m [33m[1m[vite][22m[39m [33m[2m(client)[22m[39m [2m[console.warn] [22mGSAP target  not found. https://gsap.com
[2m15:14:31[22m [33m[1m[vite][22m[39m [33m[2m(client)[22m[39m [2m[console.warn] [22mGSAP target  not found. https://gsap.com
[2m15:14:31[22m [33m[1m[vite][22m[39m [33m[2m(client)[22m[39m [2m[console.warn] [22mGSAP target .timeline-item, .operation-row, .severity-card, .severity-legend-item not found. https://gsap.com
[2m15:14:31[22m [33m[1m[vite][22m[39m [33m[2m(client)[22m[39m [2m[console.warn] [22mGSAP target  not found. https://gsap.com
[2m15:14:31[22m [33m[1m[vite][22m[39m [33m[2m(client)[22m[39m [2m[console.warn] [22mGSAP target .severity-meter-fill not found. https://gsap.com
[2m15:14:31[22m [33m[1m[vite][22m[39m [33m[2m(client)[22m[39m [2m[console.warn] [22mGSAP target  not found. https://gsap.com
[2m15:14:31[22m [33m[1m[vite][22m[39m [33m[2m(client)[22m[39m [2m[console.warn] [22mGSAP target  not found. https://gsap.com
[2m15:14:31[22m [33m[1m[vite][22m[39m [33m[2m(client)[22m[39m [2m[console.warn] [22mGSAP target  not found. https://gsap.com
[2m15:14:32[22m [31m[1m[vite][22m[39m [31m[2m(client)[22m[39m [2m[console.error] [22mIn HTML, <button> cannot be a descendant of <button>.
This will cause a hydration error.

  ...
    <div className="flex min-h..." style={{opacity:0, ...}} ref={function}>
      <ApprovalsPage>
        <PageFrame icon={{...}} title="Approval C...">
          <motion.main ref={{...}} className="min-w-0 fl..." initial={{opacity:0,y:10}} animate={{opacity:1,y:0}} ...>
            <main className="min-w-0 fl..." style={{opacity:0, ...}} ref={function}>
              <div className="mx-auto fl...">
                <section>
                <section className="grid gap-5...">
                  <div className="space-y-4">
                    <section>
                    <Panel>
                      <section data-gsap="reveal" className="glass-pane...">
                        <div>
                        <div className="space-y-3">
>                         <button className="approval-request-card active" onClick={function onClick} type="button">
                            <div className="flex flex-...">
                              <div>
                              <div className="flex gap-2">
                                <Button className="h-9" onClick={function onClick} variant="primary">
>                                 <button
>                                   className="inline-flex items-center justify-center gap-2 rounded-md px-3 text-sm f..."
>                                   onClick={function onClick}
>                                 >
                                ...
                  ...

[2m15:14:32[22m [31m[1m[vite][22m[39m [31m[2m(client)[22m[39m [2m[console.error] [22m<button> cannot contain a nested <button>.
See this log for the ancestor stack trace.
[2m15:14:32[22m [33m[1m[vite][22m[39m [33m[2m(client)[22m[39m [2m[console.warn] [22mGSAP target .timeline-item, .operation-row, .severity-card, .severity-legend-item not found. https://gsap.com
[2m15:14:32[22m [33m[1m[vite][22m[39m [33m[2m(client)[22m[39m [2m[console.warn] [22mGSAP target  not found. https://gsap.com
[2m15:14:32[22m [33m[1m[vite][22m[39m [33m[2m(client)[22m[39m [2m[console.warn] [22mGSAP target .severity-meter-fill not found. https://gsap.com
[2m15:14:32[22m [33m[1m[vite][22m[39m [33m[2m(client)[22m[39m [2m[console.warn] [22mGSAP target  not found. https://gsap.com
[2m15:14:32[22m [33m[1m[vite][22m[39m [33m[2m(client)[22m[39m [2m[console.warn] [22mGSAP target  not found. https://gsap.com
[2m15:14:32[22m [33m[1m[vite][22m[39m [33m[2m(client)[22m[39m [2m[console.warn] [22mGSAP target  not found. https://gsap.com
[2m15:14:32[22m [33m[1m[vite][22m[39m [33m[2m(client)[22m[39m [2m[console.warn] [22mGSAP target .timeline-item, .operation-row, .severity-card, .severity-legend-item not found. https://gsap.com
[2m15:14:32[22m [33m[1m[vite][22m[39m [33m[2m(client)[22m[39m [2m[console.warn] [22mGSAP target  not found. https://gsap.com
[2m15:14:32[22m [33m[1m[vite][22m[39m [33m[2m(client)[22m[39m [2m[console.warn] [22mGSAP target .severity-meter-fill not found. https://gsap.com
[2m15:14:32[22m [33m[1m[vite][22m[39m [33m[2m(client)[22m[39m [2m[console.warn] [22mGSAP target  not found. https://gsap.com
[2m15:14:32[22m [33m[1m[vite][22m[39m [33m[2m(client)[22m[39m [2m[console.warn] [22mGSAP target  not found. https://gsap.com
[2m15:14:32[22m [33m[1m[vite][22m[39m [33m[2m(client)[22m[39m [2m[console.warn] [22mGSAP target  not found. https://gsap.com
[2m15:14:33[22m [33m[1m[vite][22m[39m [33m[2m(client)[22m[39m [2m[console.warn] [22mGSAP target .timeline-item, .operation-row, .severity-card, .severity-legend-item not found. https://gsap.com
[2m15:14:33[22m [33m[1m[vite][22m[39m [33m[2m(client)[22m[39m [2m[console.warn] [22mGSAP target  not found. https://gsap.com
[2m15:14:33[22m [33m[1m[vite][22m[39m [33m[2m(client)[22m[39m [2m[console.warn] [22mGSAP target .severity-meter-fill not found. https://gsap.com
[2m15:14:33[22m [33m[1m[vite][22m[39m [33m[2m(client)[22m[39m [2m[console.warn] [22mGSAP target  not found. https://gsap.com
[2m15:14:33[22m [33m[1m[vite][22m[39m [33m[2m(client)[22m[39m [2m[console.warn] [22mGSAP target  not found. https://gsap.com
[2m15:14:33[22m [33m[1m[vite][22m[39m [33m[2m(client)[22m[39m [2m[console.warn] [22mGSAP target  not found. https://gsap.com
[2m15:14:33[22m [33m[1m[vite][22m[39m [33m[2m(client)[22m[39m [2m[console.warn] [22mGSAP target .timeline-item, .operation-row, .severity-card, .severity-legend-item not found. https://gsap.com
[2m15:14:33[22m [33m[1m[vite][22m[39m [33m[2m(client)[22m[39m [2m[console.warn] [22mGSAP target  not found. https://gsap.com
[2m15:14:33[22m [33m[1m[vite][22m[39m [33m[2m(client)[22m[39m [2m[console.warn] [22mGSAP target .severity-meter-fill not found. https://gsap.com
[2m15:14:33[22m [33m[1m[vite][22m[39m [33m[2m(client)[22m[39m [2m[console.warn] [22mGSAP target  not found. https://gsap.com
[2m15:14:33[22m [33m[1m[vite][22m[39m [33m[2m(client)[22m[39m [2m[console.warn] [22mGSAP target  not found. https://gsap.com
[2m15:14:33[22m [33m[1m[vite][22m[39m [33m[2m(client)[22m[39m [2m[console.warn] [22mGSAP target  not found. https://gsap.com
[2m15:14:33[22m [33m[1m[vite][22m[39m [33m[2m(client)[22m[39m [2m[console.warn] [22mGSAP target  not found. https://gsap.com
[2m15:14:34[22m [33m[1m[vite][22m[39m [33m[2m(client)[22m[39m [2m[console.warn] [22mGSAP target .timeline-item, .operation-row, .severity-card, .severity-legend-item not found. https://gsap.com
[2m15:14:34[22m [33m[1m[vite][22m[39m [33m[2m(client)[22m[39m [2m[console.warn] [22mGSAP target  not found. https://gsap.com
[2m15:14:34[22m [33m[1m[vite][22m[39m [33m[2m(client)[22m[39m [2m[console.warn] [22mGSAP target .severity-meter-fill not found. https://gsap.com
[2m15:14:34[22m [33m[1m[vite][22m[39m [33m[2m(client)[22m[39m [2m[console.warn] [22mGSAP target  not found. https://gsap.com
[2m15:14:34[22m [33m[1m[vite][22m[39m [33m[2m(client)[22m[39m [2m[console.warn] [22mGSAP target  not found. https://gsap.com
[2m15:14:34[22m [33m[1m[vite][22m[39m [33m[2m(client)[22m[39m [2m[console.warn] [22mGSAP target  not found. https://gsap.com
[2m15:14:34[22m [33m[1m[vite][22m[39m [33m[2m(client)[22m[39m [2m[console.warn] [22mGSAP target .timeline-item, .operation-row, .severity-card, .severity-legend-item not found. https://gsap.com
[2m15:14:34[22m [33m[1m[vite][22m[39m [33m[2m(client)[22m[39m [2m[console.warn] [22mGSAP target  not found. https://gsap.com
[2m15:14:34[22m [33m[1m[vite][22m[39m [33m[2m(client)[22m[39m [2m[console.warn] [22mGSAP target .severity-meter-fill not found. https://gsap.com
[2m15:14:34[22m [33m[1m[vite][22m[39m [33m[2m(client)[22m[39m [2m[console.warn] [22mGSAP target  not found. https://gsap.com
[2m15:14:34[22m [33m[1m[vite][22m[39m [33m[2m(client)[22m[39m [2m[console.warn] [22mGSAP target  not found. https://gsap.com
[2m15:14:34[22m [33m[1m[vite][22m[39m [33m[2m(client)[22m[39m [2m[console.warn] [22mGSAP target  not found. https://gsap.com
[2m15:14:35[22m [33m[1m[vite][22m[39m [33m[2m(client)[22m[39m [2m[console.warn] [22mGSAP target .timeline-item, .operation-row, .severity-card, .severity-legend-item not found. https://gsap.com
[2m15:14:35[22m [33m[1m[vite][22m[39m [33m[2m(client)[22m[39m [2m[console.warn] [22mGSAP target  not found. https://gsap.com
[2m15:14:35[22m [33m[1m[vite][22m[39m [33m[2m(client)[22m[39m [2m[console.warn] [22mGSAP target .severity-meter-fill not found. https://gsap.com
[2m15:14:35[22m [33m[1m[vite][22m[39m [33m[2m(client)[22m[39m [2m[console.warn] [22mGSAP target  not found. https://gsap.com
[2m15:14:35[22m [33m[1m[vite][22m[39m [33m[2m(client)[22m[39m [2m[console.warn] [22mGSAP target  not found. https://gsap.com
[2m15:14:35[22m [33m[1m[vite][22m[39m [33m[2m(client)[22m[39m [2m[console.warn] [22mGSAP target  not found. https://gsap.com
[2m15:14:35[22m [33m[1m[vite][22m[39m [33m[2m(client)[22m[39m [2m[console.warn] [22mGSAP target .timeline-item, .operation-row, .severity-card, .severity-legend-item not found. https://gsap.com
[2m15:14:35[22m [33m[1m[vite][22m[39m [33m[2m(client)[22m[39m [2m[console.warn] [22mGSAP target  not found. https://gsap.com
[2m15:14:35[22m [33m[1m[vite][22m[39m [33m[2m(client)[22m[39m [2m[console.warn] [22mGSAP target .severity-meter-fill not found. https://gsap.com
[2m15:14:35[22m [33m[1m[vite][22m[39m [33m[2m(client)[22m[39m [2m[console.warn] [22mGSAP target  not found. https://gsap.com
[2m15:14:35[22m [33m[1m[vite][22m[39m [33m[2m(client)[22m[39m [2m[console.warn] [22mGSAP target  not found. https://gsap.com
[2m15:14:35[22m [33m[1m[vite][22m[39m [33m[2m(client)[22m[39m [2m[console.warn] [22mGSAP target  not found. https://gsap.com
[2m15:14:36[22m [33m[1m[vite][22m[39m [33m[2m(client)[22m[39m [2m[console.warn] [22mThe width(-1) and height(-1) of chart should be greater than 0,
       please check the style of container, or the props width(100%) and height(100%),
       or add a minWidth(0) or minHeight(undefined) or use aspect(undefined) to control the
       height and width.
[2m15:14:36[22m [33m[1m[vite][22m[39m [33m[2m(client)[22m[39m [2m[console.warn] [22mThe width(-1) and height(-1) of chart should be greater than 0,
       please check the style of container, or the props width(100%) and height(100%),
       or add a minWidth(0) or minHeight(undefined) or use aspect(undefined) to control the
       height and width.
[2m15:14:36[22m [33m[1m[vite][22m[39m [33m[2m(client)[22m[39m [2m[console.warn] [22mThe width(-1) and height(-1) of chart should be greater than 0,
       please check the style of container, or the props width(100%) and height(100%),
       or add a minWidth(0) or minHeight(undefined) or use aspect(undefined) to control the
       height and width.
[2m15:14:36[22m [33m[1m[vite][22m[39m [33m[2m(client)[22m[39m [2m[console.warn] [22mThe width(-1) and height(-1) of chart should be greater than 0,
       please check the style of container, or the props width(100%) and height(100%),
       or add a minWidth(0) or minHeight(undefined) or use aspect(undefined) to control the
       height and width.
[2m15:14:37[22m [33m[1m[vite][22m[39m [33m[2m(client)[22m[39m [2m[console.warn] [22mGSAP target .timeline-item, .operation-row, .severity-card, .severity-legend-item not found. https://gsap.com
[2m15:14:37[22m [33m[1m[vite][22m[39m [33m[2m(client)[22m[39m [2m[console.warn] [22mGSAP target  not found. https://gsap.com
[2m15:14:37[22m [33m[1m[vite][22m[39m [33m[2m(client)[22m[39m [2m[console.warn] [22mGSAP target .severity-meter-fill not found. https://gsap.com
[2m15:14:37[22m [33m[1m[vite][22m[39m [33m[2m(client)[22m[39m [2m[console.warn] [22mGSAP target  not found. https://gsap.com
[2m15:14:37[22m [33m[1m[vite][22m[39m [33m[2m(client)[22m[39m [2m[console.warn] [22mGSAP target  not found. https://gsap.com
[2m15:14:37[22m [33m[1m[vite][22m[39m [33m[2m(client)[22m[39m [2m[console.warn] [22mGSAP target  not found. https://gsap.com
[2m15:14:37[22m [33m[1m[vite][22m[39m [33m[2m(client)[22m[39m [2m[console.warn] [22mGSAP target .timeline-item, .operation-row, .severity-card, .severity-legend-item not found. https://gsap.com
[2m15:14:37[22m [33m[1m[vite][22m[39m [33m[2m(client)[22m[39m [2m[console.warn] [22mGSAP target  not found. https://gsap.com
[2m15:14:37[22m [33m[1m[vite][22m[39m [33m[2m(client)[22m[39m [2m[console.warn] [22mGSAP target .severity-meter-fill not found. https://gsap.com
[2m15:14:37[22m [33m[1m[vite][22m[39m [33m[2m(client)[22m[39m [2m[console.warn] [22mGSAP target  not found. https://gsap.com
[2m15:14:37[22m [33m[1m[vite][22m[39m [33m[2m(client)[22m[39m [2m[console.warn] [22mGSAP target  not found. https://gsap.com
[2m15:14:37[22m [33m[1m[vite][22m[39m [33m[2m(client)[22m[39m [2m[console.warn] [22mGSAP target  not found. https://gsap.com
[2m15:14:39[22m [33m[1m[vite][22m[39m [33m[2m(client)[22m[39m [2m[console.warn] [22mGSAP target .timeline-item, .operation-row, .severity-card, .severity-legend-item not found. https://gsap.com
[2m15:14:39[22m [33m[1m[vite][22m[39m [33m[2m(client)[22m[39m [2m[console.warn] [22mGSAP target  not found. https://gsap.com
[2m15:14:39[22m [33m[1m[vite][22m[39m [33m[2m(client)[22m[39m [2m[console.warn] [22mGSAP target .severity-meter-fill not found. https://gsap.com
[2m15:14:39[22m [33m[1m[vite][22m[39m [33m[2m(client)[22m[39m [2m[console.warn] [22mGSAP target  not found. https://gsap.com
[2m15:14:39[22m [33m[1m[vite][22m[39m [33m[2m(client)[22m[39m [2m[console.warn] [22mGSAP target  not found. https://gsap.com
[2m15:14:39[22m [33m[1m[vite][22m[39m [33m[2m(client)[22m[39m [2m[console.warn] [22mGSAP target  not found. https://gsap.com
[2m15:14:39[22m [33m[1m[vite][22m[39m [33m[2m(client)[22m[39m [2m[console.warn] [22mGSAP target .timeline-item, .operation-row, .severity-card, .severity-legend-item not found. https://gsap.com
[2m15:14:39[22m [33m[1m[vite][22m[39m [33m[2m(client)[22m[39m [2m[console.warn] [22mGSAP target  not found. https://gsap.com
[2m15:14:39[22m [33m[1m[vite][22m[39m [33m[2m(client)[22m[39m [2m[console.warn] [22mGSAP target .severity-meter-fill not found. https://gsap.com
[2m15:14:39[22m [33m[1m[vite][22m[39m [33m[2m(client)[22m[39m [2m[console.warn] [22mGSAP target  not found. https://gsap.com
[2m15:14:39[22m [33m[1m[vite][22m[39m [33m[2m(client)[22m[39m [2m[console.warn] [22mGSAP target  not found. https://gsap.com
[2m15:14:39[22m [33m[1m[vite][22m[39m [33m[2m(client)[22m[39m [2m[console.warn] [22mGSAP target  not found. https://gsap.com
[2m15:14:43[22m [33m[1m[vite][22m[39m [33m[2m(client)[22m[39m [2m[console.warn] [22mGSAP target .timeline-item, .operation-row, .severity-card, .severity-legend-item not found. https://gsap.com
[2m15:14:43[22m [33m[1m[vite][22m[39m [33m[2m(client)[22m[39m [2m[console.warn] [22mGSAP target  not found. https://gsap.com
[2m15:14:43[22m [33m[1m[vite][22m[39m [33m[2m(client)[22m[39m [2m[console.warn] [22mGSAP target .severity-meter-fill not found. https://gsap.com
[2m15:14:43[22m [33m[1m[vite][22m[39m [33m[2m(client)[22m[39m [2m[console.warn] [22mGSAP target  not found. https://gsap.com
[2m15:14:43[22m [33m[1m[vite][22m[39m [33m[2m(client)[22m[39m [2m[console.warn] [22mGSAP target  not found. https://gsap.com
[2m15:14:43[22m [33m[1m[vite][22m[39m [33m[2m(client)[22m[39m [2m[console.warn] [22mGSAP target  not found. https://gsap.com
[2m15:14:43[22m [33m[1m[vite][22m[39m [33m[2m(client)[22m[39m [2m[console.warn] [22mGSAP target .timeline-item, .operation-row, .severity-card, .severity-legend-item not found. https://gsap.com
[2m15:14:43[22m [33m[1m[vite][22m[39m [33m[2m(client)[22m[39m [2m[console.warn] [22mGSAP target  not found. https://gsap.com
[2m15:14:43[22m [33m[1m[vite][22m[39m [33m[2m(client)[22m[39m [2m[console.warn] [22mGSAP target .severity-meter-fill not found. https://gsap.com
[2m15:14:43[22m [33m[1m[vite][22m[39m [33m[2m(client)[22m[39m [2m[console.warn] [22mGSAP target  not found. https://gsap.com
[2m15:14:43[22m [33m[1m[vite][22m[39m [33m[2m(client)[22m[39m [2m[console.warn] [22mGSAP target  not found. https://gsap.com
[2m15:14:43[22m [33m[1m[vite][22m[39m [33m[2m(client)[22m[39m [2m[console.warn] [22mGSAP target  not found. https://gsap.com
[2m15:15:40[22m [33m[1m[vite][22m[39m [33m[2m(client)[22m[39m [2m[console.warn] [22mGSAP target .timeline-item, .operation-row, .severity-card, .severity-legend-item not found. https://gsap.com
[2m15:15:40[22m [33m[1m[vite][22m[39m [33m[2m(client)[22m[39m [2m[console.warn] [22mGSAP target  not found. https://gsap.com
[2m15:15:40[22m [33m[1m[vite][22m[39m [33m[2m(client)[22m[39m [2m[console.warn] [22mGSAP target .severity-meter-fill not found. https://gsap.com
[2m15:15:40[22m [33m[1m[vite][22m[39m [33m[2m(client)[22m[39m [2m[console.warn] [22mGSAP target  not found. https://gsap.com
[2m15:15:40[22m [33m[1m[vite][22m[39m [33m[2m(client)[22m[39m [2m[console.warn] [22mGSAP target  not found. https://gsap.com
[2m15:15:40[22m [33m[1m[vite][22m[39m [33m[2m(client)[22m[39m [2m[console.warn] [22mGSAP target  not found. https://gsap.com
[2m15:15:40[22m [33m[1m[vite][22m[39m [33m[2m(client)[22m[39m [2m[console.warn] [22mGSAP target .timeline-item, .operation-row, .severity-card, .severity-legend-item not found. https://gsap.com
[2m15:15:40[22m [33m[1m[vite][22m[39m [33m[2m(client)[22m[39m [2m[console.warn] [22mGSAP target  not found. https://gsap.com
[2m15:15:40[22m [33m[1m[vite][22m[39m [33m[2m(client)[22m[39m [2m[console.warn] [22mGSAP target .severity-meter-fill not found. https://gsap.com
[2m15:15:40[22m [33m[1m[vite][22m[39m [33m[2m(client)[22m[39m [2m[console.warn] [22mGSAP target  not found. https://gsap.com
[2m15:15:40[22m [33m[1m[vite][22m[39m [33m[2m(client)[22m[39m [2m[console.warn] [22mGSAP target  not found. https://gsap.com
[2m15:15:40[22m [33m[1m[vite][22m[39m [33m[2m(client)[22m[39m [2m[console.warn] [22mGSAP target  not found. https://gsap.com
[2m15:15:57[22m [33m[1m[vite][22m[39m [33m[2m(client)[22m[39m [2m[console.warn] [22mGSAP target .timeline-item, .operation-row, .severity-card, .severity-legend-item not found. https://gsap.com
[2m15:15:57[22m [33m[1m[vite][22m[39m [33m[2m(client)[22m[39m [2m[console.warn] [22mGSAP target  not found. https://gsap.com
[2m15:15:57[22m [33m[1m[vite][22m[39m [33m[2m(client)[22m[39m [2m[console.warn] [22mGSAP target .severity-meter-fill not found. https://gsap.com
[2m15:15:57[22m [33m[1m[vite][22m[39m [33m[2m(client)[22m[39m [2m[console.warn] [22mGSAP target  not found. https://gsap.com
[2m15:15:57[22m [33m[1m[vite][22m[39m [33m[2m(client)[22m[39m [2m[console.warn] [22mGSAP target  not found. https://gsap.com
[2m15:15:57[22m [33m[1m[vite][22m[39m [33m[2m(client)[22m[39m [2m[console.warn] [22mGSAP target  not found. https://gsap.com
[2m15:15:57[22m [33m[1m[vite][22m[39m [33m[2m(client)[22m[39m [2m[console.warn] [22mGSAP target .timeline-item, .operation-row, .severity-card, .severity-legend-item not found. https://gsap.com
[2m15:15:57[22m [33m[1m[vite][22m[39m [33m[2m(client)[22m[39m [2m[console.warn] [22mGSAP target  not found. https://gsap.com
[2m15:15:57[22m [33m[1m[vite][22m[39m [33m[2m(client)[22m[39m [2m[console.warn] [22mGSAP target .severity-meter-fill not found. https://gsap.com
[2m15:15:57[22m [33m[1m[vite][22m[39m [33m[2m(client)[22m[39m [2m[console.warn] [22mGSAP target  not found. https://gsap.com
[2m15:15:57[22m [33m[1m[vite][22m[39m [33m[2m(client)[22m[39m [2m[console.warn] [22mGSAP target  not found. https://gsap.com
[2m15:15:57[22m [33m[1m[vite][22m[39m [33m[2m(client)[22m[39m [2m[console.warn] [22mGSAP target  not found. https://gsap.com
[2m15:15:58[22m [33m[1m[vite][22m[39m [33m[2m(client)[22m[39m [2m[console.warn] [22mGSAP target .timeline-item, .operation-row, .severity-card, .severity-legend-item not found. https://gsap.com
[2m15:15:58[22m [33m[1m[vite][22m[39m [33m[2m(client)[22m[39m [2m[console.warn] [22mGSAP target  not found. https://gsap.com
[2m15:15:58[22m [33m[1m[vite][22m[39m [33m[2m(client)[22m[39m [2m[console.warn] [22mGSAP target .severity-meter-fill not found. https://gsap.com
[2m15:15:58[22m [33m[1m[vite][22m[39m [33m[2m(client)[22m[39m [2m[console.warn] [22mGSAP target  not found. https://gsap.com
[2m15:15:58[22m [33m[1m[vite][22m[39m [33m[2m(client)[22m[39m [2m[console.warn] [22mGSAP target  not found. https://gsap.com
[2m15:15:58[22m [33m[1m[vite][22m[39m [33m[2m(client)[22m[39m [2m[console.warn] [22mGSAP target  not found. https://gsap.com
[2m15:15:58[22m [33m[1m[vite][22m[39m [33m[2m(client)[22m[39m [2m[console.warn] [22mGSAP target .timeline-item, .operation-row, .severity-card, .severity-legend-item not found. https://gsap.com
[2m15:15:58[22m [33m[1m[vite][22m[39m [33m[2m(client)[22m[39m [2m[console.warn] [22mGSAP target  not found. https://gsap.com
[2m15:15:58[22m [33m[1m[vite][22m[39m [33m[2m(client)[22m[39m [2m[console.warn] [22mGSAP target .severity-meter-fill not found. https://gsap.com
[2m15:15:58[22m [33m[1m[vite][22m[39m [33m[2m(client)[22m[39m [2m[console.warn] [22mGSAP target  not found. https://gsap.com
[2m15:15:58[22m [33m[1m[vite][22m[39m [33m[2m(client)[22m[39m [2m[console.warn] [22mGSAP target  not found. https://gsap.com
[2m15:15:59[22m [33m[1m[vite][22m[39m [33m[2m(client)[22m[39m [2m[console.warn] [22mGSAP target  not found. https://gsap.com
[2m15:16:00[22m [33m[1m[vite][22m[39m [33m[2m(client)[22m[39m [2m[console.warn] [22mGSAP target .timeline-item, .operation-row, .severity-card, .severity-legend-item not found. https://gsap.com
[2m15:16:00[22m [33m[1m[vite][22m[39m [33m[2m(client)[22m[39m [2m[console.warn] [22mGSAP target  not found. https://gsap.com
[2m15:16:00[22m [33m[1m[vite][22m[39m [33m[2m(client)[22m[39m [2m[console.warn] [22mGSAP target .severity-meter-fill not found. https://gsap.com
[2m15:16:00[22m [33m[1m[vite][22m[39m [33m[2m(client)[22m[39m [2m[console.warn] [22mGSAP target  not found. https://gsap.com
[2m15:16:00[22m [33m[1m[vite][22m[39m [33m[2m(client)[22m[39m [2m[console.warn] [22mGSAP target  not found. https://gsap.com
[2m15:16:00[22m [33m[1m[vite][22m[39m [33m[2m(client)[22m[39m [2m[console.warn] [22mGSAP target  not found. https://gsap.com
[2m15:16:00[22m [33m[1m[vite][22m[39m [33m[2m(client)[22m[39m [2m[console.warn] [22mGSAP target .timeline-item, .operation-row, .severity-card, .severity-legend-item not found. https://gsap.com
[2m15:16:00[22m [33m[1m[vite][22m[39m [33m[2m(client)[22m[39m [2m[console.warn] [22mGSAP target  not found. https://gsap.com
[2m15:16:00[22m [33m[1m[vite][22m[39m [33m[2m(client)[22m[39m [2m[console.warn] [22mGSAP target .severity-meter-fill not found. https://gsap.com
[2m15:16:00[22m [33m[1m[vite][22m[39m [33m[2m(client)[22m[39m [2m[console.warn] [22mGSAP target  not found. https://gsap.com
[2m15:16:00[22m [33m[1m[vite][22m[39m [33m[2m(client)[22m[39m [2m[console.warn] [22mGSAP target  not found. https://gsap.com
[2m15:16:00[22m [33m[1m[vite][22m[39m [33m[2m(client)[22m[39m [2m[console.warn] [22mGSAP target  not found. https://gsap.com
[2m15:16:00[22m [33m[1m[vite][22m[39m [33m[2m(client)[22m[39m [2m[console.warn] [22mGSAP target [data-gsap="reveal"] not found. https://gsap.com
[2m15:16:00[22m [33m[1m[vite][22m[39m [33m[2m(client)[22m[39m [2m[console.warn] [22mGSAP target  not found. https://gsap.com
[2m15:16:00[22m [33m[1m[vite][22m[39m [33m[2m(client)[22m[39m [2m[console.warn] [22mGSAP target .timeline-item, .operation-row, .severity-card, .severity-legend-item not found. https://gsap.com
[2m15:16:00[22m [33m[1m[vite][22m[39m [33m[2m(client)[22m[39m [2m[console.warn] [22mGSAP target  not found. https://gsap.com
[2m15:16:00[22m [33m[1m[vite][22m[39m [33m[2m(client)[22m[39m [2m[console.warn] [22mGSAP target .severity-meter-fill not found. https://gsap.com
[2m15:16:00[22m [33m[1m[vite][22m[39m [33m[2m(client)[22m[39m [2m[console.warn] [22mGSAP target  not found. https://gsap.com
[2m15:16:00[22m [33m[1m[vite][22m[39m [33m[2m(client)[22m[39m [2m[console.warn] [22mGSAP target  not found. https://gsap.com
[2m15:16:00[22m [33m[1m[vite][22m[39m [33m[2m(client)[22m[39m [2m[console.warn] [22mGSAP target  not found. https://gsap.com
[2m15:16:00[22m [33m[1m[vite][22m[39m [33m[2m(client)[22m[39m [2m[console.warn] [22mGSAP target  not found. https://gsap.com
[2m15:16:00[22m [33m[1m[vite][22m[39m [33m[2m(client)[22m[39m [2m[console.warn] [22mGSAP target [data-gsap="reveal"] not found. https://gsap.com
[2m15:16:00[22m [33m[1m[vite][22m[39m [33m[2m(client)[22m[39m [2m[console.warn] [22mGSAP target  not found. https://gsap.com
[2m15:16:00[22m [33m[1m[vite][22m[39m [33m[2m(client)[22m[39m [2m[console.warn] [22mGSAP target .timeline-item, .operation-row, .severity-card, .severity-legend-item not found. https://gsap.com
[2m15:16:00[22m [33m[1m[vite][22m[39m [33m[2m(client)[22m[39m [2m[console.warn] [22mGSAP target  not found. https://gsap.com
[2m15:16:00[22m [33m[1m[vite][22m[39m [33m[2m(client)[22m[39m [2m[console.warn] [22mGSAP target .severity-meter-fill not found. https://gsap.com
[2m15:16:00[22m [33m[1m[vite][22m[39m [33m[2m(client)[22m[39m [2m[console.warn] [22mGSAP target  not found. https://gsap.com
[2m15:16:00[22m [33m[1m[vite][22m[39m [33m[2m(client)[22m[39m [2m[console.warn] [22mGSAP target  not found. https://gsap.com
[2m15:16:01[22m [33m[1m[vite][22m[39m [33m[2m(client)[22m[39m [2m[console.warn] [22mGSAP target  not found. https://gsap.com
[2m15:16:01[22m [33m[1m[vite][22m[39m [33m[2m(client)[22m[39m [2m[console.warn] [22mGSAP target  not found. https://gsap.com
[2m15:16:02[22m [33m[1m[vite][22m[39m [33m[2m(client)[22m[39m [2m[console.warn] [22mGSAP target .timeline-item, .operation-row, .severity-card, .severity-legend-item not found. https://gsap.com
[2m15:16:02[22m [33m[1m[vite][22m[39m [33m[2m(client)[22m[39m [2m[console.warn] [22mGSAP target  not found. https://gsap.com
[2m15:16:02[22m [33m[1m[vite][22m[39m [33m[2m(client)[22m[39m [2m[console.warn] [22mGSAP target .severity-meter-fill not found. https://gsap.com
[2m15:16:02[22m [33m[1m[vite][22m[39m [33m[2m(client)[22m[39m [2m[console.warn] [22mGSAP target  not found. https://gsap.com
[2m15:16:02[22m [33m[1m[vite][22m[39m [33m[2m(client)[22m[39m [2m[console.warn] [22mGSAP target  not found. https://gsap.com
[2m15:16:02[22m [33m[1m[vite][22m[39m [33m[2m(client)[22m[39m [2m[console.warn] [22mGSAP target  not found. https://gsap.com
[2m15:16:02[22m [33m[1m[vite][22m[39m [33m[2m(client)[22m[39m [2m[console.warn] [22mGSAP target .timeline-item, .operation-row, .severity-card, .severity-legend-item not found. https://gsap.com
[2m15:16:02[22m [33m[1m[vite][22m[39m [33m[2m(client)[22m[39m [2m[console.warn] [22mGSAP target  not found. https://gsap.com
[2m15:16:02[22m [33m[1m[vite][22m[39m [33m[2m(client)[22m[39m [2m[console.warn] [22mGSAP target .severity-meter-fill not found. https://gsap.com
[2m15:16:02[22m [33m[1m[vite][22m[39m [33m[2m(client)[22m[39m [2m[console.warn] [22mGSAP target  not found. https://gsap.com
[2m15:16:02[22m [33m[1m[vite][22m[39m [33m[2m(client)[22m[39m [2m[console.warn] [22mGSAP target  not found. https://gsap.com
[2m15:16:02[22m [33m[1m[vite][22m[39m [33m[2m(client)[22m[39m [2m[console.warn] [22mGSAP target  not found. https://gsap.com
[2m15:16:02[22m [33m[1m[vite][22m[39m [33m[2m(client)[22m[39m [2m[console.warn] [22mGSAP target .timeline-item, .operation-row, .severity-card, .severity-legend-item not found. https://gsap.com
[2m15:16:02[22m [33m[1m[vite][22m[39m [33m[2m(client)[22m[39m [2m[console.warn] [22mGSAP target  not found. https://gsap.com
[2m15:16:02[22m [33m[1m[vite][22m[39m [33m[2m(client)[22m[39m [2m[console.warn] [22mGSAP target .severity-meter-fill not found. https://gsap.com
[2m15:16:02[22m [33m[1m[vite][22m[39m [33m[2m(client)[22m[39m [2m[console.warn] [22mGSAP target  not found. https://gsap.com
[2m15:16:02[22m [33m[1m[vite][22m[39m [33m[2m(client)[22m[39m [2m[console.warn] [22mGSAP target  not found. https://gsap.com
[2m15:16:02[22m [33m[1m[vite][22m[39m [33m[2m(client)[22m[39m [2m[console.warn] [22mGSAP target  not found. https://gsap.com
[2m15:16:02[22m [33m[1m[vite][22m[39m [33m[2m(client)[22m[39m [2m[console.warn] [22mGSAP target .timeline-item, .operation-row, .severity-card, .severity-legend-item not found. https://gsap.com
[2m15:16:02[22m [33m[1m[vite][22m[39m [33m[2m(client)[22m[39m [2m[console.warn] [22mGSAP target  not found. https://gsap.com
[2m15:16:02[22m [33m[1m[vite][22m[39m [33m[2m(client)[22m[39m [2m[console.warn] [22mGSAP target .severity-meter-fill not found. https://gsap.com
[2m15:16:02[22m [33m[1m[vite][22m[39m [33m[2m(client)[22m[39m [2m[console.warn] [22mGSAP target  not found. https://gsap.com
[2m15:16:02[22m [33m[1m[vite][22m[39m [33m[2m(client)[22m[39m [2m[console.warn] [22mGSAP target  not found. https://gsap.com
[2m15:16:02[22m [33m[1m[vite][22m[39m [33m[2m(client)[22m[39m [2m[console.warn] [22mGSAP target  not found. https://gsap.com
[2m15:16:03[22m [33m[1m[vite][22m[39m [33m[2m(client)[22m[39m [2m[console.warn] [22mGSAP target .timeline-item, .operation-row, .severity-card, .severity-legend-item not found. https://gsap.com
[2m15:16:03[22m [33m[1m[vite][22m[39m [33m[2m(client)[22m[39m [2m[console.warn] [22mGSAP target  not found. https://gsap.com
[2m15:16:03[22m [33m[1m[vite][22m[39m [33m[2m(client)[22m[39m [2m[console.warn] [22mGSAP target .severity-meter-fill not found. https://gsap.com
[2m15:16:03[22m [33m[1m[vite][22m[39m [33m[2m(client)[22m[39m [2m[console.warn] [22mGSAP target  not found. https://gsap.com
[2m15:16:03[22m [33m[1m[vite][22m[39m [33m[2m(client)[22m[39m [2m[console.warn] [22mGSAP target  not found. https://gsap.com
[2m15:16:03[22m [33m[1m[vite][22m[39m [33m[2m(client)[22m[39m [2m[console.warn] [22mGSAP target  not found. https://gsap.com
[2m15:16:03[22m [33m[1m[vite][22m[39m [33m[2m(client)[22m[39m [2m[console.warn] [22mGSAP target .timeline-item, .operation-row, .severity-card, .severity-legend-item not found. https://gsap.com
[2m15:16:03[22m [33m[1m[vite][22m[39m [33m[2m(client)[22m[39m [2m[console.warn] [22mGSAP target  not found. https://gsap.com
[2m15:16:03[22m [33m[1m[vite][22m[39m [33m[2m(client)[22m[39m [2m[console.warn] [22mGSAP target .severity-meter-fill not found. https://gsap.com
[2m15:16:03[22m [33m[1m[vite][22m[39m [33m[2m(client)[22m[39m [2m[console.warn] [22mGSAP target  not found. https://gsap.com
[2m15:16:03[22m [33m[1m[vite][22m[39m [33m[2m(client)[22m[39m [2m[console.warn] [22mGSAP target  not found. https://gsap.com
[2m15:16:03[22m [33m[1m[vite][22m[39m [33m[2m(client)[22m[39m [2m[console.warn] [22mGSAP target  not found. https://gsap.com
[2m15:16:06[22m [33m[1m[vite][22m[39m [33m[2m(client)[22m[39m [2m[console.warn] [22mThe width(-1) and height(-1) of chart should be greater than 0,
       please check the style of container, or the props width(100%) and height(100%),
       or add a minWidth(0) or minHeight(undefined) or use aspect(undefined) to control the
       height and width.
[2m15:16:06[22m [33m[1m[vite][22m[39m [33m[2m(client)[22m[39m [2m[console.warn] [22mThe width(-1) and height(-1) of chart should be greater than 0,
       please check the style of container, or the props width(100%) and height(100%),
       or add a minWidth(0) or minHeight(undefined) or use aspect(undefined) to control the
       height and width.
[2m15:16:06[22m [33m[1m[vite][22m[39m [33m[2m(client)[22m[39m [2m[console.warn] [22mThe width(-1) and height(-1) of chart should be greater than 0,
       please check the style of container, or the props width(100%) and height(100%),
       or add a minWidth(0) or minHeight(undefined) or use aspect(undefined) to control the
       height and width.
[2m15:16:06[22m [33m[1m[vite][22m[39m [33m[2m(client)[22m[39m [2m[console.warn] [22mThe width(-1) and height(-1) of chart should be greater than 0,
       please check the style of container, or the props width(100%) and height(100%),
       or add a minWidth(0) or minHeight(undefined) or use aspect(undefined) to control the
       height and width.
[2m15:17:13[22m [33m[1m[vite][22m[39m [33m[2m(client)[22m[39m [2m[console.warn] [22mThe width(-1) and height(-1) of chart should be greater than 0,
       please check the style of container, or the props width(100%) and height(100%),
       or add a minWidth(0) or minHeight(undefined) or use aspect(undefined) to control the
       height and width.
[2m15:17:13[22m [33m[1m[vite][22m[39m [33m[2m(client)[22m[39m [2m[console.warn] [22mThe width(-1) and height(-1) of chart should be greater than 0,
       please check the style of container, or the props width(100%) and height(100%),
       or add a minWidth(0) or minHeight(undefined) or use aspect(undefined) to control the
       height and width.
[2m15:17:13[22m [33m[1m[vite][22m[39m [33m[2m(client)[22m[39m [2m[console.warn] [22mThe width(-1) and height(-1) of chart should be greater than 0,
       please check the style of container, or the props width(100%) and height(100%),
       or add a minWidth(0) or minHeight(undefined) or use aspect(undefined) to control the
       height and width.
[2m15:17:13[22m [33m[1m[vite][22m[39m [33m[2m(client)[22m[39m [2m[console.warn] [22mThe width(-1) and height(-1) of chart should be greater than 0,
       please check the style of container, or the props width(100%) and height(100%),
       or add a minWidth(0) or minHeight(undefined) or use aspect(undefined) to control the
       height and width.
[2m15:17:13[22m [33m[1m[vite][22m[39m [33m[2m(client)[22m[39m [2m[console.warn] [22mGSAP target .severity-meter-fill not found. https://gsap.com
[2m15:17:13[22m [33m[1m[vite][22m[39m [33m[2m(client)[22m[39m [2m[console.warn] [22mGSAP target  not found. https://gsap.com
[2m15:17:13[22m [33m[1m[vite][22m[39m [33m[2m(client)[22m[39m [2m[console.warn] [22mGSAP target  not found. https://gsap.com
[2m15:17:13[22m [33m[1m[vite][22m[39m [33m[2m(client)[22m[39m [2m[console.warn] [22mGSAP target .severity-meter-fill not found. https://gsap.com
[2m15:17:13[22m [33m[1m[vite][22m[39m [33m[2m(client)[22m[39m [2m[console.warn] [22mGSAP target  not found. https://gsap.com
[2m15:17:14[22m [33m[1m[vite][22m[39m [33m[2m(client)[22m[39m [2m[console.warn] [22mGSAP target  not found. https://gsap.com
[2m15:17:14[22m [33m[1m[vite][22m[39m [33m[2m(client)[22m[39m [2m[console.warn] [22mGSAP target .timeline-item, .operation-row, .severity-card, .severity-legend-item not found. https://gsap.com
[2m15:17:14[22m [33m[1m[vite][22m[39m [33m[2m(client)[22m[39m [2m[console.warn] [22mGSAP target  not found. https://gsap.com
[2m15:17:14[22m [33m[1m[vite][22m[39m [33m[2m(client)[22m[39m [2m[console.warn] [22mGSAP target .severity-meter-fill not found. https://gsap.com
[2m15:17:14[22m [33m[1m[vite][22m[39m [33m[2m(client)[22m[39m [2m[console.warn] [22mGSAP target  not found. https://gsap.com
[2m15:17:14[22m [33m[1m[vite][22m[39m [33m[2m(client)[22m[39m [2m[console.warn] [22mGSAP target  not found. https://gsap.com
[2m15:17:14[22m [33m[1m[vite][22m[39m [33m[2m(client)[22m[39m [2m[console.warn] [22mGSAP target  not found. https://gsap.com
[2m15:17:14[22m [33m[1m[vite][22m[39m [33m[2m(client)[22m[39m [2m[console.warn] [22mGSAP target .timeline-item, .operation-row, .severity-card, .severity-legend-item not found. https://gsap.com
[2m15:17:14[22m [33m[1m[vite][22m[39m [33m[2m(client)[22m[39m [2m[console.warn] [22mGSAP target  not found. https://gsap.com
[2m15:17:14[22m [33m[1m[vite][22m[39m [33m[2m(client)[22m[39m [2m[console.warn] [22mGSAP target .severity-meter-fill not found. https://gsap.com
[2m15:17:14[22m [33m[1m[vite][22m[39m [33m[2m(client)[22m[39m [2m[console.warn] [22mGSAP target  not found. https://gsap.com
[2m15:17:15[22m [33m[1m[vite][22m[39m [33m[2m(client)[22m[39m [2m[console.warn] [22mGSAP target  not found. https://gsap.com
[2m15:17:15[22m [33m[1m[vite][22m[39m [33m[2m(client)[22m[39m [2m[console.warn] [22mGSAP target  not found. https://gsap.com
[2m15:17:17[22m [33m[1m[vite][22m[39m [33m[2m(client)[22m[39m [2m[console.warn] [22mGSAP target .timeline-item, .operation-row, .severity-card, .severity-legend-item not found. https://gsap.com
[2m15:17:17[22m [33m[1m[vite][22m[39m [33m[2m(client)[22m[39m [2m[console.warn] [22mGSAP target  not found. https://gsap.com
[2m15:17:17[22m [33m[1m[vite][22m[39m [33m[2m(client)[22m[39m [2m[console.warn] [22mGSAP target .severity-meter-fill not found. https://gsap.com
[2m15:17:17[22m [33m[1m[vite][22m[39m [33m[2m(client)[22m[39m [2m[console.warn] [22mGSAP target  not found. https://gsap.com
[2m15:17:17[22m [33m[1m[vite][22m[39m [33m[2m(client)[22m[39m [2m[console.warn] [22mGSAP target  not found. https://gsap.com
[2m15:17:17[22m [33m[1m[vite][22m[39m [33m[2m(client)[22m[39m [2m[console.warn] [22mGSAP target  not found. https://gsap.com
[2m15:17:17[22m [33m[1m[vite][22m[39m [33m[2m(client)[22m[39m [2m[console.warn] [22mGSAP target .timeline-item, .operation-row, .severity-card, .severity-legend-item not found. https://gsap.com
[2m15:17:17[22m [33m[1m[vite][22m[39m [33m[2m(client)[22m[39m [2m[console.warn] [22mGSAP target  not found. https://gsap.com
[2m15:17:17[22m [33m[1m[vite][22m[39m [33m[2m(client)[22m[39m [2m[console.warn] [22mGSAP target .severity-meter-fill not found. https://gsap.com
[2m15:17:17[22m [33m[1m[vite][22m[39m [33m[2m(client)[22m[39m [2m[console.warn] [22mGSAP target  not found. https://gsap.com
[2m15:17:17[22m [33m[1m[vite][22m[39m [33m[2m(client)[22m[39m [2m[console.warn] [22mGSAP target  not found. https://gsap.com
[2m15:17:17[22m [33m[1m[vite][22m[39m [33m[2m(client)[22m[39m [2m[console.warn] [22mGSAP target  not found. https://gsap.com
[2m15:17:17[22m [31m[1m[vite][22m[39m [31m[2m(client)[22m[39m [2m[console.error] [22mIn HTML, <button> cannot be a descendant of <button>.
This will cause a hydration error.

  ...
    <div className="flex min-h..." style={{opacity:0, ...}} ref={function}>
      <ApprovalsPage>
        <PageFrame icon={{...}} title="Approval C...">
          <motion.main ref={{...}} className="min-w-0 fl..." initial={{opacity:0,y:10}} animate={{opacity:1,y:0}} ...>
            <main className="min-w-0 fl..." style={{opacity:0, ...}} ref={function}>
              <div className="mx-auto fl...">
                <section>
                <section className="grid gap-5...">
                  <div className="space-y-4">
                    <section>
                    <Panel>
                      <section data-gsap="reveal" className="glass-pane...">
                        <div>
                        <div className="space-y-3">
>                         <button className="approval-request-card active" onClick={function onClick} type="button">
                            <div className="flex flex-...">
                              <div>
                              <div className="flex gap-2">
                                <Button className="h-9" onClick={function onClick} variant="primary">
>                                 <button
>                                   className="inline-flex items-center justify-center gap-2 rounded-md px-3 text-sm f..."
>                                   onClick={function onClick}
>                                 >
                                ...
                  ...

[2m15:17:17[22m [31m[1m[vite][22m[39m [31m[2m(client)[22m[39m [2m[console.error] [22m<button> cannot contain a nested <button>.
See this log for the ancestor stack trace.
[2m15:17:19[22m [33m[1m[vite][22m[39m [33m[2m(client)[22m[39m [2m[console.warn] [22mGSAP target .timeline-item, .operation-row, .severity-card, .severity-legend-item not found. https://gsap.com
[2m15:17:19[22m [33m[1m[vite][22m[39m [33m[2m(client)[22m[39m [2m[console.warn] [22mGSAP target  not found. https://gsap.com
[2m15:17:19[22m [33m[1m[vite][22m[39m [33m[2m(client)[22m[39m [2m[console.warn] [22mGSAP target .severity-meter-fill not found. https://gsap.com
[2m15:17:19[22m [33m[1m[vite][22m[39m [33m[2m(client)[22m[39m [2m[console.warn] [22mGSAP target  not found. https://gsap.com
[2m15:17:19[22m [33m[1m[vite][22m[39m [33m[2m(client)[22m[39m [2m[console.warn] [22mGSAP target  not found. https://gsap.com
[2m15:17:19[22m [33m[1m[vite][22m[39m [33m[2m(client)[22m[39m [2m[console.warn] [22mGSAP target  not found. https://gsap.com
[2m15:17:19[22m [33m[1m[vite][22m[39m [33m[2m(client)[22m[39m [2m[console.warn] [22mGSAP target .timeline-item, .operation-row, .severity-card, .severity-legend-item not found. https://gsap.com
[2m15:17:19[22m [33m[1m[vite][22m[39m [33m[2m(client)[22m[39m [2m[console.warn] [22mGSAP target  not found. https://gsap.com
[2m15:17:19[22m [33m[1m[vite][22m[39m [33m[2m(client)[22m[39m [2m[console.warn] [22mGSAP target .severity-meter-fill not found. https://gsap.com
[2m15:17:19[22m [33m[1m[vite][22m[39m [33m[2m(client)[22m[39m [2m[console.warn] [22mGSAP target  not found. https://gsap.com
[2m15:17:19[22m [33m[1m[vite][22m[39m [33m[2m(client)[22m[39m [2m[console.warn] [22mGSAP target  not found. https://gsap.com
[2m15:17:19[22m [33m[1m[vite][22m[39m [33m[2m(client)[22m[39m [2m[console.warn] [22mGSAP target  not found. https://gsap.com
[2m15:17:26[22m [33m[1m[vite][22m[39m [33m[2m(client)[22m[39m [2m[console.warn] [22mGSAP target .timeline-item, .operation-row, .severity-card, .severity-legend-item not found. https://gsap.com
[2m15:17:26[22m [33m[1m[vite][22m[39m [33m[2m(client)[22m[39m [2m[console.warn] [22mGSAP target  not found. https://gsap.com
[2m15:17:26[22m [33m[1m[vite][22m[39m [33m[2m(client)[22m[39m [2m[console.warn] [22mGSAP target .severity-meter-fill not found. https://gsap.com
[2m15:17:26[22m [33m[1m[vite][22m[39m [33m[2m(client)[22m[39m [2m[console.warn] [22mGSAP target  not found. https://gsap.com
[2m15:17:26[22m [33m[1m[vite][22m[39m [33m[2m(client)[22m[39m [2m[console.warn] [22mGSAP target  not found. https://gsap.com
[2m15:17:26[22m [33m[1m[vite][22m[39m [33m[2m(client)[22m[39m [2m[console.warn] [22mGSAP target  not found. https://gsap.com
[2m15:17:26[22m [33m[1m[vite][22m[39m [33m[2m(client)[22m[39m [2m[console.warn] [22mGSAP target .timeline-item, .operation-row, .severity-card, .severity-legend-item not found. https://gsap.com
[2m15:17:26[22m [33m[1m[vite][22m[39m [33m[2m(client)[22m[39m [2m[console.warn] [22mGSAP target  not found. https://gsap.com
[2m15:17:26[22m [33m[1m[vite][22m[39m [33m[2m(client)[22m[39m [2m[console.warn] [22mGSAP target .severity-meter-fill not found. https://gsap.com
[2m15:17:26[22m [33m[1m[vite][22m[39m [33m[2m(client)[22m[39m [2m[console.warn] [22mGSAP target  not found. https://gsap.com
[2m15:17:26[22m [33m[1m[vite][22m[39m [33m[2m(client)[22m[39m [2m[console.warn] [22mGSAP target  not found. https://gsap.com
[2m15:17:26[22m [33m[1m[vite][22m[39m [33m[2m(client)[22m[39m [2m[console.warn] [22mGSAP target  not found. https://gsap.com
[2m15:17:32[22m [33m[1m[vite][22m[39m [33m[2m(client)[22m[39m [2m[console.warn] [22mGSAP target .timeline-item, .operation-row, .severity-card, .severity-legend-item not found. https://gsap.com
[2m15:17:32[22m [33m[1m[vite][22m[39m [33m[2m(client)[22m[39m [2m[console.warn] [22mGSAP target  not found. https://gsap.com
[2m15:17:32[22m [33m[1m[vite][22m[39m [33m[2m(client)[22m[39m [2m[console.warn] [22mGSAP target .severity-meter-fill not found. https://gsap.com
[2m15:17:32[22m [33m[1m[vite][22m[39m [33m[2m(client)[22m[39m [2m[console.warn] [22mGSAP target  not found. https://gsap.com
[2m15:17:32[22m [33m[1m[vite][22m[39m [33m[2m(client)[22m[39m [2m[console.warn] [22mGSAP target  not found. https://gsap.com
[2m15:17:32[22m [33m[1m[vite][22m[39m [33m[2m(client)[22m[39m [2m[console.warn] [22mGSAP target  not found. https://gsap.com
[2m15:17:32[22m [33m[1m[vite][22m[39m [33m[2m(client)[22m[39m [2m[console.warn] [22mGSAP target .timeline-item, .operation-row, .severity-card, .severity-legend-item not found. https://gsap.com
[2m15:17:32[22m [33m[1m[vite][22m[39m [33m[2m(client)[22m[39m [2m[console.warn] [22mGSAP target  not found. https://gsap.com
[2m15:17:32[22m [33m[1m[vite][22m[39m [33m[2m(client)[22m[39m [2m[console.warn] [22mGSAP target .severity-meter-fill not found. https://gsap.com
[2m15:17:32[22m [33m[1m[vite][22m[39m [33m[2m(client)[22m[39m [2m[console.warn] [22mGSAP target  not found. https://gsap.com
[2m15:17:32[22m [33m[1m[vite][22m[39m [33m[2m(client)[22m[39m [2m[console.warn] [22mGSAP target  not found. https://gsap.com
[2m15:17:32[22m [33m[1m[vite][22m[39m [33m[2m(client)[22m[39m [2m[console.warn] [22mGSAP target  not found. https://gsap.com
[2m15:17:35[22m [33m[1m[vite][22m[39m [33m[2m(client)[22m[39m [2m[console.warn] [22mGSAP target .timeline-item, .operation-row, .severity-card, .severity-legend-item not found. https://gsap.com
[2m15:17:35[22m [33m[1m[vite][22m[39m [33m[2m(client)[22m[39m [2m[console.warn] [22mGSAP target  not found. https://gsap.com
[2m15:17:35[22m [33m[1m[vite][22m[39m [33m[2m(client)[22m[39m [2m[console.warn] [22mGSAP target .severity-meter-fill not found. https://gsap.com
[2m15:17:35[22m [33m[1m[vite][22m[39m [33m[2m(client)[22m[39m [2m[console.warn] [22mGSAP target  not found. https://gsap.com
[2m15:17:35[22m [33m[1m[vite][22m[39m [33m[2m(client)[22m[39m [2m[console.warn] [22mGSAP target  not found. https://gsap.com
[2m15:17:35[22m [33m[1m[vite][22m[39m [33m[2m(client)[22m[39m [2m[console.warn] [22mGSAP target  not found. https://gsap.com
[2m15:17:35[22m [33m[1m[vite][22m[39m [33m[2m(client)[22m[39m [2m[console.warn] [22mGSAP target .timeline-item, .operation-row, .severity-card, .severity-legend-item not found. https://gsap.com
[2m15:17:35[22m [33m[1m[vite][22m[39m [33m[2m(client)[22m[39m [2m[console.warn] [22mGSAP target  not found. https://gsap.com
[2m15:17:35[22m [33m[1m[vite][22m[39m [33m[2m(client)[22m[39m [2m[console.warn] [22mGSAP target .severity-meter-fill not found. https://gsap.com
[2m15:17:35[22m [33m[1m[vite][22m[39m [33m[2m(client)[22m[39m [2m[console.warn] [22mGSAP target  not found. https://gsap.com
[2m15:17:35[22m [33m[1m[vite][22m[39m [33m[2m(client)[22m[39m [2m[console.warn] [22mGSAP target  not found. https://gsap.com
[2m15:17:35[22m [33m[1m[vite][22m[39m [33m[2m(client)[22m[39m [2m[console.warn] [22mGSAP target  not found. https://gsap.com
[2m15:17:35[22m [33m[1m[vite][22m[39m [33m[2m(client)[22m[39m [2m[console.warn] [22mGSAP target .timeline-item, .operation-row, .severity-card, .severity-legend-item not found. https://gsap.com
[2m15:17:35[22m [33m[1m[vite][22m[39m [33m[2m(client)[22m[39m [2m[console.warn] [22mGSAP target  not found. https://gsap.com
[2m15:17:35[22m [33m[1m[vite][22m[39m [33m[2m(client)[22m[39m [2m[console.warn] [22mGSAP target .severity-meter-fill not found. https://gsap.com
[2m15:17:35[22m [33m[1m[vite][22m[39m [33m[2m(client)[22m[39m [2m[console.warn] [22mGSAP target  not found. https://gsap.com
[2m15:17:35[22m [33m[1m[vite][22m[39m [33m[2m(client)[22m[39m [2m[console.warn] [22mGSAP target  not found. https://gsap.com
[2m15:17:35[22m [33m[1m[vite][22m[39m [33m[2m(client)[22m[39m [2m[console.warn] [22mGSAP target  not found. https://gsap.com
[2m15:17:35[22m [33m[1m[vite][22m[39m [33m[2m(client)[22m[39m [2m[console.warn] [22mGSAP target .timeline-item, .operation-row, .severity-card, .severity-legend-item not found. https://gsap.com
[2m15:17:35[22m [33m[1m[vite][22m[39m [33m[2m(client)[22m[39m [2m[console.warn] [22mGSAP target  not found. https://gsap.com
[2m15:17:35[22m [33m[1m[vite][22m[39m [33m[2m(client)[22m[39m [2m[console.warn] [22mGSAP target .severity-meter-fill not found. https://gsap.com
[2m15:17:35[22m [33m[1m[vite][22m[39m [33m[2m(client)[22m[39m [2m[console.warn] [22mGSAP target  not found. https://gsap.com
[2m15:17:35[22m [33m[1m[vite][22m[39m [33m[2m(client)[22m[39m [2m[console.warn] [22mGSAP target  not found. https://gsap.com
[2m15:17:35[22m [33m[1m[vite][22m[39m [33m[2m(client)[22m[39m [2m[console.warn] [22mGSAP target  not found. https://gsap.com
[2m15:17:53[22m [33m[1m[vite][22m[39m [33m[2m(client)[22m[39m [2m[console.warn] [22mThe width(-1) and height(-1) of chart should be greater than 0,
       please check the style of container, or the props width(100%) and height(100%),
       or add a minWidth(0) or minHeight(undefined) or use aspect(undefined) to control the
       height and width.
[2m15:17:53[22m [33m[1m[vite][22m[39m [33m[2m(client)[22m[39m [2m[console.warn] [22mThe width(-1) and height(-1) of chart should be greater than 0,
       please check the style of container, or the props width(100%) and height(100%),
       or add a minWidth(0) or minHeight(undefined) or use aspect(undefined) to control the
       height and width.
[2m15:17:53[22m [33m[1m[vite][22m[39m [33m[2m(client)[22m[39m [2m[console.warn] [22mThe width(-1) and height(-1) of chart should be greater than 0,
       please check the style of container, or the props width(100%) and height(100%),
       or add a minWidth(0) or minHeight(undefined) or use aspect(undefined) to control the
       height and width.
[2m15:17:53[22m [33m[1m[vite][22m[39m [33m[2m(client)[22m[39m [2m[console.warn] [22mThe width(-1) and height(-1) of chart should be greater than 0,
       please check the style of container, or the props width(100%) and height(100%),
       or add a minWidth(0) or minHeight(undefined) or use aspect(undefined) to control the
       height and width.
[2m15:18:05[22m [33m[1m[vite][22m[39m [33m[2m(client)[22m[39m [2m[console.warn] [22mGSAP target .timeline-item, .operation-row, .severity-card, .severity-legend-item not found. https://gsap.com
[2m15:18:05[22m [33m[1m[vite][22m[39m [33m[2m(client)[22m[39m [2m[console.warn] [22mGSAP target  not found. https://gsap.com
[2m15:18:05[22m [33m[1m[vite][22m[39m [33m[2m(client)[22m[39m [2m[console.warn] [22mGSAP target .severity-meter-fill not found. https://gsap.com
[2m15:18:05[22m [33m[1m[vite][22m[39m [33m[2m(client)[22m[39m [2m[console.warn] [22mGSAP target  not found. https://gsap.com
[2m15:18:05[22m [33m[1m[vite][22m[39m [33m[2m(client)[22m[39m [2m[console.warn] [22mGSAP target  not found. https://gsap.com
[2m15:18:05[22m [33m[1m[vite][22m[39m [33m[2m(client)[22m[39m [2m[console.warn] [22mGSAP target  not found. https://gsap.com
[2m15:18:05[22m [33m[1m[vite][22m[39m [33m[2m(client)[22m[39m [2m[console.warn] [22mGSAP target .timeline-item, .operation-row, .severity-card, .severity-legend-item not found. https://gsap.com
[2m15:18:05[22m [33m[1m[vite][22m[39m [33m[2m(client)[22m[39m [2m[console.warn] [22mGSAP target  not found. https://gsap.com
[2m15:18:05[22m [33m[1m[vite][22m[39m [33m[2m(client)[22m[39m [2m[console.warn] [22mGSAP target .severity-meter-fill not found. https://gsap.com
[2m15:18:05[22m [33m[1m[vite][22m[39m [33m[2m(client)[22m[39m [2m[console.warn] [22mGSAP target  not found. https://gsap.com
[2m15:18:05[22m [33m[1m[vite][22m[39m [33m[2m(client)[22m[39m [2m[console.warn] [22mGSAP target  not found. https://gsap.com
[2m15:18:05[22m [33m[1m[vite][22m[39m [33m[2m(client)[22m[39m [2m[console.warn] [22mGSAP target  not found. https://gsap.com
[2m15:18:07[22m [33m[1m[vite][22m[39m [33m[2m(client)[22m[39m [2m[console.warn] [22mThe width(-1) and height(-1) of chart should be greater than 0,
       please check the style of container, or the props width(100%) and height(100%),
       or add a minWidth(0) or minHeight(undefined) or use aspect(undefined) to control the
       height and width.
[2m15:18:07[22m [33m[1m[vite][22m[39m [33m[2m(client)[22m[39m [2m[console.warn] [22mThe width(-1) and height(-1) of chart should be greater than 0,
       please check the style of container, or the props width(100%) and height(100%),
       or add a minWidth(0) or minHeight(undefined) or use aspect(undefined) to control the
       height and width.
[2m15:18:07[22m [33m[1m[vite][22m[39m [33m[2m(client)[22m[39m [2m[console.warn] [22mThe width(-1) and height(-1) of chart should be greater than 0,
       please check the style of container, or the props width(100%) and height(100%),
       or add a minWidth(0) or minHeight(undefined) or use aspect(undefined) to control the
       height and width.
[2m15:18:07[22m [33m[1m[vite][22m[39m [33m[2m(client)[22m[39m [2m[console.warn] [22mThe width(-1) and height(-1) of chart should be greater than 0,
       please check the style of container, or the props width(100%) and height(100%),
       or add a minWidth(0) or minHeight(undefined) or use aspect(undefined) to control the
       height and width.
[2m15:18:07[22m [33m[1m[vite][22m[39m [33m[2m(client)[22m[39m [2m[console.warn] [22mGSAP target .timeline-item, .operation-row, .severity-card, .severity-legend-item not found. https://gsap.com
[2m15:18:07[22m [33m[1m[vite][22m[39m [33m[2m(client)[22m[39m [2m[console.warn] [22mGSAP target  not found. https://gsap.com
[2m15:18:07[22m [33m[1m[vite][22m[39m [33m[2m(client)[22m[39m [2m[console.warn] [22mGSAP target .severity-meter-fill not found. https://gsap.com
[2m15:18:07[22m [33m[1m[vite][22m[39m [33m[2m(client)[22m[39m [2m[console.warn] [22mGSAP target  not found. https://gsap.com
[2m15:18:07[22m [33m[1m[vite][22m[39m [33m[2m(client)[22m[39m [2m[console.warn] [22mGSAP target  not found. https://gsap.com
[2m15:18:07[22m [33m[1m[vite][22m[39m [33m[2m(client)[22m[39m [2m[console.warn] [22mGSAP target  not found. https://gsap.com
[2m15:18:07[22m [33m[1m[vite][22m[39m [33m[2m(client)[22m[39m [2m[console.warn] [22mGSAP target .timeline-item, .operation-row, .severity-card, .severity-legend-item not found. https://gsap.com
[2m15:18:07[22m [33m[1m[vite][22m[39m [33m[2m(client)[22m[39m [2m[console.warn] [22mGSAP target  not found. https://gsap.com
[2m15:18:07[22m [33m[1m[vite][22m[39m [33m[2m(client)[22m[39m [2m[console.warn] [22mGSAP target .severity-meter-fill not found. https://gsap.com
[2m15:18:07[22m [33m[1m[vite][22m[39m [33m[2m(client)[22m[39m [2m[console.warn] [22mGSAP target  not found. https://gsap.com
[2m15:18:07[22m [33m[1m[vite][22m[39m [33m[2m(client)[22m[39m [2m[console.warn] [22mGSAP target  not found. https://gsap.com
[2m15:18:07[22m [33m[1m[vite][22m[39m [33m[2m(client)[22m[39m [2m[console.warn] [22mGSAP target  not found. https://gsap.com
[2m15:18:08[22m [33m[1m[vite][22m[39m [33m[2m(client)[22m[39m [2m[console.warn] [22mGSAP target .timeline-item, .operation-row, .severity-card, .severity-legend-item not found. https://gsap.com
[2m15:18:08[22m [33m[1m[vite][22m[39m [33m[2m(client)[22m[39m [2m[console.warn] [22mGSAP target  not found. https://gsap.com
[2m15:18:08[22m [33m[1m[vite][22m[39m [33m[2m(client)[22m[39m [2m[console.warn] [22mGSAP target .severity-meter-fill not found. https://gsap.com
[2m15:18:08[22m [33m[1m[vite][22m[39m [33m[2m(client)[22m[39m [2m[console.warn] [22mGSAP target  not found. https://gsap.com
[2m15:18:08[22m [33m[1m[vite][22m[39m [33m[2m(client)[22m[39m [2m[console.warn] [22mGSAP target  not found. https://gsap.com
[2m15:18:08[22m [33m[1m[vite][22m[39m [33m[2m(client)[22m[39m [2m[console.warn] [22mGSAP target  not found. https://gsap.com
[2m15:18:08[22m [33m[1m[vite][22m[39m [33m[2m(client)[22m[39m [2m[console.warn] [22mGSAP target .timeline-item, .operation-row, .severity-card, .severity-legend-item not found. https://gsap.com
[2m15:18:08[22m [33m[1m[vite][22m[39m [33m[2m(client)[22m[39m [2m[console.warn] [22mGSAP target  not found. https://gsap.com
[2m15:18:08[22m [33m[1m[vite][22m[39m [33m[2m(client)[22m[39m [2m[console.warn] [22mGSAP target .severity-meter-fill not found. https://gsap.com
[2m15:18:08[22m [33m[1m[vite][22m[39m [33m[2m(client)[22m[39m [2m[console.warn] [22mGSAP target  not found. https://gsap.com
[2m15:18:08[22m [33m[1m[vite][22m[39m [33m[2m(client)[22m[39m [2m[console.warn] [22mGSAP target  not found. https://gsap.com
[2m15:18:08[22m [33m[1m[vite][22m[39m [33m[2m(client)[22m[39m [2m[console.warn] [22mGSAP target  not found. https://gsap.com
[2m15:18:09[22m [33m[1m[vite][22m[39m [33m[2m(client)[22m[39m [2m[console.warn] [22mGSAP target .timeline-item, .operation-row, .severity-card, .severity-legend-item not found. https://gsap.com
[2m15:18:09[22m [33m[1m[vite][22m[39m [33m[2m(client)[22m[39m [2m[console.warn] [22mGSAP target  not found. https://gsap.com
[2m15:18:09[22m [33m[1m[vite][22m[39m [33m[2m(client)[22m[39m [2m[console.warn] [22mGSAP target .severity-meter-fill not found. https://gsap.com
[2m15:18:09[22m [33m[1m[vite][22m[39m [33m[2m(client)[22m[39m [2m[console.warn] [22mGSAP target  not found. https://gsap.com
[2m15:18:09[22m [33m[1m[vite][22m[39m [33m[2m(client)[22m[39m [2m[console.warn] [22mGSAP target  not found. https://gsap.com
[2m15:18:09[22m [33m[1m[vite][22m[39m [33m[2m(client)[22m[39m [2m[console.warn] [22mGSAP target  not found. https://gsap.com
[2m15:18:09[22m [33m[1m[vite][22m[39m [33m[2m(client)[22m[39m [2m[console.warn] [22mGSAP target .timeline-item, .operation-row, .severity-card, .severity-legend-item not found. https://gsap.com
[2m15:18:09[22m [33m[1m[vite][22m[39m [33m[2m(client)[22m[39m [2m[console.warn] [22mGSAP target  not found. https://gsap.com
[2m15:18:09[22m [33m[1m[vite][22m[39m [33m[2m(client)[22m[39m [2m[console.warn] [22mGSAP target .severity-meter-fill not found. https://gsap.com
[2m15:18:09[22m [33m[1m[vite][22m[39m [33m[2m(client)[22m[39m [2m[console.warn] [22mGSAP target  not found. https://gsap.com
[2m15:18:09[22m [33m[1m[vite][22m[39m [33m[2m(client)[22m[39m [2m[console.warn] [22mGSAP target  not found. https://gsap.com
[2m15:18:09[22m [33m[1m[vite][22m[39m [33m[2m(client)[22m[39m [2m[console.warn] [22mGSAP target  not found. https://gsap.com
[2m15:18:11[22m [33m[1m[vite][22m[39m [33m[2m(client)[22m[39m [2m[console.warn] [22mGSAP target .timeline-item, .operation-row, .severity-card, .severity-legend-item not found. https://gsap.com
[2m15:18:11[22m [33m[1m[vite][22m[39m [33m[2m(client)[22m[39m [2m[console.warn] [22mGSAP target  not found. https://gsap.com
[2m15:18:11[22m [33m[1m[vite][22m[39m [33m[2m(client)[22m[39m [2m[console.warn] [22mGSAP target .severity-meter-fill not found. https://gsap.com
[2m15:18:11[22m [33m[1m[vite][22m[39m [33m[2m(client)[22m[39m [2m[console.warn] [22mGSAP target  not found. https://gsap.com
[2m15:18:11[22m [33m[1m[vite][22m[39m [33m[2m(client)[22m[39m [2m[console.warn] [22mGSAP target  not found. https://gsap.com
[2m15:18:11[22m [33m[1m[vite][22m[39m [33m[2m(client)[22m[39m [2m[console.warn] [22mGSAP target  not found. https://gsap.com
[2m15:18:11[22m [33m[1m[vite][22m[39m [33m[2m(client)[22m[39m [2m[console.warn] [22mGSAP target .timeline-item, .operation-row, .severity-card, .severity-legend-item not found. https://gsap.com
[2m15:18:11[22m [33m[1m[vite][22m[39m [33m[2m(client)[22m[39m [2m[console.warn] [22mGSAP target  not found. https://gsap.com
[2m15:18:11[22m [33m[1m[vite][22m[39m [33m[2m(client)[22m[39m [2m[console.warn] [22mGSAP target .severity-meter-fill not found. https://gsap.com
[2m15:18:11[22m [33m[1m[vite][22m[39m [33m[2m(client)[22m[39m [2m[console.warn] [22mGSAP target  not found. https://gsap.com
[2m15:18:12[22m [33m[1m[vite][22m[39m [33m[2m(client)[22m[39m [2m[console.warn] [22mGSAP target  not found. https://gsap.com
[2m15:18:12[22m [33m[1m[vite][22m[39m [33m[2m(client)[22m[39m [2m[console.warn] [22mGSAP target  not found. https://gsap.com
[2m15:18:13[22m [33m[1m[vite][22m[39m [33m[2m(client)[22m[39m [2m[console.warn] [22mGSAP target .timeline-item, .operation-row, .severity-card, .severity-legend-item not found. https://gsap.com
[2m15:18:13[22m [33m[1m[vite][22m[39m [33m[2m(client)[22m[39m [2m[console.warn] [22mGSAP target  not found. https://gsap.com
[2m15:18:13[22m [33m[1m[vite][22m[39m [33m[2m(client)[22m[39m [2m[console.warn] [22mGSAP target .severity-meter-fill not found. https://gsap.com
[2m15:18:13[22m [33m[1m[vite][22m[39m [33m[2m(client)[22m[39m [2m[console.warn] [22mGSAP target  not found. https://gsap.com
[2m15:18:13[22m [33m[1m[vite][22m[39m [33m[2m(client)[22m[39m [2m[console.warn] [22mGSAP target  not found. https://gsap.com
[2m15:18:13[22m [33m[1m[vite][22m[39m [33m[2m(client)[22m[39m [2m[console.warn] [22mGSAP target  not found. https://gsap.com
[2m15:18:13[22m [33m[1m[vite][22m[39m [33m[2m(client)[22m[39m [2m[console.warn] [22mGSAP target .timeline-item, .operation-row, .severity-card, .severity-legend-item not found. https://gsap.com
[2m15:18:13[22m [33m[1m[vite][22m[39m [33m[2m(client)[22m[39m [2m[console.warn] [22mGSAP target  not found. https://gsap.com
[2m15:18:13[22m [33m[1m[vite][22m[39m [33m[2m(client)[22m[39m [2m[console.warn] [22mGSAP target .severity-meter-fill not found. https://gsap.com
[2m15:18:13[22m [33m[1m[vite][22m[39m [33m[2m(client)[22m[39m [2m[console.warn] [22mGSAP target  not found. https://gsap.com
[2m15:18:13[22m [33m[1m[vite][22m[39m [33m[2m(client)[22m[39m [2m[console.warn] [22mGSAP target  not found. https://gsap.com
[2m15:18:13[22m [33m[1m[vite][22m[39m [33m[2m(client)[22m[39m [2m[console.warn] [22mGSAP target  not found. https://gsap.com
[2m15:18:13[22m [33m[1m[vite][22m[39m [33m[2m(client)[22m[39m [2m[console.warn] [22mGSAP target .timeline-item, .operation-row, .severity-card, .severity-legend-item not found. https://gsap.com
[2m15:18:13[22m [33m[1m[vite][22m[39m [33m[2m(client)[22m[39m [2m[console.warn] [22mGSAP target  not found. https://gsap.com
[2m15:18:13[22m [33m[1m[vite][22m[39m [33m[2m(client)[22m[39m [2m[console.warn] [22mGSAP target .severity-meter-fill not found. https://gsap.com
[2m15:18:13[22m [33m[1m[vite][22m[39m [33m[2m(client)[22m[39m [2m[console.warn] [22mGSAP target  not found. https://gsap.com
[2m15:18:13[22m [33m[1m[vite][22m[39m [33m[2m(client)[22m[39m [2m[console.warn] [22mGSAP target  not found. https://gsap.com
[2m15:18:13[22m [33m[1m[vite][22m[39m [33m[2m(client)[22m[39m [2m[console.warn] [22mGSAP target  not found. https://gsap.com
[2m15:18:13[22m [33m[1m[vite][22m[39m [33m[2m(client)[22m[39m [2m[console.warn] [22mGSAP target .timeline-item, .operation-row, .severity-card, .severity-legend-item not found. https://gsap.com
[2m15:18:13[22m [33m[1m[vite][22m[39m [33m[2m(client)[22m[39m [2m[console.warn] [22mGSAP target  not found. https://gsap.com
[2m15:18:13[22m [33m[1m[vite][22m[39m [33m[2m(client)[22m[39m [2m[console.warn] [22mGSAP target .severity-meter-fill not found. https://gsap.com
[2m15:18:13[22m [33m[1m[vite][22m[39m [33m[2m(client)[22m[39m [2m[console.warn] [22mGSAP target  not found. https://gsap.com
[2m15:18:13[22m [33m[1m[vite][22m[39m [33m[2m(client)[22m[39m [2m[console.warn] [22mGSAP target  not found. https://gsap.com
[2m15:18:14[22m [33m[1m[vite][22m[39m [33m[2m(client)[22m[39m [2m[console.warn] [22mGSAP target  not found. https://gsap.com
[2m15:18:14[22m [33m[1m[vite][22m[39m [33m[2m(client)[22m[39m [2m[console.warn] [22mGSAP target [data-gsap="reveal"] not found. https://gsap.com
[2m15:18:14[22m [33m[1m[vite][22m[39m [33m[2m(client)[22m[39m [2m[console.warn] [22mGSAP target  not found. https://gsap.com
[2m15:18:14[22m [33m[1m[vite][22m[39m [33m[2m(client)[22m[39m [2m[console.warn] [22mGSAP target .timeline-item, .operation-row, .severity-card, .severity-legend-item not found. https://gsap.com
[2m15:18:14[22m [33m[1m[vite][22m[39m [33m[2m(client)[22m[39m [2m[console.warn] [22mGSAP target  not found. https://gsap.com
[2m15:18:14[22m [33m[1m[vite][22m[39m [33m[2m(client)[22m[39m [2m[console.warn] [22mGSAP target .severity-meter-fill not found. https://gsap.com
[2m15:18:14[22m [33m[1m[vite][22m[39m [33m[2m(client)[22m[39m [2m[console.warn] [22mGSAP target  not found. https://gsap.com
[2m15:18:14[22m [33m[1m[vite][22m[39m [33m[2m(client)[22m[39m [2m[console.warn] [22mGSAP target  not found. https://gsap.com
[2m15:18:14[22m [33m[1m[vite][22m[39m [33m[2m(client)[22m[39m [2m[console.warn] [22mGSAP target  not found. https://gsap.com
[2m15:18:14[22m [33m[1m[vite][22m[39m [33m[2m(client)[22m[39m [2m[console.warn] [22mGSAP target  not found. https://gsap.com
[2m15:18:14[22m [33m[1m[vite][22m[39m [33m[2m(client)[22m[39m [2m[console.warn] [22mGSAP target [data-gsap="reveal"] not found. https://gsap.com
[2m15:18:14[22m [33m[1m[vite][22m[39m [33m[2m(client)[22m[39m [2m[console.warn] [22mGSAP target  not found. https://gsap.com
[2m15:18:14[22m [33m[1m[vite][22m[39m [33m[2m(client)[22m[39m [2m[console.warn] [22mGSAP target .timeline-item, .operation-row, .severity-card, .severity-legend-item not found. https://gsap.com
[2m15:18:14[22m [33m[1m[vite][22m[39m [33m[2m(client)[22m[39m [2m[console.warn] [22mGSAP target  not found. https://gsap.com
[2m15:18:14[22m [33m[1m[vite][22m[39m [33m[2m(client)[22m[39m [2m[console.warn] [22mGSAP target .severity-meter-fill not found. https://gsap.com
[2m15:18:14[22m [33m[1m[vite][22m[39m [33m[2m(client)[22m[39m [2m[console.warn] [22mGSAP target  not found. https://gsap.com
[2m15:18:14[22m [33m[1m[vite][22m[39m [33m[2m(client)[22m[39m [2m[console.warn] [22mGSAP target  not found. https://gsap.com
[2m15:18:14[22m [33m[1m[vite][22m[39m [33m[2m(client)[22m[39m [2m[console.warn] [22mGSAP target  not found. https://gsap.com
[2m15:18:14[22m [33m[1m[vite][22m[39m [33m[2m(client)[22m[39m [2m[console.warn] [22mGSAP target  not found. https://gsap.com
[2m15:18:15[22m [33m[1m[vite][22m[39m [33m[2m(client)[22m[39m [2m[console.warn] [22mGSAP target .timeline-item, .operation-row, .severity-card, .severity-legend-item not found. https://gsap.com
[2m15:18:15[22m [33m[1m[vite][22m[39m [33m[2m(client)[22m[39m [2m[console.warn] [22mGSAP target  not found. https://gsap.com
[2m15:18:15[22m [33m[1m[vite][22m[39m [33m[2m(client)[22m[39m [2m[console.warn] [22mGSAP target .severity-meter-fill not found. https://gsap.com
[2m15:18:15[22m [33m[1m[vite][22m[39m [33m[2m(client)[22m[39m [2m[console.warn] [22mGSAP target  not found. https://gsap.com
[2m15:18:15[22m [33m[1m[vite][22m[39m [33m[2m(client)[22m[39m [2m[console.warn] [22mGSAP target  not found. https://gsap.com
[2m15:18:15[22m [33m[1m[vite][22m[39m [33m[2m(client)[22m[39m [2m[console.warn] [22mGSAP target  not found. https://gsap.com
[2m15:18:15[22m [33m[1m[vite][22m[39m [33m[2m(client)[22m[39m [2m[console.warn] [22mGSAP target .timeline-item, .operation-row, .severity-card, .severity-legend-item not found. https://gsap.com
[2m15:18:15[22m [33m[1m[vite][22m[39m [33m[2m(client)[22m[39m [2m[console.warn] [22mGSAP target  not found. https://gsap.com
[2m15:18:15[22m [33m[1m[vite][22m[39m [33m[2m(client)[22m[39m [2m[console.warn] [22mGSAP target .severity-meter-fill not found. https://gsap.com
[2m15:18:15[22m [33m[1m[vite][22m[39m [33m[2m(client)[22m[39m [2m[console.warn] [22mGSAP target  not found. https://gsap.com
[2m15:18:15[22m [33m[1m[vite][22m[39m [33m[2m(client)[22m[39m [2m[console.warn] [22mGSAP target  not found. https://gsap.com
[2m15:18:15[22m [33m[1m[vite][22m[39m [33m[2m(client)[22m[39m [2m[console.warn] [22mGSAP target  not found. https://gsap.com
[2m15:18:16[22m [33m[1m[vite][22m[39m [33m[2m(client)[22m[39m [2m[console.warn] [22mGSAP target .timeline-item, .operation-row, .severity-card, .severity-legend-item not found. https://gsap.com
[2m15:18:16[22m [33m[1m[vite][22m[39m [33m[2m(client)[22m[39m [2m[console.warn] [22mGSAP target  not found. https://gsap.com
[2m15:18:16[22m [33m[1m[vite][22m[39m [33m[2m(client)[22m[39m [2m[console.warn] [22mGSAP target .severity-meter-fill not found. https://gsap.com
[2m15:18:16[22m [33m[1m[vite][22m[39m [33m[2m(client)[22m[39m [2m[console.warn] [22mGSAP target  not found. https://gsap.com
[2m15:18:16[22m [33m[1m[vite][22m[39m [33m[2m(client)[22m[39m [2m[console.warn] [22mGSAP target  not found. https://gsap.com
[2m15:18:16[22m [33m[1m[vite][22m[39m [33m[2m(client)[22m[39m [2m[console.warn] [22mGSAP target  not found. https://gsap.com
[2m15:18:16[22m [33m[1m[vite][22m[39m [33m[2m(client)[22m[39m [2m[console.warn] [22mGSAP target .timeline-item, .operation-row, .severity-card, .severity-legend-item not found. https://gsap.com
[2m15:18:16[22m [33m[1m[vite][22m[39m [33m[2m(client)[22m[39m [2m[console.warn] [22mGSAP target  not found. https://gsap.com
[2m15:18:16[22m [33m[1m[vite][22m[39m [33m[2m(client)[22m[39m [2m[console.warn] [22mGSAP target .severity-meter-fill not found. https://gsap.com
[2m15:18:16[22m [33m[1m[vite][22m[39m [33m[2m(client)[22m[39m [2m[console.warn] [22mGSAP target  not found. https://gsap.com
[2m15:18:16[22m [33m[1m[vite][22m[39m [33m[2m(client)[22m[39m [2m[console.warn] [22mGSAP target  not found. https://gsap.com
[2m15:18:16[22m [33m[1m[vite][22m[39m [33m[2m(client)[22m[39m [2m[console.warn] [22mGSAP target  not found. https://gsap.com
[2m15:18:17[22m [33m[1m[vite][22m[39m [33m[2m(client)[22m[39m [2m[console.warn] [22mGSAP target .timeline-item, .operation-row, .severity-card, .severity-legend-item not found. https://gsap.com
[2m15:18:17[22m [33m[1m[vite][22m[39m [33m[2m(client)[22m[39m [2m[console.warn] [22mGSAP target  not found. https://gsap.com
[2m15:18:17[22m [33m[1m[vite][22m[39m [33m[2m(client)[22m[39m [2m[console.warn] [22mGSAP target .severity-meter-fill not found. https://gsap.com
[2m15:18:17[22m [33m[1m[vite][22m[39m [33m[2m(client)[22m[39m [2m[console.warn] [22mGSAP target  not found. https://gsap.com
[2m15:18:17[22m [33m[1m[vite][22m[39m [33m[2m(client)[22m[39m [2m[console.warn] [22mGSAP target  not found. https://gsap.com
[2m15:18:17[22m [33m[1m[vite][22m[39m [33m[2m(client)[22m[39m [2m[console.warn] [22mGSAP target  not found. https://gsap.com
[2m15:18:17[22m [33m[1m[vite][22m[39m [33m[2m(client)[22m[39m [2m[console.warn] [22mGSAP target .timeline-item, .operation-row, .severity-card, .severity-legend-item not found. https://gsap.com
[2m15:18:17[22m [33m[1m[vite][22m[39m [33m[2m(client)[22m[39m [2m[console.warn] [22mGSAP target  not found. https://gsap.com
[2m15:18:17[22m [33m[1m[vite][22m[39m [33m[2m(client)[22m[39m [2m[console.warn] [22mGSAP target .severity-meter-fill not found. https://gsap.com
[2m15:18:17[22m [33m[1m[vite][22m[39m [33m[2m(client)[22m[39m [2m[console.warn] [22mGSAP target  not found. https://gsap.com
[2m15:18:17[22m [33m[1m[vite][22m[39m [33m[2m(client)[22m[39m [2m[console.warn] [22mGSAP target  not found. https://gsap.com
[2m15:18:17[22m [33m[1m[vite][22m[39m [33m[2m(client)[22m[39m [2m[console.warn] [22mGSAP target  not found. https://gsap.com
[2m15:18:26[22m [33m[1m[vite][22m[39m [33m[2m(client)[22m[39m [2m[console.warn] [22mGSAP target .timeline-item, .operation-row, .severity-card, .severity-legend-item not found. https://gsap.com
[2m15:18:26[22m [33m[1m[vite][22m[39m [33m[2m(client)[22m[39m [2m[console.warn] [22mGSAP target  not found. https://gsap.com
[2m15:18:26[22m [33m[1m[vite][22m[39m [33m[2m(client)[22m[39m [2m[console.warn] [22mGSAP target .severity-meter-fill not found. https://gsap.com
[2m15:18:26[22m [33m[1m[vite][22m[39m [33m[2m(client)[22m[39m [2m[console.warn] [22mGSAP target  not found. https://gsap.com
[2m15:18:26[22m [33m[1m[vite][22m[39m [33m[2m(client)[22m[39m [2m[console.warn] [22mGSAP target  not found. https://gsap.com
[2m15:18:26[22m [33m[1m[vite][22m[39m [33m[2m(client)[22m[39m [2m[console.warn] [22mGSAP target  not found. https://gsap.com
[2m15:18:26[22m [33m[1m[vite][22m[39m [33m[2m(client)[22m[39m [2m[console.warn] [22mGSAP target .timeline-item, .operation-row, .severity-card, .severity-legend-item not found. https://gsap.com
[2m15:18:26[22m [33m[1m[vite][22m[39m [33m[2m(client)[22m[39m [2m[console.warn] [22mGSAP target  not found. https://gsap.com
[2m15:18:26[22m [33m[1m[vite][22m[39m [33m[2m(client)[22m[39m [2m[console.warn] [22mGSAP target .severity-meter-fill not found. https://gsap.com
[2m15:18:26[22m [33m[1m[vite][22m[39m [33m[2m(client)[22m[39m [2m[console.warn] [22mGSAP target  not found. https://gsap.com
[2m15:18:26[22m [33m[1m[vite][22m[39m [33m[2m(client)[22m[39m [2m[console.warn] [22mGSAP target  not found. https://gsap.com
[2m15:18:26[22m [33m[1m[vite][22m[39m [33m[2m(client)[22m[39m [2m[console.warn] [22mGSAP target  not found. https://gsap.com
[2m15:18:52[22m [33m[1m[vite][22m[39m [33m[2m(client)[22m[39m [2m[console.warn] [22mGSAP target .timeline-item, .operation-row, .severity-card, .severity-legend-item not found. https://gsap.com
[2m15:18:52[22m [33m[1m[vite][22m[39m [33m[2m(client)[22m[39m [2m[console.warn] [22mGSAP target  not found. https://gsap.com
[2m15:18:52[22m [33m[1m[vite][22m[39m [33m[2m(client)[22m[39m [2m[console.warn] [22mGSAP target .severity-meter-fill not found. https://gsap.com
[2m15:18:52[22m [33m[1m[vite][22m[39m [33m[2m(client)[22m[39m [2m[console.warn] [22mGSAP target  not found. https://gsap.com
[2m15:18:52[22m [33m[1m[vite][22m[39m [33m[2m(client)[22m[39m [2m[console.warn] [22mGSAP target  not found. https://gsap.com
[2m15:18:52[22m [33m[1m[vite][22m[39m [33m[2m(client)[22m[39m [2m[console.warn] [22mGSAP target  not found. https://gsap.com
[2m15:18:52[22m [33m[1m[vite][22m[39m [33m[2m(client)[22m[39m [2m[console.warn] [22mGSAP target .timeline-item, .operation-row, .severity-card, .severity-legend-item not found. https://gsap.com
[2m15:18:52[22m [33m[1m[vite][22m[39m [33m[2m(client)[22m[39m [2m[console.warn] [22mGSAP target  not found. https://gsap.com
[2m15:18:52[22m [33m[1m[vite][22m[39m [33m[2m(client)[22m[39m [2m[console.warn] [22mGSAP target .severity-meter-fill not found. https://gsap.com
[2m15:18:52[22m [33m[1m[vite][22m[39m [33m[2m(client)[22m[39m [2m[console.warn] [22mGSAP target  not found. https://gsap.com
[2m15:18:52[22m [33m[1m[vite][22m[39m [33m[2m(client)[22m[39m [2m[console.warn] [22mGSAP target  not found. https://gsap.com
[2m15:18:52[22m [33m[1m[vite][22m[39m [33m[2m(client)[22m[39m [2m[console.warn] [22mGSAP target  not found. https://gsap.com
[2m15:18:54[22m [33m[1m[vite][22m[39m [33m[2m(client)[22m[39m [2m[console.warn] [22mGSAP target .timeline-item, .operation-row, .severity-card, .severity-legend-item not found. https://gsap.com
[2m15:18:54[22m [33m[1m[vite][22m[39m [33m[2m(client)[22m[39m [2m[console.warn] [22mGSAP target  not found. https://gsap.com
[2m15:18:54[22m [33m[1m[vite][22m[39m [33m[2m(client)[22m[39m [2m[console.warn] [22mGSAP target .severity-meter-fill not found. https://gsap.com
[2m15:18:54[22m [33m[1m[vite][22m[39m [33m[2m(client)[22m[39m [2m[console.warn] [22mGSAP target  not found. https://gsap.com
[2m15:18:54[22m [33m[1m[vite][22m[39m [33m[2m(client)[22m[39m [2m[console.warn] [22mGSAP target  not found. https://gsap.com
[2m15:18:54[22m [33m[1m[vite][22m[39m [33m[2m(client)[22m[39m [2m[console.warn] [22mGSAP target  not found. https://gsap.com
[2m15:18:54[22m [33m[1m[vite][22m[39m [33m[2m(client)[22m[39m [2m[console.warn] [22mGSAP target .timeline-item, .operation-row, .severity-card, .severity-legend-item not found. https://gsap.com
[2m15:18:54[22m [33m[1m[vite][22m[39m [33m[2m(client)[22m[39m [2m[console.warn] [22mGSAP target  not found. https://gsap.com
[2m15:18:54[22m [33m[1m[vite][22m[39m [33m[2m(client)[22m[39m [2m[console.warn] [22mGSAP target .severity-meter-fill not found. https://gsap.com
[2m15:18:54[22m [33m[1m[vite][22m[39m [33m[2m(client)[22m[39m [2m[console.warn] [22mGSAP target  not found. https://gsap.com
[2m15:18:54[22m [33m[1m[vite][22m[39m [33m[2m(client)[22m[39m [2m[console.warn] [22mGSAP target  not found. https://gsap.com
[2m15:18:54[22m [33m[1m[vite][22m[39m [33m[2m(client)[22m[39m [2m[console.warn] [22mGSAP target  not found. https://gsap.com
[2m15:18:54[22m [33m[1m[vite][22m[39m [33m[2m(client)[22m[39m [2m[console.warn] [22mGSAP target .timeline-item, .operation-row, .severity-card, .severity-legend-item not found. https://gsap.com
[2m15:18:54[22m [33m[1m[vite][22m[39m [33m[2m(client)[22m[39m [2m[console.warn] [22mGSAP target  not found. https://gsap.com
[2m15:18:54[22m [33m[1m[vite][22m[39m [33m[2m(client)[22m[39m [2m[console.warn] [22mGSAP target .severity-meter-fill not found. https://gsap.com
[2m15:18:54[22m [33m[1m[vite][22m[39m [33m[2m(client)[22m[39m [2m[console.warn] [22mGSAP target  not found. https://gsap.com
[2m15:18:54[22m [33m[1m[vite][22m[39m [33m[2m(client)[22m[39m [2m[console.warn] [22mGSAP target  not found. https://gsap.com
[2m15:18:54[22m [33m[1m[vite][22m[39m [33m[2m(client)[22m[39m [2m[console.warn] [22mGSAP target  not found. https://gsap.com
[2m15:18:54[22m [33m[1m[vite][22m[39m [33m[2m(client)[22m[39m [2m[console.warn] [22mGSAP target .timeline-item, .operation-row, .severity-card, .severity-legend-item not found. https://gsap.com
[2m15:18:54[22m [33m[1m[vite][22m[39m [33m[2m(client)[22m[39m [2m[console.warn] [22mGSAP target  not found. https://gsap.com
[2m15:18:54[22m [33m[1m[vite][22m[39m [33m[2m(client)[22m[39m [2m[console.warn] [22mGSAP target .severity-meter-fill not found. https://gsap.com
[2m15:18:54[22m [33m[1m[vite][22m[39m [33m[2m(client)[22m[39m [2m[console.warn] [22mGSAP target  not found. https://gsap.com
[2m15:18:55[22m [33m[1m[vite][22m[39m [33m[2m(client)[22m[39m [2m[console.warn] [22mGSAP target  not found. https://gsap.com
[2m15:18:55[22m [33m[1m[vite][22m[39m [33m[2m(client)[22m[39m [2m[console.warn] [22mGSAP target  not found. https://gsap.com
[2m15:18:55[22m [33m[1m[vite][22m[39m [33m[2m(client)[22m[39m [2m[console.warn] [22mGSAP target .timeline-item, .operation-row, .severity-card, .severity-legend-item not found. https://gsap.com
[2m15:18:55[22m [33m[1m[vite][22m[39m [33m[2m(client)[22m[39m [2m[console.warn] [22mGSAP target  not found. https://gsap.com
[2m15:18:55[22m [33m[1m[vite][22m[39m [33m[2m(client)[22m[39m [2m[console.warn] [22mGSAP target .severity-meter-fill not found. https://gsap.com
[2m15:18:55[22m [33m[1m[vite][22m[39m [33m[2m(client)[22m[39m [2m[console.warn] [22mGSAP target  not found. https://gsap.com
[2m15:18:55[22m [33m[1m[vite][22m[39m [33m[2m(client)[22m[39m [2m[console.warn] [22mGSAP target  not found. https://gsap.com
[2m15:18:55[22m [33m[1m[vite][22m[39m [33m[2m(client)[22m[39m [2m[console.warn] [22mGSAP target  not found. https://gsap.com
[2m15:18:55[22m [33m[1m[vite][22m[39m [33m[2m(client)[22m[39m [2m[console.warn] [22mGSAP target .timeline-item, .operation-row, .severity-card, .severity-legend-item not found. https://gsap.com
[2m15:18:55[22m [33m[1m[vite][22m[39m [33m[2m(client)[22m[39m [2m[console.warn] [22mGSAP target  not found. https://gsap.com
[2m15:18:55[22m [33m[1m[vite][22m[39m [33m[2m(client)[22m[39m [2m[console.warn] [22mGSAP target .severity-meter-fill not found. https://gsap.com
[2m15:18:55[22m [33m[1m[vite][22m[39m [33m[2m(client)[22m[39m [2m[console.warn] [22mGSAP target  not found. https://gsap.com
[2m15:18:55[22m [33m[1m[vite][22m[39m [33m[2m(client)[22m[39m [2m[console.warn] [22mGSAP target  not found. https://gsap.com
[2m15:18:55[22m [33m[1m[vite][22m[39m [33m[2m(client)[22m[39m [2m[console.warn] [22mGSAP target  not found. https://gsap.com
[2m15:18:56[22m [33m[1m[vite][22m[39m [33m[2m(client)[22m[39m [2m[console.warn] [22mGSAP target .timeline-item, .operation-row, .severity-card, .severity-legend-item not found. https://gsap.com
[2m15:18:56[22m [33m[1m[vite][22m[39m [33m[2m(client)[22m[39m [2m[console.warn] [22mGSAP target  not found. https://gsap.com
[2m15:18:56[22m [33m[1m[vite][22m[39m [33m[2m(client)[22m[39m [2m[console.warn] [22mGSAP target .severity-meter-fill not found. https://gsap.com
[2m15:18:56[22m [33m[1m[vite][22m[39m [33m[2m(client)[22m[39m [2m[console.warn] [22mGSAP target  not found. https://gsap.com
[2m15:18:56[22m [33m[1m[vite][22m[39m [33m[2m(client)[22m[39m [2m[console.warn] [22mGSAP target  not found. https://gsap.com
[2m15:18:56[22m [33m[1m[vite][22m[39m [33m[2m(client)[22m[39m [2m[console.warn] [22mGSAP target  not found. https://gsap.com
[2m15:18:56[22m [33m[1m[vite][22m[39m [33m[2m(client)[22m[39m [2m[console.warn] [22mGSAP target .timeline-item, .operation-row, .severity-card, .severity-legend-item not found. https://gsap.com
[2m15:18:56[22m [33m[1m[vite][22m[39m [33m[2m(client)[22m[39m [2m[console.warn] [22mGSAP target  not found. https://gsap.com
[2m15:18:56[22m [33m[1m[vite][22m[39m [33m[2m(client)[22m[39m [2m[console.warn] [22mGSAP target .severity-meter-fill not found. https://gsap.com
[2m15:18:56[22m [33m[1m[vite][22m[39m [33m[2m(client)[22m[39m [2m[console.warn] [22mGSAP target  not found. https://gsap.com
[2m15:18:56[22m [33m[1m[vite][22m[39m [33m[2m(client)[22m[39m [2m[console.warn] [22mGSAP target  not found. https://gsap.com
[2m15:18:56[22m [33m[1m[vite][22m[39m [33m[2m(client)[22m[39m [2m[console.warn] [22mGSAP target  not found. https://gsap.com
[2m15:19:08[22m [33m[1m[vite][22m[39m [33m[2m(client)[22m[39m [2m[console.warn] [22mGSAP target .timeline-item, .operation-row, .severity-card, .severity-legend-item not found. https://gsap.com
[2m15:19:08[22m [33m[1m[vite][22m[39m [33m[2m(client)[22m[39m [2m[console.warn] [22mGSAP target  not found. https://gsap.com
[2m15:19:08[22m [33m[1m[vite][22m[39m [33m[2m(client)[22m[39m [2m[console.warn] [22mGSAP target .severity-meter-fill not found. https://gsap.com
[2m15:19:08[22m [33m[1m[vite][22m[39m [33m[2m(client)[22m[39m [2m[console.warn] [22mGSAP target  not found. https://gsap.com
[2m15:19:08[22m [33m[1m[vite][22m[39m [33m[2m(client)[22m[39m [2m[console.warn] [22mGSAP target  not found. https://gsap.com
[2m15:19:08[22m [33m[1m[vite][22m[39m [33m[2m(client)[22m[39m [2m[console.warn] [22mGSAP target  not found. https://gsap.com
[2m15:19:08[22m [33m[1m[vite][22m[39m [33m[2m(client)[22m[39m [2m[console.warn] [22mGSAP target .timeline-item, .operation-row, .severity-card, .severity-legend-item not found. https://gsap.com
[2m15:19:08[22m [33m[1m[vite][22m[39m [33m[2m(client)[22m[39m [2m[console.warn] [22mGSAP target  not found. https://gsap.com
[2m15:19:08[22m [33m[1m[vite][22m[39m [33m[2m(client)[22m[39m [2m[console.warn] [22mGSAP target .severity-meter-fill not found. https://gsap.com
[2m15:19:08[22m [33m[1m[vite][22m[39m [33m[2m(client)[22m[39m [2m[console.warn] [22mGSAP target  not found. https://gsap.com
[2m15:19:08[22m [33m[1m[vite][22m[39m [33m[2m(client)[22m[39m [2m[console.warn] [22mGSAP target  not found. https://gsap.com
[2m15:19:08[22m [33m[1m[vite][22m[39m [33m[2m(client)[22m[39m [2m[console.warn] [22mGSAP target  not found. https://gsap.com
[2m15:19:11[22m [33m[1m[vite][22m[39m [33m[2m(client)[22m[39m [2m[console.warn] [22mGSAP target .timeline-item, .operation-row, .severity-card, .severity-legend-item not found. https://gsap.com
[2m15:19:11[22m [33m[1m[vite][22m[39m [33m[2m(client)[22m[39m [2m[console.warn] [22mGSAP target  not found. https://gsap.com
[2m15:19:11[22m [33m[1m[vite][22m[39m [33m[2m(client)[22m[39m [2m[console.warn] [22mGSAP target .severity-meter-fill not found. https://gsap.com
[2m15:19:11[22m [33m[1m[vite][22m[39m [33m[2m(client)[22m[39m [2m[console.warn] [22mGSAP target  not found. https://gsap.com
[2m15:19:11[22m [33m[1m[vite][22m[39m [33m[2m(client)[22m[39m [2m[console.warn] [22mGSAP target  not found. https://gsap.com
[2m15:19:11[22m [33m[1m[vite][22m[39m [33m[2m(client)[22m[39m [2m[console.warn] [22mGSAP target  not found. https://gsap.com
[2m15:19:11[22m [33m[1m[vite][22m[39m [33m[2m(client)[22m[39m [2m[console.warn] [22mGSAP target .timeline-item, .operation-row, .severity-card, .severity-legend-item not found. https://gsap.com
[2m15:19:11[22m [33m[1m[vite][22m[39m [33m[2m(client)[22m[39m [2m[console.warn] [22mGSAP target  not found. https://gsap.com
[2m15:19:11[22m [33m[1m[vite][22m[39m [33m[2m(client)[22m[39m [2m[console.warn] [22mGSAP target .severity-meter-fill not found. https://gsap.com
[2m15:19:11[22m [33m[1m[vite][22m[39m [33m[2m(client)[22m[39m [2m[console.warn] [22mGSAP target  not found. https://gsap.com
[2m15:19:11[22m [33m[1m[vite][22m[39m [33m[2m(client)[22m[39m [2m[console.warn] [22mGSAP target  not found. https://gsap.com
[2m15:19:11[22m [33m[1m[vite][22m[39m [33m[2m(client)[22m[39m [2m[console.warn] [22mGSAP target  not found. https://gsap.com
[2m15:19:13[22m [33m[1m[vite][22m[39m [33m[2m(client)[22m[39m [2m[console.warn] [22mGSAP target .timeline-item, .operation-row, .severity-card, .severity-legend-item not found. https://gsap.com
[2m15:19:13[22m [33m[1m[vite][22m[39m [33m[2m(client)[22m[39m [2m[console.warn] [22mGSAP target  not found. https://gsap.com
[2m15:19:13[22m [33m[1m[vite][22m[39m [33m[2m(client)[22m[39m [2m[console.warn] [22mGSAP target .severity-meter-fill not found. https://gsap.com
[2m15:19:13[22m [33m[1m[vite][22m[39m [33m[2m(client)[22m[39m [2m[console.warn] [22mGSAP target  not found. https://gsap.com
[2m15:19:13[22m [33m[1m[vite][22m[39m [33m[2m(client)[22m[39m [2m[console.warn] [22mGSAP target  not found. https://gsap.com
[2m15:19:13[22m [33m[1m[vite][22m[39m [33m[2m(client)[22m[39m [2m[console.warn] [22mGSAP target  not found. https://gsap.com
[2m15:19:13[22m [33m[1m[vite][22m[39m [33m[2m(client)[22m[39m [2m[console.warn] [22mGSAP target .timeline-item, .operation-row, .severity-card, .severity-legend-item not found. https://gsap.com
[2m15:19:13[22m [33m[1m[vite][22m[39m [33m[2m(client)[22m[39m [2m[console.warn] [22mGSAP target  not found. https://gsap.com
[2m15:19:13[22m [33m[1m[vite][22m[39m [33m[2m(client)[22m[39m [2m[console.warn] [22mGSAP target .severity-meter-fill not found. https://gsap.com
[2m15:19:13[22m [33m[1m[vite][22m[39m [33m[2m(client)[22m[39m [2m[console.warn] [22mGSAP target  not found. https://gsap.com
[2m15:19:13[22m [33m[1m[vite][22m[39m [33m[2m(client)[22m[39m [2m[console.warn] [22mGSAP target  not found. https://gsap.com
[2m15:19:13[22m [33m[1m[vite][22m[39m [33m[2m(client)[22m[39m [2m[console.warn] [22mGSAP target  not found. https://gsap.com
[2m15:29:18[22m [33m[1m[vite][22m[39m [33m[2m(client)[22m[39m [2m[console.warn] [22mThe width(-1) and height(-1) of chart should be greater than 0,
       please check the style of container, or the props width(100%) and height(100%),
       or add a minWidth(0) or minHeight(undefined) or use aspect(undefined) to control the
       height and width.
[2m15:29:18[22m [33m[1m[vite][22m[39m [33m[2m(client)[22m[39m [2m[console.warn] [22mThe width(-1) and height(-1) of chart should be greater than 0,
       please check the style of container, or the props width(100%) and height(100%),
       or add a minWidth(0) or minHeight(undefined) or use aspect(undefined) to control the
       height and width.
[2m15:29:18[22m [33m[1m[vite][22m[39m [33m[2m(client)[22m[39m [2m[console.warn] [22mThe width(-1) and height(-1) of chart should be greater than 0,
       please check the style of container, or the props width(100%) and height(100%),
       or add a minWidth(0) or minHeight(undefined) or use aspect(undefined) to control the
       height and width.
[2m15:29:18[22m [33m[1m[vite][22m[39m [33m[2m(client)[22m[39m [2m[console.warn] [22mThe width(-1) and height(-1) of chart should be greater than 0,
       please check the style of container, or the props width(100%) and height(100%),
       or add a minWidth(0) or minHeight(undefined) or use aspect(undefined) to control the
       height and width.
[2m15:29:18[22m [33m[1m[vite][22m[39m [33m[2m(client)[22m[39m [2m[console.warn] [22mGSAP target .severity-meter-fill not found. https://gsap.com
[2m15:29:18[22m [33m[1m[vite][22m[39m [33m[2m(client)[22m[39m [2m[console.warn] [22mGSAP target  not found. https://gsap.com
[2m15:29:18[22m [33m[1m[vite][22m[39m [33m[2m(client)[22m[39m [2m[console.warn] [22mGSAP target  not found. https://gsap.com
[2m15:29:18[22m [33m[1m[vite][22m[39m [33m[2m(client)[22m[39m [2m[console.warn] [22mGSAP target .severity-meter-fill not found. https://gsap.com
[2m15:29:18[22m [33m[1m[vite][22m[39m [33m[2m(client)[22m[39m [2m[console.warn] [22mGSAP target  not found. https://gsap.com
[2m15:29:18[22m [33m[1m[vite][22m[39m [33m[2m(client)[22m[39m [2m[console.warn] [22mGSAP target  not found. https://gsap.com
[2m15:29:32[22m [33m[1m[vite][22m[39m [33m[2m(client)[22m[39m [2m[console.warn] [22mGSAP target .timeline-item, .operation-row, .severity-card, .severity-legend-item not found. https://gsap.com
[2m15:29:32[22m [33m[1m[vite][22m[39m [33m[2m(client)[22m[39m [2m[console.warn] [22mGSAP target  not found. https://gsap.com
[2m15:29:32[22m [33m[1m[vite][22m[39m [33m[2m(client)[22m[39m [2m[console.warn] [22mGSAP target .severity-meter-fill not found. https://gsap.com
[2m15:29:32[22m [33m[1m[vite][22m[39m [33m[2m(client)[22m[39m [2m[console.warn] [22mGSAP target  not found. https://gsap.com
[2m15:29:32[22m [33m[1m[vite][22m[39m [33m[2m(client)[22m[39m [2m[console.warn] [22mGSAP target  not found. https://gsap.com
[2m15:29:32[22m [33m[1m[vite][22m[39m [33m[2m(client)[22m[39m [2m[console.warn] [22mGSAP target  not found. https://gsap.com
[2m15:29:32[22m [33m[1m[vite][22m[39m [33m[2m(client)[22m[39m [2m[console.warn] [22mGSAP target .timeline-item, .operation-row, .severity-card, .severity-legend-item not found. https://gsap.com
[2m15:29:32[22m [33m[1m[vite][22m[39m [33m[2m(client)[22m[39m [2m[console.warn] [22mGSAP target  not found. https://gsap.com
[2m15:29:32[22m [33m[1m[vite][22m[39m [33m[2m(client)[22m[39m [2m[console.warn] [22mGSAP target .severity-meter-fill not found. https://gsap.com
[2m15:29:32[22m [33m[1m[vite][22m[39m [33m[2m(client)[22m[39m [2m[console.warn] [22mGSAP target  not found. https://gsap.com
[2m15:29:32[22m [33m[1m[vite][22m[39m [33m[2m(client)[22m[39m [2m[console.warn] [22mGSAP target  not found. https://gsap.com
[2m15:29:32[22m [33m[1m[vite][22m[39m [33m[2m(client)[22m[39m [2m[console.warn] [22mGSAP target  not found. https://gsap.com
[2m15:38:50[22m [33m[1m[vite][22m[39m [33m[2m(client)[22m[39m [2m[console.warn] [22mThe width(-1) and height(-1) of chart should be greater than 0,
       please check the style of container, or the props width(100%) and height(100%),
       or add a minWidth(0) or minHeight(undefined) or use aspect(undefined) to control the
       height and width.
[2m15:38:50[22m [33m[1m[vite][22m[39m [33m[2m(client)[22m[39m [2m[console.warn] [22mThe width(-1) and height(-1) of chart should be greater than 0,
       please check the style of container, or the props width(100%) and height(100%),
       or add a minWidth(0) or minHeight(undefined) or use aspect(undefined) to control the
       height and width.
[2m15:38:50[22m [33m[1m[vite][22m[39m [33m[2m(client)[22m[39m [2m[console.warn] [22mThe width(-1) and height(-1) of chart should be greater than 0,
       please check the style of container, or the props width(100%) and height(100%),
       or add a minWidth(0) or minHeight(undefined) or use aspect(undefined) to control the
       height and width.
[2m15:38:50[22m [33m[1m[vite][22m[39m [33m[2m(client)[22m[39m [2m[console.warn] [22mThe width(-1) and height(-1) of chart should be greater than 0,
       please check the style of container, or the props width(100%) and height(100%),
       or add a minWidth(0) or minHeight(undefined) or use aspect(undefined) to control the
       height and width.
[2m15:38:50[22m [33m[1m[vite][22m[39m [33m[2m(client)[22m[39m [2m[console.warn] [22mGSAP target .severity-meter-fill not found. https://gsap.com
[2m15:38:50[22m [33m[1m[vite][22m[39m [33m[2m(client)[22m[39m [2m[console.warn] [22mGSAP target  not found. https://gsap.com
[2m15:38:50[22m [33m[1m[vite][22m[39m [33m[2m(client)[22m[39m [2m[console.warn] [22mGSAP target  not found. https://gsap.com
[2m15:38:50[22m [33m[1m[vite][22m[39m [33m[2m(client)[22m[39m [2m[console.warn] [22mGSAP target .severity-meter-fill not found. https://gsap.com
[2m15:38:50[22m [33m[1m[vite][22m[39m [33m[2m(client)[22m[39m [2m[console.warn] [22mGSAP target  not found. https://gsap.com
[2m15:38:51[22m [33m[1m[vite][22m[39m [33m[2m(client)[22m[39m [2m[console.warn] [22mGSAP target  not found. https://gsap.com
[2m15:39:20[22m [33m[1m[vite][22m[39m [33m[2m(client)[22m[39m [2m[console.warn] [22mGSAP target .timeline-item, .operation-row, .severity-card, .severity-legend-item not found. https://gsap.com
[2m15:39:20[22m [33m[1m[vite][22m[39m [33m[2m(client)[22m[39m [2m[console.warn] [22mGSAP target  not found. https://gsap.com
[2m15:39:20[22m [33m[1m[vite][22m[39m [33m[2m(client)[22m[39m [2m[console.warn] [22mGSAP target .severity-meter-fill not found. https://gsap.com
[2m15:39:20[22m [33m[1m[vite][22m[39m [33m[2m(client)[22m[39m [2m[console.warn] [22mGSAP target  not found. https://gsap.com
[2m15:39:20[22m [33m[1m[vite][22m[39m [33m[2m(client)[22m[39m [2m[console.warn] [22mGSAP target  not found. https://gsap.com
[2m15:39:20[22m [33m[1m[vite][22m[39m [33m[2m(client)[22m[39m [2m[console.warn] [22mGSAP target  not found. https://gsap.com
[2m15:39:20[22m [33m[1m[vite][22m[39m [33m[2m(client)[22m[39m [2m[console.warn] [22mGSAP target .timeline-item, .operation-row, .severity-card, .severity-legend-item not found. https://gsap.com
[2m15:39:20[22m [33m[1m[vite][22m[39m [33m[2m(client)[22m[39m [2m[console.warn] [22mGSAP target  not found. https://gsap.com
[2m15:39:20[22m [33m[1m[vite][22m[39m [33m[2m(client)[22m[39m [2m[console.warn] [22mGSAP target .severity-meter-fill not found. https://gsap.com
[2m15:39:20[22m [33m[1m[vite][22m[39m [33m[2m(client)[22m[39m [2m[console.warn] [22mGSAP target  not found. https://gsap.com
[2m15:39:20[22m [33m[1m[vite][22m[39m [33m[2m(client)[22m[39m [2m[console.warn] [22mGSAP target  not found. https://gsap.com
[2m15:39:20[22m [33m[1m[vite][22m[39m [33m[2m(client)[22m[39m [2m[console.warn] [22mGSAP target  not found. https://gsap.com
[2m15:39:21[22m [33m[1m[vite][22m[39m [33m[2m(client)[22m[39m [2m[console.warn] [22mGSAP target .timeline-item, .operation-row, .severity-card, .severity-legend-item not found. https://gsap.com
[2m15:39:21[22m [33m[1m[vite][22m[39m [33m[2m(client)[22m[39m [2m[console.warn] [22mGSAP target  not found. https://gsap.com
[2m15:39:21[22m [33m[1m[vite][22m[39m [33m[2m(client)[22m[39m [2m[console.warn] [22mGSAP target .severity-meter-fill not found. https://gsap.com
[2m15:39:21[22m [33m[1m[vite][22m[39m [33m[2m(client)[22m[39m [2m[console.warn] [22mGSAP target  not found. https://gsap.com
[2m15:39:21[22m [33m[1m[vite][22m[39m [33m[2m(client)[22m[39m [2m[console.warn] [22mGSAP target  not found. https://gsap.com
[2m15:39:21[22m [33m[1m[vite][22m[39m [33m[2m(client)[22m[39m [2m[console.warn] [22mGSAP target  not found. https://gsap.com
[2m15:39:21[22m [33m[1m[vite][22m[39m [33m[2m(client)[22m[39m [2m[console.warn] [22mGSAP target .timeline-item, .operation-row, .severity-card, .severity-legend-item not found. https://gsap.com
[2m15:39:21[22m [33m[1m[vite][22m[39m [33m[2m(client)[22m[39m [2m[console.warn] [22mGSAP target  not found. https://gsap.com
[2m15:39:21[22m [33m[1m[vite][22m[39m [33m[2m(client)[22m[39m [2m[console.warn] [22mGSAP target .severity-meter-fill not found. https://gsap.com
[2m15:39:21[22m [33m[1m[vite][22m[39m [33m[2m(client)[22m[39m [2m[console.warn] [22mGSAP target  not found. https://gsap.com
[2m15:39:21[22m [33m[1m[vite][22m[39m [33m[2m(client)[22m[39m [2m[console.warn] [22mGSAP target  not found. https://gsap.com
[2m15:39:21[22m [33m[1m[vite][22m[39m [33m[2m(client)[22m[39m [2m[console.warn] [22mGSAP target  not found. https://gsap.com
[2m15:39:22[22m [33m[1m[vite][22m[39m [33m[2m(client)[22m[39m [2m[console.warn] [22mGSAP target .timeline-item, .operation-row, .severity-card, .severity-legend-item not found. https://gsap.com
[2m15:39:22[22m [33m[1m[vite][22m[39m [33m[2m(client)[22m[39m [2m[console.warn] [22mGSAP target  not found. https://gsap.com
[2m15:39:22[22m [33m[1m[vite][22m[39m [33m[2m(client)[22m[39m [2m[console.warn] [22mGSAP target .severity-meter-fill not found. https://gsap.com
[2m15:39:22[22m [33m[1m[vite][22m[39m [33m[2m(client)[22m[39m [2m[console.warn] [22mGSAP target  not found. https://gsap.com
[2m15:39:22[22m [33m[1m[vite][22m[39m [33m[2m(client)[22m[39m [2m[console.warn] [22mGSAP target  not found. https://gsap.com
[2m15:39:22[22m [33m[1m[vite][22m[39m [33m[2m(client)[22m[39m [2m[console.warn] [22mGSAP target  not found. https://gsap.com
[2m15:39:22[22m [33m[1m[vite][22m[39m [33m[2m(client)[22m[39m [2m[console.warn] [22mGSAP target .timeline-item, .operation-row, .severity-card, .severity-legend-item not found. https://gsap.com
[2m15:39:22[22m [33m[1m[vite][22m[39m [33m[2m(client)[22m[39m [2m[console.warn] [22mGSAP target  not found. https://gsap.com
[2m15:39:22[22m [33m[1m[vite][22m[39m [33m[2m(client)[22m[39m [2m[console.warn] [22mGSAP target .severity-meter-fill not found. https://gsap.com
[2m15:39:22[22m [33m[1m[vite][22m[39m [33m[2m(client)[22m[39m [2m[console.warn] [22mGSAP target  not found. https://gsap.com
[2m15:39:22[22m [33m[1m[vite][22m[39m [33m[2m(client)[22m[39m [2m[console.warn] [22mGSAP target  not found. https://gsap.com
[2m15:39:22[22m [33m[1m[vite][22m[39m [33m[2m(client)[22m[39m [2m[console.warn] [22mGSAP target  not found. https://gsap.com
[2m15:39:24[22m [33m[1m[vite][22m[39m [33m[2m(client)[22m[39m [2m[console.warn] [22mGSAP target .timeline-item, .operation-row, .severity-card, .severity-legend-item not found. https://gsap.com
[2m15:39:24[22m [33m[1m[vite][22m[39m [33m[2m(client)[22m[39m [2m[console.warn] [22mGSAP target  not found. https://gsap.com
[2m15:39:24[22m [33m[1m[vite][22m[39m [33m[2m(client)[22m[39m [2m[console.warn] [22mGSAP target .severity-meter-fill not found. https://gsap.com
[2m15:39:24[22m [33m[1m[vite][22m[39m [33m[2m(client)[22m[39m [2m[console.warn] [22mGSAP target  not found. https://gsap.com
[2m15:39:24[22m [33m[1m[vite][22m[39m [33m[2m(client)[22m[39m [2m[console.warn] [22mGSAP target  not found. https://gsap.com
[2m15:39:24[22m [33m[1m[vite][22m[39m [33m[2m(client)[22m[39m [2m[console.warn] [22mGSAP target  not found. https://gsap.com
[2m15:39:24[22m [33m[1m[vite][22m[39m [33m[2m(client)[22m[39m [2m[console.warn] [22mGSAP target .timeline-item, .operation-row, .severity-card, .severity-legend-item not found. https://gsap.com
[2m15:39:24[22m [33m[1m[vite][22m[39m [33m[2m(client)[22m[39m [2m[console.warn] [22mGSAP target  not found. https://gsap.com
[2m15:39:24[22m [33m[1m[vite][22m[39m [33m[2m(client)[22m[39m [2m[console.warn] [22mGSAP target .severity-meter-fill not found. https://gsap.com
[2m15:39:24[22m [33m[1m[vite][22m[39m [33m[2m(client)[22m[39m [2m[console.warn] [22mGSAP target  not found. https://gsap.com
[2m15:39:24[22m [33m[1m[vite][22m[39m [33m[2m(client)[22m[39m [2m[console.warn] [22mGSAP target  not found. https://gsap.com
[2m15:39:24[22m [33m[1m[vite][22m[39m [33m[2m(client)[22m[39m [2m[console.warn] [22mGSAP target  not found. https://gsap.com
[2m15:39:24[22m [33m[1m[vite][22m[39m [33m[2m(client)[22m[39m [2m[console.warn] [22mGSAP target  not found. https://gsap.com
[2m15:39:25[22m [33m[1m[vite][22m[39m [33m[2m(client)[22m[39m [2m[console.warn] [22mGSAP target .timeline-item, .operation-row, .severity-card, .severity-legend-item not found. https://gsap.com
[2m15:39:25[22m [33m[1m[vite][22m[39m [33m[2m(client)[22m[39m [2m[console.warn] [22mGSAP target  not found. https://gsap.com
[2m15:39:25[22m [33m[1m[vite][22m[39m [33m[2m(client)[22m[39m [2m[console.warn] [22mGSAP target .severity-meter-fill not found. https://gsap.com
[2m15:39:25[22m [33m[1m[vite][22m[39m [33m[2m(client)[22m[39m [2m[console.warn] [22mGSAP target  not found. https://gsap.com
[2m15:39:25[22m [33m[1m[vite][22m[39m [33m[2m(client)[22m[39m [2m[console.warn] [22mGSAP target  not found. https://gsap.com
[2m15:39:25[22m [33m[1m[vite][22m[39m [33m[2m(client)[22m[39m [2m[console.warn] [22mGSAP target  not found. https://gsap.com
[2m15:39:25[22m [33m[1m[vite][22m[39m [33m[2m(client)[22m[39m [2m[console.warn] [22mGSAP target .timeline-item, .operation-row, .severity-card, .severity-legend-item not found. https://gsap.com
[2m15:39:25[22m [33m[1m[vite][22m[39m [33m[2m(client)[22m[39m [2m[console.warn] [22mGSAP target  not found. https://gsap.com
[2m15:39:25[22m [33m[1m[vite][22m[39m [33m[2m(client)[22m[39m [2m[console.warn] [22mGSAP target .severity-meter-fill not found. https://gsap.com
[2m15:39:25[22m [33m[1m[vite][22m[39m [33m[2m(client)[22m[39m [2m[console.warn] [22mGSAP target  not found. https://gsap.com
[2m15:39:25[22m [33m[1m[vite][22m[39m [33m[2m(client)[22m[39m [2m[console.warn] [22mGSAP target  not found. https://gsap.com
[2m15:39:25[22m [33m[1m[vite][22m[39m [33m[2m(client)[22m[39m [2m[console.warn] [22mGSAP target  not found. https://gsap.com
[2m15:39:29[22m [33m[1m[vite][22m[39m [33m[2m(client)[22m[39m [2m[console.warn] [22mGSAP target .timeline-item, .operation-row, .severity-card, .severity-legend-item not found. https://gsap.com
[2m15:39:29[22m [33m[1m[vite][22m[39m [33m[2m(client)[22m[39m [2m[console.warn] [22mGSAP target  not found. https://gsap.com
[2m15:39:29[22m [33m[1m[vite][22m[39m [33m[2m(client)[22m[39m [2m[console.warn] [22mGSAP target .severity-meter-fill not found. https://gsap.com
[2m15:39:29[22m [33m[1m[vite][22m[39m [33m[2m(client)[22m[39m [2m[console.warn] [22mGSAP target  not found. https://gsap.com
[2m15:39:29[22m [33m[1m[vite][22m[39m [33m[2m(client)[22m[39m [2m[console.warn] [22mGSAP target  not found. https://gsap.com
[2m15:39:29[22m [33m[1m[vite][22m[39m [33m[2m(client)[22m[39m [2m[console.warn] [22mGSAP target  not found. https://gsap.com
[2m15:39:29[22m [33m[1m[vite][22m[39m [33m[2m(client)[22m[39m [2m[console.warn] [22mGSAP target .timeline-item, .operation-row, .severity-card, .severity-legend-item not found. https://gsap.com
[2m15:39:29[22m [33m[1m[vite][22m[39m [33m[2m(client)[22m[39m [2m[console.warn] [22mGSAP target  not found. https://gsap.com
[2m15:39:29[22m [33m[1m[vite][22m[39m [33m[2m(client)[22m[39m [2m[console.warn] [22mGSAP target .severity-meter-fill not found. https://gsap.com
[2m15:39:29[22m [33m[1m[vite][22m[39m [33m[2m(client)[22m[39m [2m[console.warn] [22mGSAP target  not found. https://gsap.com
[2m15:39:29[22m [33m[1m[vite][22m[39m [33m[2m(client)[22m[39m [2m[console.warn] [22mGSAP target  not found. https://gsap.com
[2m15:39:29[22m [33m[1m[vite][22m[39m [33m[2m(client)[22m[39m [2m[console.warn] [22mGSAP target  not found. https://gsap.com
[2m15:39:30[22m [33m[1m[vite][22m[39m [33m[2m(client)[22m[39m [2m[console.warn] [22mGSAP target [data-gsap="reveal"] not found. https://gsap.com
[2m15:39:30[22m [33m[1m[vite][22m[39m [33m[2m(client)[22m[39m [2m[console.warn] [22mGSAP target  not found. https://gsap.com
[2m15:39:30[22m [33m[1m[vite][22m[39m [33m[2m(client)[22m[39m [2m[console.warn] [22mGSAP target .timeline-item, .operation-row, .severity-card, .severity-legend-item not found. https://gsap.com
[2m15:39:30[22m [33m[1m[vite][22m[39m [33m[2m(client)[22m[39m [2m[console.warn] [22mGSAP target  not found. https://gsap.com
[2m15:39:30[22m [33m[1m[vite][22m[39m [33m[2m(client)[22m[39m [2m[console.warn] [22mGSAP target .severity-meter-fill not found. https://gsap.com
[2m15:39:30[22m [33m[1m[vite][22m[39m [33m[2m(client)[22m[39m [2m[console.warn] [22mGSAP target  not found. https://gsap.com
[2m15:39:30[22m [33m[1m[vite][22m[39m [33m[2m(client)[22m[39m [2m[console.warn] [22mGSAP target  not found. https://gsap.com
[2m15:39:30[22m [33m[1m[vite][22m[39m [33m[2m(client)[22m[39m [2m[console.warn] [22mGSAP target  not found. https://gsap.com
[2m15:39:30[22m [33m[1m[vite][22m[39m [33m[2m(client)[22m[39m [2m[console.warn] [22mGSAP target  not found. https://gsap.com
[2m15:39:30[22m [33m[1m[vite][22m[39m [33m[2m(client)[22m[39m [2m[console.warn] [22mGSAP target [data-gsap="reveal"] not found. https://gsap.com
[2m15:39:30[22m [33m[1m[vite][22m[39m [33m[2m(client)[22m[39m [2m[console.warn] [22mGSAP target  not found. https://gsap.com
[2m15:39:30[22m [33m[1m[vite][22m[39m [33m[2m(client)[22m[39m [2m[console.warn] [22mGSAP target .timeline-item, .operation-row, .severity-card, .severity-legend-item not found. https://gsap.com
[2m15:39:30[22m [33m[1m[vite][22m[39m [33m[2m(client)[22m[39m [2m[console.warn] [22mGSAP target  not found. https://gsap.com
[2m15:39:30[22m [33m[1m[vite][22m[39m [33m[2m(client)[22m[39m [2m[console.warn] [22mGSAP target .severity-meter-fill not found. https://gsap.com
[2m15:39:30[22m [33m[1m[vite][22m[39m [33m[2m(client)[22m[39m [2m[console.warn] [22mGSAP target  not found. https://gsap.com
[2m15:39:30[22m [33m[1m[vite][22m[39m [33m[2m(client)[22m[39m [2m[console.warn] [22mGSAP target  not found. https://gsap.com
[2m15:39:30[22m [33m[1m[vite][22m[39m [33m[2m(client)[22m[39m [2m[console.warn] [22mGSAP target  not found. https://gsap.com
[2m15:39:30[22m [33m[1m[vite][22m[39m [33m[2m(client)[22m[39m [2m[console.warn] [22mGSAP target  not found. https://gsap.com
[2m15:39:32[22m [33m[1m[vite][22m[39m [33m[2m(client)[22m[39m [2m[console.warn] [22mGSAP target .timeline-item, .operation-row, .severity-card, .severity-legend-item not found. https://gsap.com
[2m15:39:32[22m [33m[1m[vite][22m[39m [33m[2m(client)[22m[39m [2m[console.warn] [22mGSAP target  not found. https://gsap.com
[2m15:39:32[22m [33m[1m[vite][22m[39m [33m[2m(client)[22m[39m [2m[console.warn] [22mGSAP target .severity-meter-fill not found. https://gsap.com
[2m15:39:32[22m [33m[1m[vite][22m[39m [33m[2m(client)[22m[39m [2m[console.warn] [22mGSAP target  not found. https://gsap.com
[2m15:39:32[22m [33m[1m[vite][22m[39m [33m[2m(client)[22m[39m [2m[console.warn] [22mGSAP target  not found. https://gsap.com
[2m15:39:32[22m [33m[1m[vite][22m[39m [33m[2m(client)[22m[39m [2m[console.warn] [22mGSAP target  not found. https://gsap.com
[2m15:39:32[22m [33m[1m[vite][22m[39m [33m[2m(client)[22m[39m [2m[console.warn] [22mGSAP target .timeline-item, .operation-row, .severity-card, .severity-legend-item not found. https://gsap.com
[2m15:39:32[22m [33m[1m[vite][22m[39m [33m[2m(client)[22m[39m [2m[console.warn] [22mGSAP target  not found. https://gsap.com
[2m15:39:32[22m [33m[1m[vite][22m[39m [33m[2m(client)[22m[39m [2m[console.warn] [22mGSAP target .severity-meter-fill not found. https://gsap.com
[2m15:39:32[22m [33m[1m[vite][22m[39m [33m[2m(client)[22m[39m [2m[console.warn] [22mGSAP target  not found. https://gsap.com
[2m15:39:32[22m [33m[1m[vite][22m[39m [33m[2m(client)[22m[39m [2m[console.warn] [22mGSAP target  not found. https://gsap.com
[2m15:39:32[22m [33m[1m[vite][22m[39m [33m[2m(client)[22m[39m [2m[console.warn] [22mGSAP target  not found. https://gsap.com
[2m15:39:33[22m [33m[1m[vite][22m[39m [33m[2m(client)[22m[39m [2m[console.warn] [22mGSAP target .timeline-item, .operation-row, .severity-card, .severity-legend-item not found. https://gsap.com
[2m15:39:33[22m [33m[1m[vite][22m[39m [33m[2m(client)[22m[39m [2m[console.warn] [22mGSAP target  not found. https://gsap.com
[2m15:39:33[22m [33m[1m[vite][22m[39m [33m[2m(client)[22m[39m [2m[console.warn] [22mGSAP target .severity-meter-fill not found. https://gsap.com
[2m15:39:33[22m [33m[1m[vite][22m[39m [33m[2m(client)[22m[39m [2m[console.warn] [22mGSAP target  not found. https://gsap.com
[2m15:39:33[22m [33m[1m[vite][22m[39m [33m[2m(client)[22m[39m [2m[console.warn] [22mGSAP target  not found. https://gsap.com
[2m15:39:33[22m [33m[1m[vite][22m[39m [33m[2m(client)[22m[39m [2m[console.warn] [22mGSAP target  not found. https://gsap.com
[2m15:39:33[22m [33m[1m[vite][22m[39m [33m[2m(client)[22m[39m [2m[console.warn] [22mGSAP target .timeline-item, .operation-row, .severity-card, .severity-legend-item not found. https://gsap.com
[2m15:39:33[22m [33m[1m[vite][22m[39m [33m[2m(client)[22m[39m [2m[console.warn] [22mGSAP target  not found. https://gsap.com
[2m15:39:33[22m [33m[1m[vite][22m[39m [33m[2m(client)[22m[39m [2m[console.warn] [22mGSAP target .severity-meter-fill not found. https://gsap.com
[2m15:39:33[22m [33m[1m[vite][22m[39m [33m[2m(client)[22m[39m [2m[console.warn] [22mGSAP target  not found. https://gsap.com
[2m15:39:33[22m [33m[1m[vite][22m[39m [33m[2m(client)[22m[39m [2m[console.warn] [22mGSAP target  not found. https://gsap.com
[2m15:39:33[22m [33m[1m[vite][22m[39m [33m[2m(client)[22m[39m [2m[console.warn] [22mGSAP target  not found. https://gsap.com
[2m15:45:19[22m [33m[1m[vite][22m[39m [33m[2m(client)[22m[39m [2m[console.warn] [22mGSAP target .timeline-item, .operation-row, .severity-card, .severity-legend-item not found. https://gsap.com
[2m15:45:19[22m [33m[1m[vite][22m[39m [33m[2m(client)[22m[39m [2m[console.warn] [22mGSAP target  not found. https://gsap.com
[2m15:45:19[22m [33m[1m[vite][22m[39m [33m[2m(client)[22m[39m [2m[console.warn] [22mGSAP target .severity-meter-fill not found. https://gsap.com
[2m15:45:19[22m [33m[1m[vite][22m[39m [33m[2m(client)[22m[39m [2m[console.warn] [22mGSAP target  not found. https://gsap.com
[2m15:45:19[22m [33m[1m[vite][22m[39m [33m[2m(client)[22m[39m [2m[console.warn] [22mGSAP target  not found. https://gsap.com
[2m15:45:19[22m [33m[1m[vite][22m[39m [33m[2m(client)[22m[39m [2m[console.warn] [22mGSAP target  not found. https://gsap.com
[2m15:45:19[22m [33m[1m[vite][22m[39m [33m[2m(client)[22m[39m [2m[console.warn] [22mGSAP target .timeline-item, .operation-row, .severity-card, .severity-legend-item not found. https://gsap.com
[2m15:45:19[22m [33m[1m[vite][22m[39m [33m[2m(client)[22m[39m [2m[console.warn] [22mGSAP target  not found. https://gsap.com
[2m15:45:19[22m [33m[1m[vite][22m[39m [33m[2m(client)[22m[39m [2m[console.warn] [22mGSAP target .severity-meter-fill not found. https://gsap.com
[2m15:45:19[22m [33m[1m[vite][22m[39m [33m[2m(client)[22m[39m [2m[console.warn] [22mGSAP target  not found. https://gsap.com
[2m15:45:19[22m [33m[1m[vite][22m[39m [33m[2m(client)[22m[39m [2m[console.warn] [22mGSAP target  not found. https://gsap.com
[2m15:45:19[22m [33m[1m[vite][22m[39m [33m[2m(client)[22m[39m [2m[console.warn] [22mGSAP target  not found. https://gsap.com
[2m15:45:20[22m [33m[1m[vite][22m[39m [33m[2m(client)[22m[39m [2m[console.warn] [22mGSAP target .timeline-item, .operation-row, .severity-card, .severity-legend-item not found. https://gsap.com
[2m15:45:20[22m [33m[1m[vite][22m[39m [33m[2m(client)[22m[39m [2m[console.warn] [22mGSAP target  not found. https://gsap.com
[2m15:45:20[22m [33m[1m[vite][22m[39m [33m[2m(client)[22m[39m [2m[console.warn] [22mGSAP target .severity-meter-fill not found. https://gsap.com
[2m15:45:20[22m [33m[1m[vite][22m[39m [33m[2m(client)[22m[39m [2m[console.warn] [22mGSAP target  not found. https://gsap.com
[2m15:45:20[22m [33m[1m[vite][22m[39m [33m[2m(client)[22m[39m [2m[console.warn] [22mGSAP target  not found. https://gsap.com
[2m15:45:20[22m [33m[1m[vite][22m[39m [33m[2m(client)[22m[39m [2m[console.warn] [22mGSAP target  not found. https://gsap.com
[2m15:45:20[22m [33m[1m[vite][22m[39m [33m[2m(client)[22m[39m [2m[console.warn] [22mGSAP target .timeline-item, .operation-row, .severity-card, .severity-legend-item not found. https://gsap.com
[2m15:45:20[22m [33m[1m[vite][22m[39m [33m[2m(client)[22m[39m [2m[console.warn] [22mGSAP target  not found. https://gsap.com
[2m15:45:20[22m [33m[1m[vite][22m[39m [33m[2m(client)[22m[39m [2m[console.warn] [22mGSAP target .severity-meter-fill not found. https://gsap.com
[2m15:45:20[22m [33m[1m[vite][22m[39m [33m[2m(client)[22m[39m [2m[console.warn] [22mGSAP target  not found. https://gsap.com
[2m15:45:20[22m [33m[1m[vite][22m[39m [33m[2m(client)[22m[39m [2m[console.warn] [22mGSAP target  not found. https://gsap.com
[2m15:45:20[22m [33m[1m[vite][22m[39m [33m[2m(client)[22m[39m [2m[console.warn] [22mGSAP target  not found. https://gsap.com
[2m15:45:22[22m [33m[1m[vite][22m[39m [33m[2m(client)[22m[39m [2m[console.warn] [22mGSAP target .timeline-item, .operation-row, .severity-card, .severity-legend-item not found. https://gsap.com
[2m15:45:22[22m [33m[1m[vite][22m[39m [33m[2m(client)[22m[39m [2m[console.warn] [22mGSAP target  not found. https://gsap.com
[2m15:45:22[22m [33m[1m[vite][22m[39m [33m[2m(client)[22m[39m [2m[console.warn] [22mGSAP target .severity-meter-fill not found. https://gsap.com
[2m15:45:22[22m [33m[1m[vite][22m[39m [33m[2m(client)[22m[39m [2m[console.warn] [22mGSAP target  not found. https://gsap.com
[2m15:45:22[22m [33m[1m[vite][22m[39m [33m[2m(client)[22m[39m [2m[console.warn] [22mGSAP target  not found. https://gsap.com
[2m15:45:22[22m [33m[1m[vite][22m[39m [33m[2m(client)[22m[39m [2m[console.warn] [22mGSAP target  not found. https://gsap.com
[2m15:45:22[22m [33m[1m[vite][22m[39m [33m[2m(client)[22m[39m [2m[console.warn] [22mGSAP target .timeline-item, .operation-row, .severity-card, .severity-legend-item not found. https://gsap.com
[2m15:45:22[22m [33m[1m[vite][22m[39m [33m[2m(client)[22m[39m [2m[console.warn] [22mGSAP target  not found. https://gsap.com
[2m15:45:22[22m [33m[1m[vite][22m[39m [33m[2m(client)[22m[39m [2m[console.warn] [22mGSAP target .severity-meter-fill not found. https://gsap.com
[2m15:45:22[22m [33m[1m[vite][22m[39m [33m[2m(client)[22m[39m [2m[console.warn] [22mGSAP target  not found. https://gsap.com
[2m15:45:22[22m [33m[1m[vite][22m[39m [33m[2m(client)[22m[39m [2m[console.warn] [22mGSAP target  not found. https://gsap.com
[2m15:45:22[22m [33m[1m[vite][22m[39m [33m[2m(client)[22m[39m [2m[console.warn] [22mGSAP target  not found. https://gsap.com
[2m15:45:23[22m [33m[1m[vite][22m[39m [33m[2m(client)[22m[39m [2m[console.warn] [22mThe width(-1) and height(-1) of chart should be greater than 0,
       please check the style of container, or the props width(100%) and height(100%),
       or add a minWidth(0) or minHeight(undefined) or use aspect(undefined) to control the
       height and width.
[2m15:45:23[22m [33m[1m[vite][22m[39m [33m[2m(client)[22m[39m [2m[console.warn] [22mThe width(-1) and height(-1) of chart should be greater than 0,
       please check the style of container, or the props width(100%) and height(100%),
       or add a minWidth(0) or minHeight(undefined) or use aspect(undefined) to control the
       height and width.
[2m15:45:23[22m [33m[1m[vite][22m[39m [33m[2m(client)[22m[39m [2m[console.warn] [22mThe width(-1) and height(-1) of chart should be greater than 0,
       please check the style of container, or the props width(100%) and height(100%),
       or add a minWidth(0) or minHeight(undefined) or use aspect(undefined) to control the
       height and width.
[2m15:45:23[22m [33m[1m[vite][22m[39m [33m[2m(client)[22m[39m [2m[console.warn] [22mThe width(-1) and height(-1) of chart should be greater than 0,
       please check the style of container, or the props width(100%) and height(100%),
       or add a minWidth(0) or minHeight(undefined) or use aspect(undefined) to control the
       height and width.
[2m15:45:23[22m [33m[1m[vite][22m[39m [33m[2m(client)[22m[39m [2m[console.warn] [22mGSAP target .severity-meter-fill not found. https://gsap.com
[2m15:45:23[22m [33m[1m[vite][22m[39m [33m[2m(client)[22m[39m [2m[console.warn] [22mGSAP target  not found. https://gsap.com
[2m15:45:23[22m [33m[1m[vite][22m[39m [33m[2m(client)[22m[39m [2m[console.warn] [22mGSAP target  not found. https://gsap.com
[2m15:45:23[22m [33m[1m[vite][22m[39m [33m[2m(client)[22m[39m [2m[console.warn] [22mGSAP target .severity-meter-fill not found. https://gsap.com
[2m15:45:23[22m [33m[1m[vite][22m[39m [33m[2m(client)[22m[39m [2m[console.warn] [22mGSAP target  not found. https://gsap.com
[2m15:45:23[22m [33m[1m[vite][22m[39m [33m[2m(client)[22m[39m [2m[console.warn] [22mGSAP target  not found. https://gsap.com
[2m15:45:25[22m [33m[1m[vite][22m[39m [33m[2m(client)[22m[39m [2m[console.warn] [22mGSAP target .timeline-item, .operation-row, .severity-card, .severity-legend-item not found. https://gsap.com
[2m15:45:25[22m [33m[1m[vite][22m[39m [33m[2m(client)[22m[39m [2m[console.warn] [22mGSAP target  not found. https://gsap.com
[2m15:45:25[22m [33m[1m[vite][22m[39m [33m[2m(client)[22m[39m [2m[console.warn] [22mGSAP target .severity-meter-fill not found. https://gsap.com
[2m15:45:25[22m [33m[1m[vite][22m[39m [33m[2m(client)[22m[39m [2m[console.warn] [22mGSAP target  not found. https://gsap.com
[2m15:45:25[22m [33m[1m[vite][22m[39m [33m[2m(client)[22m[39m [2m[console.warn] [22mGSAP target  not found. https://gsap.com
[2m15:45:25[22m [33m[1m[vite][22m[39m [33m[2m(client)[22m[39m [2m[console.warn] [22mGSAP target  not found. https://gsap.com
[2m15:45:25[22m [33m[1m[vite][22m[39m [33m[2m(client)[22m[39m [2m[console.warn] [22mGSAP target .timeline-item, .operation-row, .severity-card, .severity-legend-item not found. https://gsap.com
[2m15:45:25[22m [33m[1m[vite][22m[39m [33m[2m(client)[22m[39m [2m[console.warn] [22mGSAP target  not found. https://gsap.com
[2m15:45:25[22m [33m[1m[vite][22m[39m [33m[2m(client)[22m[39m [2m[console.warn] [22mGSAP target .severity-meter-fill not found. https://gsap.com
[2m15:45:25[22m [33m[1m[vite][22m[39m [33m[2m(client)[22m[39m [2m[console.warn] [22mGSAP target  not found. https://gsap.com
[2m15:45:25[22m [33m[1m[vite][22m[39m [33m[2m(client)[22m[39m [2m[console.warn] [22mGSAP target  not found. https://gsap.com
[2m15:45:26[22m [33m[1m[vite][22m[39m [33m[2m(client)[22m[39m [2m[console.warn] [22mGSAP target  not found. https://gsap.com
[2m15:48:51[22m [33m[1m[vite][22m[39m [33m[2m(client)[22m[39m [2m[console.warn] [22mThe width(-1) and height(-1) of chart should be greater than 0,
       please check the style of container, or the props width(100%) and height(100%),
       or add a minWidth(0) or minHeight(undefined) or use aspect(undefined) to control the
       height and width.
[2m15:48:51[22m [33m[1m[vite][22m[39m [33m[2m(client)[22m[39m [2m[console.warn] [22mThe width(-1) and height(-1) of chart should be greater than 0,
       please check the style of container, or the props width(100%) and height(100%),
       or add a minWidth(0) or minHeight(undefined) or use aspect(undefined) to control the
       height and width.
[2m15:48:51[22m [33m[1m[vite][22m[39m [33m[2m(client)[22m[39m [2m[console.warn] [22mThe width(-1) and height(-1) of chart should be greater than 0,
       please check the style of container, or the props width(100%) and height(100%),
       or add a minWidth(0) or minHeight(undefined) or use aspect(undefined) to control the
       height and width.
[2m15:48:51[22m [33m[1m[vite][22m[39m [33m[2m(client)[22m[39m [2m[console.warn] [22mThe width(-1) and height(-1) of chart should be greater than 0,
       please check the style of container, or the props width(100%) and height(100%),
       or add a minWidth(0) or minHeight(undefined) or use aspect(undefined) to control the
       height and width.
[2m15:48:51[22m [33m[1m[vite][22m[39m [33m[2m(client)[22m[39m [2m[console.warn] [22mGSAP target .severity-meter-fill not found. https://gsap.com
[2m15:48:51[22m [33m[1m[vite][22m[39m [33m[2m(client)[22m[39m [2m[console.warn] [22mGSAP target  not found. https://gsap.com
[2m15:48:51[22m [33m[1m[vite][22m[39m [33m[2m(client)[22m[39m [2m[console.warn] [22mGSAP target  not found. https://gsap.com
[2m15:48:51[22m [33m[1m[vite][22m[39m [33m[2m(client)[22m[39m [2m[console.warn] [22mGSAP target .severity-meter-fill not found. https://gsap.com
[2m15:48:51[22m [33m[1m[vite][22m[39m [33m[2m(client)[22m[39m [2m[console.warn] [22mGSAP target  not found. https://gsap.com
[2m15:48:52[22m [33m[1m[vite][22m[39m [33m[2m(client)[22m[39m [2m[console.warn] [22mGSAP target  not found. https://gsap.com
[2m15:48:54[22m [33m[1m[vite][22m[39m [33m[2m(client)[22m[39m [2m[console.warn] [22mGSAP target .timeline-item, .operation-row, .severity-card, .severity-legend-item not found. https://gsap.com
[2m15:48:54[22m [33m[1m[vite][22m[39m [33m[2m(client)[22m[39m [2m[console.warn] [22mGSAP target  not found. https://gsap.com
[2m15:48:54[22m [33m[1m[vite][22m[39m [33m[2m(client)[22m[39m [2m[console.warn] [22mGSAP target .severity-meter-fill not found. https://gsap.com
[2m15:48:54[22m [33m[1m[vite][22m[39m [33m[2m(client)[22m[39m [2m[console.warn] [22mGSAP target  not found. https://gsap.com
[2m15:48:54[22m [33m[1m[vite][22m[39m [33m[2m(client)[22m[39m [2m[console.warn] [22mGSAP target  not found. https://gsap.com
[2m15:48:54[22m [33m[1m[vite][22m[39m [33m[2m(client)[22m[39m [2m[console.warn] [22mGSAP target  not found. https://gsap.com
[2m15:48:54[22m [33m[1m[vite][22m[39m [33m[2m(client)[22m[39m [2m[console.warn] [22mGSAP target .timeline-item, .operation-row, .severity-card, .severity-legend-item not found. https://gsap.com
[2m15:48:54[22m [33m[1m[vite][22m[39m [33m[2m(client)[22m[39m [2m[console.warn] [22mGSAP target  not found. https://gsap.com
[2m15:48:54[22m [33m[1m[vite][22m[39m [33m[2m(client)[22m[39m [2m[console.warn] [22mGSAP target .severity-meter-fill not found. https://gsap.com
[2m15:48:54[22m [33m[1m[vite][22m[39m [33m[2m(client)[22m[39m [2m[console.warn] [22mGSAP target  not found. https://gsap.com
[2m15:48:54[22m [33m[1m[vite][22m[39m [33m[2m(client)[22m[39m [2m[console.warn] [22mGSAP target  not found. https://gsap.com
[2m15:48:54[22m [33m[1m[vite][22m[39m [33m[2m(client)[22m[39m [2m[console.warn] [22mGSAP target  not found. https://gsap.com
[2m15:48:55[22m [33m[1m[vite][22m[39m [33m[2m(client)[22m[39m [2m[console.warn] [22mGSAP target .timeline-item, .operation-row, .severity-card, .severity-legend-item not found. https://gsap.com
[2m15:48:55[22m [33m[1m[vite][22m[39m [33m[2m(client)[22m[39m [2m[console.warn] [22mGSAP target  not found. https://gsap.com
[2m15:48:55[22m [33m[1m[vite][22m[39m [33m[2m(client)[22m[39m [2m[console.warn] [22mGSAP target .severity-meter-fill not found. https://gsap.com
[2m15:48:55[22m [33m[1m[vite][22m[39m [33m[2m(client)[22m[39m [2m[console.warn] [22mGSAP target  not found. https://gsap.com
[2m15:48:55[22m [33m[1m[vite][22m[39m [33m[2m(client)[22m[39m [2m[console.warn] [22mGSAP target  not found. https://gsap.com
[2m15:48:55[22m [33m[1m[vite][22m[39m [33m[2m(client)[22m[39m [2m[console.warn] [22mGSAP target  not found. https://gsap.com
[2m15:48:55[22m [33m[1m[vite][22m[39m [33m[2m(client)[22m[39m [2m[console.warn] [22mGSAP target .timeline-item, .operation-row, .severity-card, .severity-legend-item not found. https://gsap.com
[2m15:48:55[22m [33m[1m[vite][22m[39m [33m[2m(client)[22m[39m [2m[console.warn] [22mGSAP target  not found. https://gsap.com
[2m15:48:55[22m [33m[1m[vite][22m[39m [33m[2m(client)[22m[39m [2m[console.warn] [22mGSAP target .severity-meter-fill not found. https://gsap.com
[2m15:48:55[22m [33m[1m[vite][22m[39m [33m[2m(client)[22m[39m [2m[console.warn] [22mGSAP target  not found. https://gsap.com
[2m15:48:55[22m [33m[1m[vite][22m[39m [33m[2m(client)[22m[39m [2m[console.warn] [22mGSAP target  not found. https://gsap.com
[2m15:48:55[22m [33m[1m[vite][22m[39m [33m[2m(client)[22m[39m [2m[console.warn] [22mGSAP target  not found. https://gsap.com
[2m15:48:56[22m [33m[1m[vite][22m[39m [33m[2m(client)[22m[39m [2m[console.warn] [22mGSAP target .timeline-item, .operation-row, .severity-card, .severity-legend-item not found. https://gsap.com
[2m15:48:56[22m [33m[1m[vite][22m[39m [33m[2m(client)[22m[39m [2m[console.warn] [22mGSAP target  not found. https://gsap.com
[2m15:48:56[22m [33m[1m[vite][22m[39m [33m[2m(client)[22m[39m [2m[console.warn] [22mGSAP target .severity-meter-fill not found. https://gsap.com
[2m15:48:56[22m [33m[1m[vite][22m[39m [33m[2m(client)[22m[39m [2m[console.warn] [22mGSAP target  not found. https://gsap.com
[2m15:48:56[22m [33m[1m[vite][22m[39m [33m[2m(client)[22m[39m [2m[console.warn] [22mGSAP target  not found. https://gsap.com
[2m15:48:56[22m [33m[1m[vite][22m[39m [33m[2m(client)[22m[39m [2m[console.warn] [22mGSAP target  not found. https://gsap.com
[2m15:48:56[22m [33m[1m[vite][22m[39m [33m[2m(client)[22m[39m [2m[console.warn] [22mGSAP target .timeline-item, .operation-row, .severity-card, .severity-legend-item not found. https://gsap.com
[2m15:48:56[22m [33m[1m[vite][22m[39m [33m[2m(client)[22m[39m [2m[console.warn] [22mGSAP target  not found. https://gsap.com
[2m15:48:56[22m [33m[1m[vite][22m[39m [33m[2m(client)[22m[39m [2m[console.warn] [22mGSAP target .severity-meter-fill not found. https://gsap.com
[2m15:48:56[22m [33m[1m[vite][22m[39m [33m[2m(client)[22m[39m [2m[console.warn] [22mGSAP target  not found. https://gsap.com
[2m15:48:56[22m [33m[1m[vite][22m[39m [33m[2m(client)[22m[39m [2m[console.warn] [22mGSAP target  not found. https://gsap.com
[2m15:48:56[22m [33m[1m[vite][22m[39m [33m[2m(client)[22m[39m [2m[console.warn] [22mGSAP target  not found. https://gsap.com
[2m15:48:57[22m [33m[1m[vite][22m[39m [33m[2m(client)[22m[39m [2m[console.warn] [22mGSAP target .timeline-item, .operation-row, .severity-card, .severity-legend-item not found. https://gsap.com
[2m15:48:57[22m [33m[1m[vite][22m[39m [33m[2m(client)[22m[39m [2m[console.warn] [22mGSAP target  not found. https://gsap.com
[2m15:48:57[22m [33m[1m[vite][22m[39m [33m[2m(client)[22m[39m [2m[console.warn] [22mGSAP target .severity-meter-fill not found. https://gsap.com
[2m15:48:57[22m [33m[1m[vite][22m[39m [33m[2m(client)[22m[39m [2m[console.warn] [22mGSAP target  not found. https://gsap.com
[2m15:48:57[22m [33m[1m[vite][22m[39m [33m[2m(client)[22m[39m [2m[console.warn] [22mGSAP target  not found. https://gsap.com
[2m15:48:57[22m [33m[1m[vite][22m[39m [33m[2m(client)[22m[39m [2m[console.warn] [22mGSAP target  not found. https://gsap.com
[2m15:48:57[22m [33m[1m[vite][22m[39m [33m[2m(client)[22m[39m [2m[console.warn] [22mGSAP target .timeline-item, .operation-row, .severity-card, .severity-legend-item not found. https://gsap.com
[2m15:48:57[22m [33m[1m[vite][22m[39m [33m[2m(client)[22m[39m [2m[console.warn] [22mGSAP target  not found. https://gsap.com
[2m15:48:57[22m [33m[1m[vite][22m[39m [33m[2m(client)[22m[39m [2m[console.warn] [22mGSAP target .severity-meter-fill not found. https://gsap.com
[2m15:48:57[22m [33m[1m[vite][22m[39m [33m[2m(client)[22m[39m [2m[console.warn] [22mGSAP target  not found. https://gsap.com
[2m15:48:57[22m [33m[1m[vite][22m[39m [33m[2m(client)[22m[39m [2m[console.warn] [22mGSAP target  not found. https://gsap.com
[2m15:48:57[22m [33m[1m[vite][22m[39m [33m[2m(client)[22m[39m [2m[console.warn] [22mGSAP target  not found. https://gsap.com
[2m15:48:58[22m [33m[1m[vite][22m[39m [33m[2m(client)[22m[39m [2m[console.warn] [22mGSAP target .timeline-item, .operation-row, .severity-card, .severity-legend-item not found. https://gsap.com
[2m15:48:58[22m [33m[1m[vite][22m[39m [33m[2m(client)[22m[39m [2m[console.warn] [22mGSAP target  not found. https://gsap.com
[2m15:48:58[22m [33m[1m[vite][22m[39m [33m[2m(client)[22m[39m [2m[console.warn] [22mGSAP target .severity-meter-fill not found. https://gsap.com
[2m15:48:58[22m [33m[1m[vite][22m[39m [33m[2m(client)[22m[39m [2m[console.warn] [22mGSAP target  not found. https://gsap.com
[2m15:48:58[22m [33m[1m[vite][22m[39m [33m[2m(client)[22m[39m [2m[console.warn] [22mGSAP target  not found. https://gsap.com
[2m15:48:58[22m [33m[1m[vite][22m[39m [33m[2m(client)[22m[39m [2m[console.warn] [22mGSAP target  not found. https://gsap.com
[2m15:48:58[22m [33m[1m[vite][22m[39m [33m[2m(client)[22m[39m [2m[console.warn] [22mGSAP target .timeline-item, .operation-row, .severity-card, .severity-legend-item not found. https://gsap.com
[2m15:48:58[22m [33m[1m[vite][22m[39m [33m[2m(client)[22m[39m [2m[console.warn] [22mGSAP target  not found. https://gsap.com
[2m15:48:58[22m [33m[1m[vite][22m[39m [33m[2m(client)[22m[39m [2m[console.warn] [22mGSAP target .severity-meter-fill not found. https://gsap.com
[2m15:48:58[22m [33m[1m[vite][22m[39m [33m[2m(client)[22m[39m [2m[console.warn] [22mGSAP target  not found. https://gsap.com
[2m15:48:58[22m [33m[1m[vite][22m[39m [33m[2m(client)[22m[39m [2m[console.warn] [22mGSAP target  not found. https://gsap.com
[2m15:48:58[22m [33m[1m[vite][22m[39m [33m[2m(client)[22m[39m [2m[console.warn] [22mGSAP target  not found. https://gsap.com
[2m15:48:58[22m [33m[1m[vite][22m[39m [33m[2m(client)[22m[39m [2m[console.warn] [22mGSAP target  not found. https://gsap.com
[2m15:48:59[22m [33m[1m[vite][22m[39m [33m[2m(client)[22m[39m [2m[console.warn] [22mGSAP target .timeline-item, .operation-row, .severity-card, .severity-legend-item not found. https://gsap.com
[2m15:48:59[22m [33m[1m[vite][22m[39m [33m[2m(client)[22m[39m [2m[console.warn] [22mGSAP target  not found. https://gsap.com
[2m15:48:59[22m [33m[1m[vite][22m[39m [33m[2m(client)[22m[39m [2m[console.warn] [22mGSAP target .severity-meter-fill not found. https://gsap.com
[2m15:48:59[22m [33m[1m[vite][22m[39m [33m[2m(client)[22m[39m [2m[console.warn] [22mGSAP target  not found. https://gsap.com
[2m15:48:59[22m [33m[1m[vite][22m[39m [33m[2m(client)[22m[39m [2m[console.warn] [22mGSAP target  not found. https://gsap.com
[2m15:48:59[22m [33m[1m[vite][22m[39m [33m[2m(client)[22m[39m [2m[console.warn] [22mGSAP target  not found. https://gsap.com
[2m15:48:59[22m [33m[1m[vite][22m[39m [33m[2m(client)[22m[39m [2m[console.warn] [22mGSAP target .timeline-item, .operation-row, .severity-card, .severity-legend-item not found. https://gsap.com
[2m15:48:59[22m [33m[1m[vite][22m[39m [33m[2m(client)[22m[39m [2m[console.warn] [22mGSAP target  not found. https://gsap.com
[2m15:48:59[22m [33m[1m[vite][22m[39m [33m[2m(client)[22m[39m [2m[console.warn] [22mGSAP target .severity-meter-fill not found. https://gsap.com
[2m15:48:59[22m [33m[1m[vite][22m[39m [33m[2m(client)[22m[39m [2m[console.warn] [22mGSAP target  not found. https://gsap.com
[2m15:48:59[22m [33m[1m[vite][22m[39m [33m[2m(client)[22m[39m [2m[console.warn] [22mGSAP target  not found. https://gsap.com
[2m15:49:00[22m [33m[1m[vite][22m[39m [33m[2m(client)[22m[39m [2m[console.warn] [22mGSAP target  not found. https://gsap.com
[2m15:49:00[22m [33m[1m[vite][22m[39m [33m[2m(client)[22m[39m [2m[console.warn] [22mGSAP target .timeline-item, .operation-row, .severity-card, .severity-legend-item not found. https://gsap.com
[2m15:49:00[22m [33m[1m[vite][22m[39m [33m[2m(client)[22m[39m [2m[console.warn] [22mGSAP target  not found. https://gsap.com
[2m15:49:00[22m [33m[1m[vite][22m[39m [33m[2m(client)[22m[39m [2m[console.warn] [22mGSAP target .severity-meter-fill not found. https://gsap.com
[2m15:49:00[22m [33m[1m[vite][22m[39m [33m[2m(client)[22m[39m [2m[console.warn] [22mGSAP target  not found. https://gsap.com
[2m15:49:00[22m [33m[1m[vite][22m[39m [33m[2m(client)[22m[39m [2m[console.warn] [22mGSAP target  not found. https://gsap.com
[2m15:49:00[22m [33m[1m[vite][22m[39m [33m[2m(client)[22m[39m [2m[console.warn] [22mGSAP target  not found. https://gsap.com
[2m15:49:00[22m [33m[1m[vite][22m[39m [33m[2m(client)[22m[39m [2m[console.warn] [22mGSAP target .timeline-item, .operation-row, .severity-card, .severity-legend-item not found. https://gsap.com
[2m15:49:00[22m [33m[1m[vite][22m[39m [33m[2m(client)[22m[39m [2m[console.warn] [22mGSAP target  not found. https://gsap.com
[2m15:49:00[22m [33m[1m[vite][22m[39m [33m[2m(client)[22m[39m [2m[console.warn] [22mGSAP target .severity-meter-fill not found. https://gsap.com
[2m15:49:00[22m [33m[1m[vite][22m[39m [33m[2m(client)[22m[39m [2m[console.warn] [22mGSAP target  not found. https://gsap.com
[2m15:49:00[22m [33m[1m[vite][22m[39m [33m[2m(client)[22m[39m [2m[console.warn] [22mGSAP target  not found. https://gsap.com
[2m15:49:00[22m [33m[1m[vite][22m[39m [33m[2m(client)[22m[39m [2m[console.warn] [22mGSAP target  not found. https://gsap.com
[2m15:49:00[22m [33m[1m[vite][22m[39m [33m[2m(client)[22m[39m [2m[console.warn] [22mGSAP target .timeline-item, .operation-row, .severity-card, .severity-legend-item not found. https://gsap.com
[2m15:49:00[22m [33m[1m[vite][22m[39m [33m[2m(client)[22m[39m [2m[console.warn] [22mGSAP target  not found. https://gsap.com
[2m15:49:00[22m [33m[1m[vite][22m[39m [33m[2m(client)[22m[39m [2m[console.warn] [22mGSAP target .severity-meter-fill not found. https://gsap.com
[2m15:49:00[22m [33m[1m[vite][22m[39m [33m[2m(client)[22m[39m [2m[console.warn] [22mGSAP target  not found. https://gsap.com
[2m15:49:00[22m [33m[1m[vite][22m[39m [33m[2m(client)[22m[39m [2m[console.warn] [22mGSAP target  not found. https://gsap.com
[2m15:49:00[22m [33m[1m[vite][22m[39m [33m[2m(client)[22m[39m [2m[console.warn] [22mGSAP target  not found. https://gsap.com
[2m15:49:00[22m [33m[1m[vite][22m[39m [33m[2m(client)[22m[39m [2m[console.warn] [22mGSAP target .timeline-item, .operation-row, .severity-card, .severity-legend-item not found. https://gsap.com
[2m15:49:00[22m [33m[1m[vite][22m[39m [33m[2m(client)[22m[39m [2m[console.warn] [22mGSAP target  not found. https://gsap.com
[2m15:49:00[22m [33m[1m[vite][22m[39m [33m[2m(client)[22m[39m [2m[console.warn] [22mGSAP target .severity-meter-fill not found. https://gsap.com
[2m15:49:00[22m [33m[1m[vite][22m[39m [33m[2m(client)[22m[39m [2m[console.warn] [22mGSAP target  not found. https://gsap.com
[2m15:49:01[22m [33m[1m[vite][22m[39m [33m[2m(client)[22m[39m [2m[console.warn] [22mGSAP target  not found. https://gsap.com
[2m15:49:01[22m [33m[1m[vite][22m[39m [33m[2m(client)[22m[39m [2m[console.warn] [22mGSAP target  not found. https://gsap.com
[2m15:49:16[22m [33m[1m[vite][22m[39m [33m[2m(client)[22m[39m [2m[console.warn] [22mGSAP target .timeline-item, .operation-row, .severity-card, .severity-legend-item not found. https://gsap.com
[2m15:49:16[22m [33m[1m[vite][22m[39m [33m[2m(client)[22m[39m [2m[console.warn] [22mGSAP target  not found. https://gsap.com
[2m15:49:16[22m [33m[1m[vite][22m[39m [33m[2m(client)[22m[39m [2m[console.warn] [22mGSAP target .severity-meter-fill not found. https://gsap.com
[2m15:49:16[22m [33m[1m[vite][22m[39m [33m[2m(client)[22m[39m [2m[console.warn] [22mGSAP target  not found. https://gsap.com
[2m15:49:16[22m [33m[1m[vite][22m[39m [33m[2m(client)[22m[39m [2m[console.warn] [22mGSAP target  not found. https://gsap.com
[2m15:49:16[22m [33m[1m[vite][22m[39m [33m[2m(client)[22m[39m [2m[console.warn] [22mGSAP target  not found. https://gsap.com
[2m15:49:16[22m [33m[1m[vite][22m[39m [33m[2m(client)[22m[39m [2m[console.warn] [22mGSAP target .timeline-item, .operation-row, .severity-card, .severity-legend-item not found. https://gsap.com
[2m15:49:16[22m [33m[1m[vite][22m[39m [33m[2m(client)[22m[39m [2m[console.warn] [22mGSAP target  not found. https://gsap.com
[2m15:49:16[22m [33m[1m[vite][22m[39m [33m[2m(client)[22m[39m [2m[console.warn] [22mGSAP target .severity-meter-fill not found. https://gsap.com
[2m15:49:16[22m [33m[1m[vite][22m[39m [33m[2m(client)[22m[39m [2m[console.warn] [22mGSAP target  not found. https://gsap.com
[2m15:49:16[22m [33m[1m[vite][22m[39m [33m[2m(client)[22m[39m [2m[console.warn] [22mGSAP target  not found. https://gsap.com
[2m15:49:17[22m [33m[1m[vite][22m[39m [33m[2m(client)[22m[39m [2m[console.warn] [22mGSAP target  not found. https://gsap.com
[2m15:49:21[22m [33m[1m[vite][22m[39m [33m[2m(client)[22m[39m [2m[console.warn] [22mGSAP target .timeline-item, .operation-row, .severity-card, .severity-legend-item not found. https://gsap.com
[2m15:49:21[22m [33m[1m[vite][22m[39m [33m[2m(client)[22m[39m [2m[console.warn] [22mGSAP target  not found. https://gsap.com
[2m15:49:21[22m [33m[1m[vite][22m[39m [33m[2m(client)[22m[39m [2m[console.warn] [22mGSAP target .severity-meter-fill not found. https://gsap.com
[2m15:49:21[22m [33m[1m[vite][22m[39m [33m[2m(client)[22m[39m [2m[console.warn] [22mGSAP target  not found. https://gsap.com
[2m15:49:21[22m [33m[1m[vite][22m[39m [33m[2m(client)[22m[39m [2m[console.warn] [22mGSAP target  not found. https://gsap.com
[2m15:49:21[22m [33m[1m[vite][22m[39m [33m[2m(client)[22m[39m [2m[console.warn] [22mGSAP target  not found. https://gsap.com
[2m15:49:21[22m [33m[1m[vite][22m[39m [33m[2m(client)[22m[39m [2m[console.warn] [22mGSAP target .timeline-item, .operation-row, .severity-card, .severity-legend-item not found. https://gsap.com
[2m15:49:21[22m [33m[1m[vite][22m[39m [33m[2m(client)[22m[39m [2m[console.warn] [22mGSAP target  not found. https://gsap.com
[2m15:49:21[22m [33m[1m[vite][22m[39m [33m[2m(client)[22m[39m [2m[console.warn] [22mGSAP target .severity-meter-fill not found. https://gsap.com
[2m15:49:21[22m [33m[1m[vite][22m[39m [33m[2m(client)[22m[39m [2m[console.warn] [22mGSAP target  not found. https://gsap.com
[2m15:49:21[22m [33m[1m[vite][22m[39m [33m[2m(client)[22m[39m [2m[console.warn] [22mGSAP target  not found. https://gsap.com
[2m15:49:21[22m [33m[1m[vite][22m[39m [33m[2m(client)[22m[39m [2m[console.warn] [22mGSAP target  not found. https://gsap.com
[2m16:01:12[22m [33m[1m[vite][22m[39m [33m[2m(client)[22m[39m [2m[console.warn] [22mGSAP target .timeline-item, .operation-row, .severity-card, .severity-legend-item not found. https://gsap.com
[2m16:01:12[22m [33m[1m[vite][22m[39m [33m[2m(client)[22m[39m [2m[console.warn] [22mGSAP target  not found. https://gsap.com
[2m16:01:12[22m [33m[1m[vite][22m[39m [33m[2m(client)[22m[39m [2m[console.warn] [22mGSAP target .severity-meter-fill not found. https://gsap.com
[2m16:01:12[22m [33m[1m[vite][22m[39m [33m[2m(client)[22m[39m [2m[console.warn] [22mGSAP target  not found. https://gsap.com
[2m16:01:12[22m [33m[1m[vite][22m[39m [33m[2m(client)[22m[39m [2m[console.warn] [22mGSAP target  not found. https://gsap.com
[2m16:01:12[22m [33m[1m[vite][22m[39m [33m[2m(client)[22m[39m [2m[console.warn] [22mGSAP target  not found. https://gsap.com
[2m16:01:12[22m [33m[1m[vite][22m[39m [33m[2m(client)[22m[39m [2m[console.warn] [22mGSAP target .timeline-item, .operation-row, .severity-card, .severity-legend-item not found. https://gsap.com
[2m16:01:12[22m [33m[1m[vite][22m[39m [33m[2m(client)[22m[39m [2m[console.warn] [22mGSAP target  not found. https://gsap.com
[2m16:01:12[22m [33m[1m[vite][22m[39m [33m[2m(client)[22m[39m [2m[console.warn] [22mGSAP target .severity-meter-fill not found. https://gsap.com
[2m16:01:12[22m [33m[1m[vite][22m[39m [33m[2m(client)[22m[39m [2m[console.warn] [22mGSAP target  not found. https://gsap.com
[2m16:01:12[22m [33m[1m[vite][22m[39m [33m[2m(client)[22m[39m [2m[console.warn] [22mGSAP target  not found. https://gsap.com
[2m16:01:12[22m [33m[1m[vite][22m[39m [33m[2m(client)[22m[39m [2m[console.warn] [22mGSAP target  not found. https://gsap.com
[2m16:05:58[22m [33m[1m[vite][22m[39m [33m[2m(client)[22m[39m [2m[console.warn] [22mThe width(-1) and height(-1) of chart should be greater than 0,
       please check the style of container, or the props width(100%) and height(100%),
       or add a minWidth(0) or minHeight(undefined) or use aspect(undefined) to control the
       height and width.
[2m16:05:58[22m [33m[1m[vite][22m[39m [33m[2m(client)[22m[39m [2m[console.warn] [22mThe width(-1) and height(-1) of chart should be greater than 0,
       please check the style of container, or the props width(100%) and height(100%),
       or add a minWidth(0) or minHeight(undefined) or use aspect(undefined) to control the
       height and width.
[2m16:05:58[22m [33m[1m[vite][22m[39m [33m[2m(client)[22m[39m [2m[console.warn] [22mThe width(-1) and height(-1) of chart should be greater than 0,
       please check the style of container, or the props width(100%) and height(100%),
       or add a minWidth(0) or minHeight(undefined) or use aspect(undefined) to control the
       height and width.
[2m16:05:58[22m [33m[1m[vite][22m[39m [33m[2m(client)[22m[39m [2m[console.warn] [22mThe width(-1) and height(-1) of chart should be greater than 0,
       please check the style of container, or the props width(100%) and height(100%),
       or add a minWidth(0) or minHeight(undefined) or use aspect(undefined) to control the
       height and width.
[2m16:05:58[22m [33m[1m[vite][22m[39m [33m[2m(client)[22m[39m [2m[console.warn] [22mGSAP target .severity-meter-fill not found. https://gsap.com
[2m16:05:58[22m [33m[1m[vite][22m[39m [33m[2m(client)[22m[39m [2m[console.warn] [22mGSAP target  not found. https://gsap.com
[2m16:05:58[22m [33m[1m[vite][22m[39m [33m[2m(client)[22m[39m [2m[console.warn] [22mGSAP target  not found. https://gsap.com
[2m16:05:58[22m [33m[1m[vite][22m[39m [33m[2m(client)[22m[39m [2m[console.warn] [22mGSAP target .severity-meter-fill not found. https://gsap.com
[2m16:05:58[22m [33m[1m[vite][22m[39m [33m[2m(client)[22m[39m [2m[console.warn] [22mGSAP target  not found. https://gsap.com
[2m16:05:58[22m [33m[1m[vite][22m[39m [33m[2m(client)[22m[39m [2m[console.warn] [22mGSAP target  not found. https://gsap.com
[2m16:06:26[22m [33m[1m[vite][22m[39m [33m[2m(client)[22m[39m [2m[console.warn] [22mGSAP target .timeline-item, .operation-row, .severity-card, .severity-legend-item not found. https://gsap.com
[2m16:06:26[22m [33m[1m[vite][22m[39m [33m[2m(client)[22m[39m [2m[console.warn] [22mGSAP target  not found. https://gsap.com
[2m16:06:26[22m [33m[1m[vite][22m[39m [33m[2m(client)[22m[39m [2m[console.warn] [22mGSAP target .severity-meter-fill not found. https://gsap.com
[2m16:06:26[22m [33m[1m[vite][22m[39m [33m[2m(client)[22m[39m [2m[console.warn] [22mGSAP target  not found. https://gsap.com
[2m16:06:26[22m [33m[1m[vite][22m[39m [33m[2m(client)[22m[39m [2m[console.warn] [22mGSAP target  not found. https://gsap.com
[2m16:06:26[22m [33m[1m[vite][22m[39m [33m[2m(client)[22m[39m [2m[console.warn] [22mGSAP target  not found. https://gsap.com
[2m16:06:26[22m [33m[1m[vite][22m[39m [33m[2m(client)[22m[39m [2m[console.warn] [22mGSAP target .timeline-item, .operation-row, .severity-card, .severity-legend-item not found. https://gsap.com
[2m16:06:26[22m [33m[1m[vite][22m[39m [33m[2m(client)[22m[39m [2m[console.warn] [22mGSAP target  not found. https://gsap.com
[2m16:06:26[22m [33m[1m[vite][22m[39m [33m[2m(client)[22m[39m [2m[console.warn] [22mGSAP target .severity-meter-fill not found. https://gsap.com
[2m16:06:26[22m [33m[1m[vite][22m[39m [33m[2m(client)[22m[39m [2m[console.warn] [22mGSAP target  not found. https://gsap.com
[2m16:06:26[22m [33m[1m[vite][22m[39m [33m[2m(client)[22m[39m [2m[console.warn] [22mGSAP target  not found. https://gsap.com
[2m16:06:26[22m [33m[1m[vite][22m[39m [33m[2m(client)[22m[39m [2m[console.warn] [22mGSAP target  not found. https://gsap.com
[2m16:06:31[22m [33m[1m[vite][22m[39m [33m[2m(client)[22m[39m [2m[console.warn] [22mGSAP target .timeline-item, .operation-row, .severity-card, .severity-legend-item not found. https://gsap.com
[2m16:06:31[22m [33m[1m[vite][22m[39m [33m[2m(client)[22m[39m [2m[console.warn] [22mGSAP target  not found. https://gsap.com
[2m16:06:31[22m [33m[1m[vite][22m[39m [33m[2m(client)[22m[39m [2m[console.warn] [22mGSAP target .severity-meter-fill not found. https://gsap.com
[2m16:06:31[22m [33m[1m[vite][22m[39m [33m[2m(client)[22m[39m [2m[console.warn] [22mGSAP target  not found. https://gsap.com
[2m16:06:31[22m [33m[1m[vite][22m[39m [33m[2m(client)[22m[39m [2m[console.warn] [22mGSAP target  not found. https://gsap.com
[2m16:06:31[22m [33m[1m[vite][22m[39m [33m[2m(client)[22m[39m [2m[console.warn] [22mGSAP target  not found. https://gsap.com
[2m16:06:31[22m [33m[1m[vite][22m[39m [33m[2m(client)[22m[39m [2m[console.warn] [22mGSAP target .timeline-item, .operation-row, .severity-card, .severity-legend-item not found. https://gsap.com
[2m16:06:31[22m [33m[1m[vite][22m[39m [33m[2m(client)[22m[39m [2m[console.warn] [22mGSAP target  not found. https://gsap.com
[2m16:06:31[22m [33m[1m[vite][22m[39m [33m[2m(client)[22m[39m [2m[console.warn] [22mGSAP target .severity-meter-fill not found. https://gsap.com
[2m16:06:31[22m [33m[1m[vite][22m[39m [33m[2m(client)[22m[39m [2m[console.warn] [22mGSAP target  not found. https://gsap.com
[2m16:06:32[22m [33m[1m[vite][22m[39m [33m[2m(client)[22m[39m [2m[console.warn] [22mGSAP target  not found. https://gsap.com
[2m16:06:32[22m [33m[1m[vite][22m[39m [33m[2m(client)[22m[39m [2m[console.warn] [22mGSAP target  not found. https://gsap.com
[2m16:06:34[22m [33m[1m[vite][22m[39m [33m[2m(client)[22m[39m [2m[console.warn] [22mGSAP target .timeline-item, .operation-row, .severity-card, .severity-legend-item not found. https://gsap.com
[2m16:06:34[22m [33m[1m[vite][22m[39m [33m[2m(client)[22m[39m [2m[console.warn] [22mGSAP target  not found. https://gsap.com
[2m16:06:34[22m [33m[1m[vite][22m[39m [33m[2m(client)[22m[39m [2m[console.warn] [22mGSAP target .severity-meter-fill not found. https://gsap.com
[2m16:06:34[22m [33m[1m[vite][22m[39m [33m[2m(client)[22m[39m [2m[console.warn] [22mGSAP target  not found. https://gsap.com
[2m16:06:34[22m [33m[1m[vite][22m[39m [33m[2m(client)[22m[39m [2m[console.warn] [22mGSAP target  not found. https://gsap.com
[2m16:06:34[22m [33m[1m[vite][22m[39m [33m[2m(client)[22m[39m [2m[console.warn] [22mGSAP target  not found. https://gsap.com
[2m16:06:34[22m [33m[1m[vite][22m[39m [33m[2m(client)[22m[39m [2m[console.warn] [22mGSAP target .timeline-item, .operation-row, .severity-card, .severity-legend-item not found. https://gsap.com
[2m16:06:34[22m [33m[1m[vite][22m[39m [33m[2m(client)[22m[39m [2m[console.warn] [22mGSAP target  not found. https://gsap.com
[2m16:06:34[22m [33m[1m[vite][22m[39m [33m[2m(client)[22m[39m [2m[console.warn] [22mGSAP target .severity-meter-fill not found. https://gsap.com
[2m16:06:34[22m [33m[1m[vite][22m[39m [33m[2m(client)[22m[39m [2m[console.warn] [22mGSAP target  not found. https://gsap.com
[2m16:06:34[22m [33m[1m[vite][22m[39m [33m[2m(client)[22m[39m [2m[console.warn] [22mGSAP target  not found. https://gsap.com
[2m16:06:34[22m [33m[1m[vite][22m[39m [33m[2m(client)[22m[39m [2m[console.warn] [22mGSAP target  not found. https://gsap.com
[2m16:06:37[22m [33m[1m[vite][22m[39m [33m[2m(client)[22m[39m [2m[console.warn] [22mGSAP target .timeline-item, .operation-row, .severity-card, .severity-legend-item not found. https://gsap.com
[2m16:06:37[22m [33m[1m[vite][22m[39m [33m[2m(client)[22m[39m [2m[console.warn] [22mGSAP target  not found. https://gsap.com
[2m16:06:37[22m [33m[1m[vite][22m[39m [33m[2m(client)[22m[39m [2m[console.warn] [22mGSAP target .severity-meter-fill not found. https://gsap.com
[2m16:06:37[22m [33m[1m[vite][22m[39m [33m[2m(client)[22m[39m [2m[console.warn] [22mGSAP target  not found. https://gsap.com
[2m16:06:37[22m [33m[1m[vite][22m[39m [33m[2m(client)[22m[39m [2m[console.warn] [22mGSAP target  not found. https://gsap.com
[2m16:06:37[22m [33m[1m[vite][22m[39m [33m[2m(client)[22m[39m [2m[console.warn] [22mGSAP target  not found. https://gsap.com
[2m16:06:37[22m [33m[1m[vite][22m[39m [33m[2m(client)[22m[39m [2m[console.warn] [22mGSAP target .timeline-item, .operation-row, .severity-card, .severity-legend-item not found. https://gsap.com
[2m16:06:37[22m [33m[1m[vite][22m[39m [33m[2m(client)[22m[39m [2m[console.warn] [22mGSAP target  not found. https://gsap.com
[2m16:06:37[22m [33m[1m[vite][22m[39m [33m[2m(client)[22m[39m [2m[console.warn] [22mGSAP target .severity-meter-fill not found. https://gsap.com
[2m16:06:37[22m [33m[1m[vite][22m[39m [33m[2m(client)[22m[39m [2m[console.warn] [22mGSAP target  not found. https://gsap.com
[2m16:06:37[22m [33m[1m[vite][22m[39m [33m[2m(client)[22m[39m [2m[console.warn] [22mGSAP target  not found. https://gsap.com
[2m16:06:38[22m [33m[1m[vite][22m[39m [33m[2m(client)[22m[39m [2m[console.warn] [22mGSAP target  not found. https://gsap.com
[2m16:06:53[22m [33m[1m[vite][22m[39m [33m[2m(client)[22m[39m [2m[console.warn] [22mGSAP target .timeline-item, .operation-row, .severity-card, .severity-legend-item not found. https://gsap.com
[2m16:06:53[22m [33m[1m[vite][22m[39m [33m[2m(client)[22m[39m [2m[console.warn] [22mGSAP target  not found. https://gsap.com
[2m16:06:53[22m [33m[1m[vite][22m[39m [33m[2m(client)[22m[39m [2m[console.warn] [22mGSAP target .severity-meter-fill not found. https://gsap.com
[2m16:06:53[22m [33m[1m[vite][22m[39m [33m[2m(client)[22m[39m [2m[console.warn] [22mGSAP target  not found. https://gsap.com
[2m16:06:53[22m [33m[1m[vite][22m[39m [33m[2m(client)[22m[39m [2m[console.warn] [22mGSAP target  not found. https://gsap.com
[2m16:06:53[22m [33m[1m[vite][22m[39m [33m[2m(client)[22m[39m [2m[console.warn] [22mGSAP target  not found. https://gsap.com
[2m16:06:53[22m [33m[1m[vite][22m[39m [33m[2m(client)[22m[39m [2m[console.warn] [22mGSAP target .timeline-item, .operation-row, .severity-card, .severity-legend-item not found. https://gsap.com
[2m16:06:53[22m [33m[1m[vite][22m[39m [33m[2m(client)[22m[39m [2m[console.warn] [22mGSAP target  not found. https://gsap.com
[2m16:06:53[22m [33m[1m[vite][22m[39m [33m[2m(client)[22m[39m [2m[console.warn] [22mGSAP target .severity-meter-fill not found. https://gsap.com
[2m16:06:53[22m [33m[1m[vite][22m[39m [33m[2m(client)[22m[39m [2m[console.warn] [22mGSAP target  not found. https://gsap.com
[2m16:06:54[22m [33m[1m[vite][22m[39m [33m[2m(client)[22m[39m [2m[console.warn] [22mGSAP target  not found. https://gsap.com
[2m16:06:54[22m [33m[1m[vite][22m[39m [33m[2m(client)[22m[39m [2m[console.warn] [22mGSAP target  not found. https://gsap.com
[2m16:06:57[22m [33m[1m[vite][22m[39m [33m[2m(client)[22m[39m [2m[console.warn] [22mGSAP target .timeline-item, .operation-row, .severity-card, .severity-legend-item not found. https://gsap.com
[2m16:06:57[22m [33m[1m[vite][22m[39m [33m[2m(client)[22m[39m [2m[console.warn] [22mGSAP target  not found. https://gsap.com
[2m16:06:57[22m [33m[1m[vite][22m[39m [33m[2m(client)[22m[39m [2m[console.warn] [22mGSAP target .severity-meter-fill not found. https://gsap.com
[2m16:06:57[22m [33m[1m[vite][22m[39m [33m[2m(client)[22m[39m [2m[console.warn] [22mGSAP target  not found. https://gsap.com
[2m16:06:57[22m [33m[1m[vite][22m[39m [33m[2m(client)[22m[39m [2m[console.warn] [22mGSAP target  not found. https://gsap.com
[2m16:06:57[22m [33m[1m[vite][22m[39m [33m[2m(client)[22m[39m [2m[console.warn] [22mGSAP target  not found. https://gsap.com
[2m16:06:57[22m [33m[1m[vite][22m[39m [33m[2m(client)[22m[39m [2m[console.warn] [22mGSAP target .timeline-item, .operation-row, .severity-card, .severity-legend-item not found. https://gsap.com
[2m16:06:57[22m [33m[1m[vite][22m[39m [33m[2m(client)[22m[39m [2m[console.warn] [22mGSAP target  not found. https://gsap.com
[2m16:06:57[22m [33m[1m[vite][22m[39m [33m[2m(client)[22m[39m [2m[console.warn] [22mGSAP target .severity-meter-fill not found. https://gsap.com
[2m16:06:57[22m [33m[1m[vite][22m[39m [33m[2m(client)[22m[39m [2m[console.warn] [22mGSAP target  not found. https://gsap.com
[2m16:06:57[22m [33m[1m[vite][22m[39m [33m[2m(client)[22m[39m [2m[console.warn] [22mGSAP target  not found. https://gsap.com
[2m16:06:57[22m [33m[1m[vite][22m[39m [33m[2m(client)[22m[39m [2m[console.warn] [22mGSAP target  not found. https://gsap.com
[2m16:07:04[22m [33m[1m[vite][22m[39m [33m[2m(client)[22m[39m [2m[console.warn] [22mGSAP target [data-gsap="reveal"] not found. https://gsap.com
[2m16:07:04[22m [33m[1m[vite][22m[39m [33m[2m(client)[22m[39m [2m[console.warn] [22mGSAP target  not found. https://gsap.com
[2m16:07:04[22m [33m[1m[vite][22m[39m [33m[2m(client)[22m[39m [2m[console.warn] [22mGSAP target .timeline-item, .operation-row, .severity-card, .severity-legend-item not found. https://gsap.com
[2m16:07:04[22m [33m[1m[vite][22m[39m [33m[2m(client)[22m[39m [2m[console.warn] [22mGSAP target  not found. https://gsap.com
[2m16:07:04[22m [33m[1m[vite][22m[39m [33m[2m(client)[22m[39m [2m[console.warn] [22mGSAP target .severity-meter-fill not found. https://gsap.com
[2m16:07:04[22m [33m[1m[vite][22m[39m [33m[2m(client)[22m[39m [2m[console.warn] [22mGSAP target  not found. https://gsap.com
[2m16:07:04[22m [33m[1m[vite][22m[39m [33m[2m(client)[22m[39m [2m[console.warn] [22mGSAP target  not found. https://gsap.com
[2m16:07:04[22m [33m[1m[vite][22m[39m [33m[2m(client)[22m[39m [2m[console.warn] [22mGSAP target  not found. https://gsap.com
[2m16:07:04[22m [33m[1m[vite][22m[39m [33m[2m(client)[22m[39m [2m[console.warn] [22mGSAP target  not found. https://gsap.com
[2m16:07:04[22m [33m[1m[vite][22m[39m [33m[2m(client)[22m[39m [2m[console.warn] [22mGSAP target [data-gsap="reveal"] not found. https://gsap.com
[2m16:07:04[22m [33m[1m[vite][22m[39m [33m[2m(client)[22m[39m [2m[console.warn] [22mGSAP target  not found. https://gsap.com
[2m16:07:04[22m [33m[1m[vite][22m[39m [33m[2m(client)[22m[39m [2m[console.warn] [22mGSAP target .timeline-item, .operation-row, .severity-card, .severity-legend-item not found. https://gsap.com
[2m16:07:04[22m [33m[1m[vite][22m[39m [33m[2m(client)[22m[39m [2m[console.warn] [22mGSAP target  not found. https://gsap.com
[2m16:07:04[22m [33m[1m[vite][22m[39m [33m[2m(client)[22m[39m [2m[console.warn] [22mGSAP target .severity-meter-fill not found. https://gsap.com
[2m16:07:04[22m [33m[1m[vite][22m[39m [33m[2m(client)[22m[39m [2m[console.warn] [22mGSAP target  not found. https://gsap.com
[2m16:07:04[22m [33m[1m[vite][22m[39m [33m[2m(client)[22m[39m [2m[console.warn] [22mGSAP target  not found. https://gsap.com
[2m16:07:04[22m [33m[1m[vite][22m[39m [33m[2m(client)[22m[39m [2m[console.warn] [22mGSAP target  not found. https://gsap.com
[2m16:07:04[22m [33m[1m[vite][22m[39m [33m[2m(client)[22m[39m [2m[console.warn] [22mGSAP target  not found. https://gsap.com
[2m16:07:08[22m [33m[1m[vite][22m[39m [33m[2m(client)[22m[39m [2m[console.warn] [22mGSAP target .timeline-item, .operation-row, .severity-card, .severity-legend-item not found. https://gsap.com
[2m16:07:08[22m [33m[1m[vite][22m[39m [33m[2m(client)[22m[39m [2m[console.warn] [22mGSAP target  not found. https://gsap.com
[2m16:07:08[22m [33m[1m[vite][22m[39m [33m[2m(client)[22m[39m [2m[console.warn] [22mGSAP target .severity-meter-fill not found. https://gsap.com
[2m16:07:08[22m [33m[1m[vite][22m[39m [33m[2m(client)[22m[39m [2m[console.warn] [22mGSAP target  not found. https://gsap.com
[2m16:07:08[22m [33m[1m[vite][22m[39m [33m[2m(client)[22m[39m [2m[console.warn] [22mGSAP target  not found. https://gsap.com
[2m16:07:08[22m [33m[1m[vite][22m[39m [33m[2m(client)[22m[39m [2m[console.warn] [22mGSAP target  not found. https://gsap.com
[2m16:07:08[22m [33m[1m[vite][22m[39m [33m[2m(client)[22m[39m [2m[console.warn] [22mGSAP target .timeline-item, .operation-row, .severity-card, .severity-legend-item not found. https://gsap.com
[2m16:07:08[22m [33m[1m[vite][22m[39m [33m[2m(client)[22m[39m [2m[console.warn] [22mGSAP target  not found. https://gsap.com
[2m16:07:08[22m [33m[1m[vite][22m[39m [33m[2m(client)[22m[39m [2m[console.warn] [22mGSAP target .severity-meter-fill not found. https://gsap.com
[2m16:07:08[22m [33m[1m[vite][22m[39m [33m[2m(client)[22m[39m [2m[console.warn] [22mGSAP target  not found. https://gsap.com
[2m16:07:08[22m [33m[1m[vite][22m[39m [33m[2m(client)[22m[39m [2m[console.warn] [22mGSAP target  not found. https://gsap.com
[2m16:07:08[22m [33m[1m[vite][22m[39m [33m[2m(client)[22m[39m [2m[console.warn] [22mGSAP target  not found. https://gsap.com
[2m16:07:09[22m [33m[1m[vite][22m[39m [33m[2m(client)[22m[39m [2m[console.warn] [22mGSAP target .timeline-item, .operation-row, .severity-card, .severity-legend-item not found. https://gsap.com
[2m16:07:09[22m [33m[1m[vite][22m[39m [33m[2m(client)[22m[39m [2m[console.warn] [22mGSAP target  not found. https://gsap.com
[2m16:07:09[22m [33m[1m[vite][22m[39m [33m[2m(client)[22m[39m [2m[console.warn] [22mGSAP target .severity-meter-fill not found. https://gsap.com
[2m16:07:09[22m [33m[1m[vite][22m[39m [33m[2m(client)[22m[39m [2m[console.warn] [22mGSAP target  not found. https://gsap.com
[2m16:07:09[22m [33m[1m[vite][22m[39m [33m[2m(client)[22m[39m [2m[console.warn] [22mGSAP target  not found. https://gsap.com
[2m16:07:09[22m [33m[1m[vite][22m[39m [33m[2m(client)[22m[39m [2m[console.warn] [22mGSAP target  not found. https://gsap.com
[2m16:07:09[22m [33m[1m[vite][22m[39m [33m[2m(client)[22m[39m [2m[console.warn] [22mGSAP target .timeline-item, .operation-row, .severity-card, .severity-legend-item not found. https://gsap.com
[2m16:07:09[22m [33m[1m[vite][22m[39m [33m[2m(client)[22m[39m [2m[console.warn] [22mGSAP target  not found. https://gsap.com
[2m16:07:09[22m [33m[1m[vite][22m[39m [33m[2m(client)[22m[39m [2m[console.warn] [22mGSAP target .severity-meter-fill not found. https://gsap.com
[2m16:07:09[22m [33m[1m[vite][22m[39m [33m[2m(client)[22m[39m [2m[console.warn] [22mGSAP target  not found. https://gsap.com
[2m16:07:09[22m [33m[1m[vite][22m[39m [33m[2m(client)[22m[39m [2m[console.warn] [22mGSAP target  not found. https://gsap.com
[2m16:07:10[22m [33m[1m[vite][22m[39m [33m[2m(client)[22m[39m [2m[console.warn] [22mGSAP target  not found. https://gsap.com
[2m16:07:10[22m [33m[1m[vite][22m[39m [33m[2m(client)[22m[39m [2m[console.warn] [22mGSAP target .timeline-item, .operation-row, .severity-card, .severity-legend-item not found. https://gsap.com
[2m16:07:10[22m [33m[1m[vite][22m[39m [33m[2m(client)[22m[39m [2m[console.warn] [22mGSAP target  not found. https://gsap.com
[2m16:07:10[22m [33m[1m[vite][22m[39m [33m[2m(client)[22m[39m [2m[console.warn] [22mGSAP target .severity-meter-fill not found. https://gsap.com
[2m16:07:10[22m [33m[1m[vite][22m[39m [33m[2m(client)[22m[39m [2m[console.warn] [22mGSAP target  not found. https://gsap.com
[2m16:07:10[22m [33m[1m[vite][22m[39m [33m[2m(client)[22m[39m [2m[console.warn] [22mGSAP target  not found. https://gsap.com
[2m16:07:10[22m [33m[1m[vite][22m[39m [33m[2m(client)[22m[39m [2m[console.warn] [22mGSAP target  not found. https://gsap.com
[2m16:07:10[22m [33m[1m[vite][22m[39m [33m[2m(client)[22m[39m [2m[console.warn] [22mGSAP target .timeline-item, .operation-row, .severity-card, .severity-legend-item not found. https://gsap.com
[2m16:07:10[22m [33m[1m[vite][22m[39m [33m[2m(client)[22m[39m [2m[console.warn] [22mGSAP target  not found. https://gsap.com
[2m16:07:10[22m [33m[1m[vite][22m[39m [33m[2m(client)[22m[39m [2m[console.warn] [22mGSAP target .severity-meter-fill not found. https://gsap.com
[2m16:07:10[22m [33m[1m[vite][22m[39m [33m[2m(client)[22m[39m [2m[console.warn] [22mGSAP target  not found. https://gsap.com
[2m16:07:11[22m [33m[1m[vite][22m[39m [33m[2m(client)[22m[39m [2m[console.warn] [22mGSAP target  not found. https://gsap.com
[2m16:07:11[22m [33m[1m[vite][22m[39m [33m[2m(client)[22m[39m [2m[console.warn] [22mGSAP target  not found. https://gsap.com
[2m16:07:15[22m [33m[1m[vite][22m[39m [33m[2m(client)[22m[39m [2m[console.warn] [22mGSAP target .timeline-item, .operation-row, .severity-card, .severity-legend-item not found. https://gsap.com
[2m16:07:15[22m [33m[1m[vite][22m[39m [33m[2m(client)[22m[39m [2m[console.warn] [22mGSAP target  not found. https://gsap.com
[2m16:07:15[22m [33m[1m[vite][22m[39m [33m[2m(client)[22m[39m [2m[console.warn] [22mGSAP target .severity-meter-fill not found. https://gsap.com
[2m16:07:15[22m [33m[1m[vite][22m[39m [33m[2m(client)[22m[39m [2m[console.warn] [22mGSAP target  not found. https://gsap.com
[2m16:07:15[22m [33m[1m[vite][22m[39m [33m[2m(client)[22m[39m [2m[console.warn] [22mGSAP target  not found. https://gsap.com
[2m16:07:15[22m [33m[1m[vite][22m[39m [33m[2m(client)[22m[39m [2m[console.warn] [22mGSAP target  not found. https://gsap.com
[2m16:07:15[22m [33m[1m[vite][22m[39m [33m[2m(client)[22m[39m [2m[console.warn] [22mGSAP target .timeline-item, .operation-row, .severity-card, .severity-legend-item not found. https://gsap.com
[2m16:07:15[22m [33m[1m[vite][22m[39m [33m[2m(client)[22m[39m [2m[console.warn] [22mGSAP target  not found. https://gsap.com
[2m16:07:15[22m [33m[1m[vite][22m[39m [33m[2m(client)[22m[39m [2m[console.warn] [22mGSAP target .severity-meter-fill not found. https://gsap.com
[2m16:07:15[22m [33m[1m[vite][22m[39m [33m[2m(client)[22m[39m [2m[console.warn] [22mGSAP target  not found. https://gsap.com
[2m16:07:15[22m [33m[1m[vite][22m[39m [33m[2m(client)[22m[39m [2m[console.warn] [22mGSAP target  not found. https://gsap.com
[2m16:07:15[22m [33m[1m[vite][22m[39m [33m[2m(client)[22m[39m [2m[console.warn] [22mGSAP target  not found. https://gsap.com
[2m20:20:20[22m [33m[1m[vite][22m[39m [33m[2m(client)[22m[39m [2m[console.warn] [22mThe width(-1) and height(-1) of chart should be greater than 0,
       please check the style of container, or the props width(100%) and height(100%),
       or add a minWidth(0) or minHeight(undefined) or use aspect(undefined) to control the
       height and width.
[2m20:20:20[22m [33m[1m[vite][22m[39m [33m[2m(client)[22m[39m [2m[console.warn] [22mThe width(-1) and height(-1) of chart should be greater than 0,
       please check the style of container, or the props width(100%) and height(100%),
       or add a minWidth(0) or minHeight(undefined) or use aspect(undefined) to control the
       height and width.
[2m20:20:20[22m [33m[1m[vite][22m[39m [33m[2m(client)[22m[39m [2m[console.warn] [22mThe width(-1) and height(-1) of chart should be greater than 0,
       please check the style of container, or the props width(100%) and height(100%),
       or add a minWidth(0) or minHeight(undefined) or use aspect(undefined) to control the
       height and width.
[2m20:20:20[22m [33m[1m[vite][22m[39m [33m[2m(client)[22m[39m [2m[console.warn] [22mThe width(-1) and height(-1) of chart should be greater than 0,
       please check the style of container, or the props width(100%) and height(100%),
       or add a minWidth(0) or minHeight(undefined) or use aspect(undefined) to control the
       height and width.
[2m20:20:20[22m [33m[1m[vite][22m[39m [33m[2m(client)[22m[39m [2m[console.warn] [22mGSAP target .severity-meter-fill not found. https://gsap.com
[2m20:20:20[22m [33m[1m[vite][22m[39m [33m[2m(client)[22m[39m [2m[console.warn] [22mGSAP target  not found. https://gsap.com
[2m20:20:20[22m [33m[1m[vite][22m[39m [33m[2m(client)[22m[39m [2m[console.warn] [22mGSAP target  not found. https://gsap.com
[2m20:20:20[22m [33m[1m[vite][22m[39m [33m[2m(client)[22m[39m [2m[console.warn] [22mGSAP target .severity-meter-fill not found. https://gsap.com
[2m20:20:20[22m [33m[1m[vite][22m[39m [33m[2m(client)[22m[39m [2m[console.warn] [22mGSAP target  not found. https://gsap.com
[2m20:20:20[22m [33m[1m[vite][22m[39m [33m[2m(client)[22m[39m [2m[console.warn] [22mGSAP target  not found. https://gsap.com
